ID,Easting,Northing,Latitude(DDD.DDDD),Longitude(DDD.DDDD)
2,843622,813951,22.264360810,114.248224081
3,843333,814109,22.265788861,114.245420851
4,842947,814013,22.264923457,114.241675379
5,842646,813814,22.263127497,114.238754226
6,842419,813736,22.262423931,114.236551555
7,842246,813653,22.261674995,114.234872795
8,842182,813741,22.262469913,114.234252192
9,842149,813996,22.264772842,114.233932959
10,842092,814350,22.267969885,114.233381219
11,842111,814519,22.269496000,114.233566180
12,842016,814846,22.272449340,114.232645612
13,841835,815086,22.274617288,114.230890252
15,836740,815798,22.281056037,114.181454315
16,836554,815722,22.280369750,114.179649484
17,831457,840927,22.507977034,114.130115928
18,836068,815612,22.279376393,114.174933707
19,835644,815588,22.279159558,114.170819557
20,831231,841090,22.509448334,114.127918899
21,834543,815898,22.281958309,114.160136014
22,834350,815826,22.281307900,114.158263347
23,834272,816048,22.283312612,114.157506211
24,834053,816219,22.284856584,114.155380914
26,834105,816179,22.284495424,114.155885554
27,834210,816042,22.283258356,114.156904603
28,834453,815978,22.282680667,114.159262619
30,835508,815645,22.279674250,114.169499897
31,835876,815624,22.279484729,114.173070688
32,836178,815914,22.282103655,114.176001043
33,841864,815086,22.274617194,114.231171636
35,842077,814745,22.271537041,114.233237113
36,842120,814412,22.268529690,114.233653113
40,842454,813774,22.262766970,114.236891272
42,842822,813944,22.264300822,114.240462322
43,842938,814035,22.265122166,114.241588151
46,843941,813766,22.262688751,114.251318186
48,842527,814357,22.268031575,114.237601796
49,838171,816605,22.288342768,114.195340726
50,838176,816468,22.287105566,114.195389082
51,838202,816314,22.285714820,114.195641193
53,838257,816249,22.285127766,114.196174812
54,838344,816464,22.287069249,114.197019304
55,838534,816486,22.287267683,114.198863045
56,838719,816423,22.286698500,114.200658142
57,838533,816074,22.283547064,114.198852759
58,838899,816952,22.291475436,114.202405679
59,838593,816885,22.290870825,114.199436146
60,838426,816849,22.290545940,114.197815530
61,838144,816768,22.289814790,114.195078914
62,837997,816589,22.288198462,114.193652243
63,837926,816216,22.284830107,114.192962886
64,837519,815698,22.280152582,114.189013123
66,836954,815055,22.274346199,114.183530506
67,837084,814626,22.270471994,114.184791658
68,836873,814582,22.270074733,114.182744395
69,836648,814737,22.271474549,114.180561355
74,842066,814511,22.269423907,114.233129538
75,841770,813828,22.263256943,114.230255252
79,840455,809885,22.227652689,114.217486725
80,840245,809624,22.225296174,114.215449155
82,840003,808944,22.219155838,114.213100303
84,840413,808669,22.216671459,114.217076206
87,840408,808664,22.216626318,114.217027699
89,839812,809248,22.221901574,114.211248453
90,840037,809489,22.224077497,114.213431348
91,840287,809675,22.225756643,114.215856661
93,841003,810754,22.235498943,114.222804687
94,840919,811582,22.242976575,114.221992268
95,842317,818753,22.307730952,114.235580877
96,841814,813923,22.264114714,114.230682472
97,842030,814469,22.269044740,114.232780097
99,842212,814010,22.264899055,114.234544249
100,841456,815393,22.277390877,114.227213857
101,841339,815568,22.278971587,114.226079152
102,841068,815761,22.280715276,114.223450170
103,840787,816064,22.283452318,114.220724398
104,840383,816178,22.284482822,114.216804484
105,840136,816189,22.284582732,114.214407732
106,839887,816206,22.284736794,114.211991584
107,839712,816444,22.286886443,114.210293970
108,839610,816779,22.289911904,114.209304889
109,839464,816950,22.291456418,114.207888457
110,839316,816998,22.291890157,114.206452350
111,839052,816988,22.291800298,114.203890459
112,838777,816927,22.291249853,114.201221747
113,836954,815681,22.279999380,114.183530775
116,836443,815498,22.278346902,114.178572395
118,836177,815437,22.277796040,114.175991365
119,835979,815415,22.277597345,114.174070156
120,835770,815394,22.277407654,114.172042219
121,835689,815400,22.277461813,114.171256268
122,835057,815462,22.278021387,114.165123880
124,833936,816300,22.285587911,114.154245478
125,833502,816629,22.288558347,114.150033535
127,833903,816342,22.285967152,114.153925196
128,834512,815761,22.280721080,114.159835358
129,834606,815696,22.280134182,114.160747535
130,834958,815533,22.278662490,114.164163214
131,835515,815439,22.277813941,114.169567915
132,835952,815436,22.277786984,114.173808169
133,836202,815464,22.278039869,114.176233942
134,836298,815477,22.278157268,114.177165441
135,836643,815593,22.279204780,114.180513045
136,837048,815708,22.280243167,114.184442894
137,837583,815779,22.280884016,114.189634199
139,837920,816521,22.287584455,114.192904980
140,838144,816797,22.290076678,114.195078948
141,838430,816875,22.290780731,114.197854381
142,838780,816951,22.291466583,114.201250897
143,838903,816977,22.291701196,114.202444536
144,839307,817023,22.292115938,114.206365061
146,839665,816681,22.289026795,114.209838398
147,839820,816304,22.285621935,114.211341661
148,840107,816212,22.284790501,114.214126384
149,840309,816209,22.284762947,114.216086499
151,840885,815970,22.282603178,114.221675069
152,841084,815772,22.280814568,114.223605455
155,842217,813970,22.264537812,114.234592612
156,842460,814004,22.264843998,114.236950372
157,843166,814251,22.267071889,114.243801184
159,843708,813805,22.263041967,114.249057790
161,843014,814319,22.267686574,114.242326713
163,833926,816392,22.286418715,114.154148307
166,842849,815253,22.276121831,114.240729649
167,842716,815421,22.277639481,114.239439829
169,841886,815765,22.280748925,114.231387477
170,841894,815555,22.278852466,114.231464367
171,841899,815422,22.277651375,114.231512416
172,841862,815251,22.276107256,114.231152805
173,840926,815874,22.281736127,114.222072630
174,840890,816049,22.283316585,114.221723814
175,841067,816147,22.284201103,114.223441622
176,841074,816036,22.283198683,114.223509214
178,838672,816950,22.291457707,114.200202859
179,838824,817153,22.293290704,114.201678197
180,840458,816272,22.285331521,114.217532496
181,840970,815943,22.282359121,114.222499781
182,841852,815238,22.275989890,114.231055730
183,841886,815478,22.278157133,114.231386472
185,841886,815796,22.281028875,114.231387586
187,842109,815991,22.282789106,114.233552135
188,842901,815158,22.275263721,114.241233811
190,842760,814619,22.270396743,114.239863519
193,835646,819170,22.311507243,114.170837585
194,835605,819401,22.313593297,114.170439567
197,835121,820596,22.324384605,114.165741220
199,834678,821204,22.329874850,114.161440721
203,834518,821334,22.331048670,114.159887509
204,834324,821654,22.333938248,114.158004007
205,834301,821806,22.335310869,114.157780560
206,834566,821817,22.335410488,114.160352921
207,834659,821424,22.331861560,114.161256074
208,834829,821264,22.330416817,114.162906378
209,835033,821091,22.328854684,114.164886684
210,835182,820969,22.327753053,114.166333054
211,835378,820715,22.325459396,114.168235677
212,835419,820487,22.323400443,114.168633759
214,835626,819406,22.313638458,114.170643382
216,835700,818992,22.309899814,114.171361740
219,836652,818079,22.301654916,114.180600976
220,837237,816134,22.284090121,114.186277069
221,837734,816322,22.285787528,114.191099896
222,837996,816726,22.289435659,114.193642688
223,838129,816883,22.290853328,114.194933489
228,838246,816809,22.290184931,114.196068765
230,836492,815437,22.277796027,114.179047840
231,836189,815327,22.276802670,114.176107807
232,835728,815508,22.278437135,114.171634652
233,835144,815556,22.278870325,114.165967985
234,836064,815391,22.277380621,114.174894921
235,836292,815366,22.277154867,114.177107220
236,836501,815449,22.277904394,114.179135170
237,836801,815358,22.277082538,114.182046070
238,837047,815413,22.277579129,114.184433047
240,834528,816347,22.286013048,114.159989977
241,834511,816209,22.284766804,114.159825166
244,834570,815420,22.277641690,114.160398509
245,834272,815291,22.276476420,114.157507150
246,833932,815614,22.279392890,114.154207660
247,833693,815831,22.281352199,114.151888246
248,833436,816000,22.282877974,114.149394190
249,833286,816027,22.283121548,114.147938623
250,833382,815997,22.282850792,114.148870210
252,833572,815779,22.280882421,114.150714229
253,833835,815532,22.278652244,114.153266573
254,834007,815242,22.276033592,114.154935923
255,834292,815406,22.277514966,114.157701069
256,834495,815491,22.278282791,114.159670700
257,834437,815669,22.279890184,114.159107716
258,834268,815892,22.281903829,114.157467591
259,834501,816238,22.285028682,114.159728098
261,834125,815841,22.281443095,114.156080076
262,833930,815954,22.282463304,114.154187759
263,833939,815896,22.281939539,114.154275174
264,833971,815683,22.280016056,114.154585986
265,832968,816215,22.284818729,114.144852537
266,832905,816142,22.284159371,114.144241364
267,832829,816113,22.283897333,114.143503958
268,832983,816170,22.284412379,114.144998182
269,833170,815966,22.282570475,114.146813139
270,833244,815926,22.282209381,114.147531268
271,833558,815744,22.280566327,114.150578442
274,835989,816137,22.284117467,114.174167064
276,836751,815638,22.279611132,114.181561003
277,837142,815686,22.280044448,114.185354989
279,837660,815504,22.278400530,114.190381114
280,837992,815357,22.277072725,114.193602397
282,838031,815887,22.281858923,114.193981400
283,838143,816113,22.283899728,114.195068442
284,838095,816208,22.284757690,114.194602782
285,838228,816499,22.287385457,114.195893714
286,838437,816583,22.288143779,114.197921913
287,838660,816583,22.288143484,114.200085862
288,838908,816647,22.288721081,114.202492512
289,838612,816266,22.285280840,114.199619615
291,838599,816248,22.285118306,114.199493442
292,838548,816462,22.287050930,114.198998863
293,838382,816481,22.287222724,114.197388069
294,838321,816399,22.286482286,114.196796035
295,838234,816214,22.284811721,114.195951586
296,838179,816503,22.287421635,114.195418235
297,837735,816061,22.283430532,114.191109360
300,837994,815807,22.281136510,114.193622288
301,837997,815555,22.278860786,114.193651126
304,837697,815460,22.278003151,114.190740091
306,832399,813206,22.257644334,114.139338441
307,832242,813359,22.259025667,114.137814891
308,832243,813018,22.255946214,114.137825446
309,832551,812615,22.252307545,114.140814465
310,833337,812297,22.249437303,114.148440295
312,834349,812084,22.247515188,114.158258102
313,834784,812219,22.248734756,114.162477916
315,836149,812357,22.249981618,114.175719897
316,836617,815262,22.276215644,114.180260689
318,835455,815421,22.277651363,114.168985738
319,834749,815623,22.279475077,114.162135170
320,834090,816113,22.283899384,114.155740090
321,833903,816159,22.284314547,114.153925465
322,833627,816174,22.284449606,114.151247262
323,833405,816344,22.285984460,114.149092771
324,833015,816415,22.286624944,114.145308200
325,832755,816438,22.286832139,114.142785187
326,832628,816446,22.286904121,114.141552797
327,832463,816288,22.285476926,114.139952057
328,832016,816082,22.283615573,114.135615083
329,831785,816096,22.283741417,114.133373536
330,831678,815866,22.281664090,114.132335919
331,831554,815489,22.278259207,114.131133808
332,831467,814960,22.273481759,114.130291217
334,831503,814533,22.269625773,114.130641783
335,831695,814234,22.266926128,114.132505519
336,831822,813949,22.264352724,114.133738505
337,832020,813745,22.262510969,114.135660072
338,832109,813547,22.260723116,114.136524066
340,832308,812997,22.255756720,114.138456101
341,832074,813525,22.260524356,114.136184556
343,831776,813980,22.264632555,114.133292119
344,831639,814277,22.267314297,114.131962064
345,831507,814463,22.268993639,114.130680801
346,831426,815011,22.273942207,114.129893249
347,831534,815497,22.278331397,114.130939722
348,831673,815920,22.282151731,114.132287248
349,831743,816083,22.283623909,114.132966026
350,831934,816163,22.284346850,114.134819178
351,832308,816266,22.285277903,114.138448049
352,832424,816369,22.286208320,114.139573422
353,832509,816566,22.287987541,114.140397773
354,832646,816570,22.288023957,114.141727184
355,832883,816562,22.287952193,114.144027001
356,833118,816546,22.287808147,114.146307425
359,834216,816529,22.287656280,114.156962203
360,834549,816423,22.286699397,114.160193673
362,835776,815299,22.276549745,114.172100466
364,836256,815346,22.276974254,114.176757910
365,836651,815181,22.275484154,114.180590571
366,836121,812332,22.249755849,114.175448266
369,834849,812181,22.248391645,114.163108520
371,834067,812035,22.247072349,114.155522485
372,833753,812133,22.247956928,114.152476225
375,832217,813023,22.255991306,114.137573192
377,832451,816153,22.284257764,114.139835934
378,832597,816220,22.284863133,114.141252498
379,833959,816435,22.286807077,114.154468467
380,832693,816173,22.284438895,114.142184146
381,832324,816133,22.284076866,114.138603634
382,831820,816389,22.286387482,114.133712348
384,831882,816481,22.287218458,114.134313725
385,832179,816467,22.287092759,114.137195772
388,834528,815850,22.281524823,114.159990515
389,835664,815426,22.277696601,114.171013681
392,831505,816084,22.283632299,114.130656591
393,831204,815956,22.282475522,114.127736243
394,830926,815909,22.282050244,114.125038850
395,830685,815906,22.282022389,114.122700345
396,830929,815925,22.282194743,114.125067907
398,831455,816162,22.284336550,114.130171183
399,831546,816244,22.285077313,114.131053964
400,831642,816380,22.286305738,114.131985118
401,834853,815649,22.279709961,114.163144281
403,840363,808207,22.212499391,114.216590086
406,840122,809573,22.224835888,114.214255998
407,839531,809430,22.223545716,114.208523335
408,838976,809685,22.225849504,114.203140621
409,838621,810750,22.235467711,114.199698853
411,838154,811089,22.238529688,114.195169268
412,837896,810961,22.237374023,114.192666438
413,837563,810986,22.237600073,114.189436255
416,836372,811920,22.246035214,114.177883230
417,836192,812151,22.248121302,114.176137057
418,836447,815102,22.274770767,114.178611163
419,836206,815108,22.274824960,114.176272767
420,835829,815076,22.274535926,114.172614786
422,835381,815372,22.277208825,114.168267737
425,835343,815417,22.277615184,114.167898995
426,835579,815250,22.276107177,114.170188994
427,835733,815147,22.275177075,114.171683287
429,836267,815147,22.275177156,114.176864643
430,836212,812208,22.248636051,114.176331076
431,836459,811893,22.245791378,114.178727206
434,837584,810983,22.237572965,114.189639959
435,837930,811074,22.238394458,114.192996365
436,838169,811099,22.238619978,114.195314786
437,838522,811080,22.238447970,114.198738999
440,838960,809774,22.226653261,114.202985578
441,839614,809608,22.225153021,114.209328752
443,839931,809565,22.224764058,114.212403385
444,840070,809565,22.224763757,114.213751607
446,839863,809163,22.221133859,114.211742924
448,840364,808229,22.212698065,114.216599841
449,833595,811729,22.244308298,114.150944131
450,834030,811615,22.243279418,114.155164132
451,834181,811654,22.243631803,114.156628889
452,834169,811633,22.243442144,114.156512508
453,834014,811584,22.242999446,114.155008963
454,833471,811704,22.244082335,114.149741277
457,833413,811575,22.242917283,114.149178861
458,833194,811602,22.243160737,114.147054358
462,834442,812085,22.247524319,114.159160294
467,834927,815647,22.279691959,114.163862321
468,835073,815529,22.278626451,114.165279080
469,836724,815502,22.278382972,114.181298977
471,833052,816228,22.284936286,114.145667611
472,833235,816085,22.283645236,114.147443637
473,833382,816029,22.283139773,114.148870152
474,833589,815947,22.282399594,114.150878906
475,833886,812340,22.249826465,114.153766157
476,834094,812205,22.248607598,114.155784182
481,837646,815572,22.279014624,114.190245329
482,834318,811455,22.241834858,114.157958131
483,834154,811330,22.240705830,114.156367394
484,833993,811413,22.241455173,114.154805490
486,836576,815179,22.275466108,114.179862850
487,835967,812090,22.247570407,114.173954332
489,832134,812792,22.253905027,114.136768554
490,832054,812666,22.252766970,114.135992768
491,832110,812489,22.251168677,114.136536502
493,835581,812384,22.250225315,114.170209617
495,832311,812547,22.251692928,114.138486312
496,832193,812461,22.250916016,114.137341777
497,832055,812580,22.251990335,114.136002694
498,832026,812737,22.253408078,114.135720942
499,832077,812563,22.251836867,114.136216167
501,832243,813366,22.259088884,114.137824575
502,832460,813137,22.257021354,114.139930409
503,832460,812947,22.255305528,114.139930858
505,834050,812084,22.247514831,114.155357501
506,834156,816205,22.284730284,114.156380402
507,833231,816405,22.286535031,114.147404219
508,832936,816453,22.286967957,114.144541529
510,834383,816247,22.285109833,114.158583063
511,833216,812202,22.248579180,114.147266637
512,832930,812203,22.248587683,114.144492126
513,832486,812319,22.249634327,114.140184574
514,832915,812211,22.248659899,114.144346593
517,815901,827545,22.387017445,113.979097789
518,834939,815587,22.279150130,114.163978809
520,836536,814448,22.268864712,114.179474608
521,836815,814368,22.268142194,114.182181573
523,837822,813460,22.259941742,114.191951038
526,836702,812827,22.254225981,114.181084777
527,836036,812433,22.250667938,114.174623653
528,835902,812349,22.249909339,114.173323708
529,835314,812258,22.249087325,114.167619472
530,834106,812322,22.249664202,114.155900438
531,834179,812525,22.251497517,114.156608359
532,834311,812575,22.251949205,114.157888867
535,834192,812191,22.248481289,114.156734906
536,834234,812365,22.250052676,114.157142131
538,836016,812437,22.250704058,114.174429628
539,836730,812839,22.254334341,114.181356422
540,837104,812823,22.254189709,114.184984766
541,837881,813191,22.257512440,114.192523177
545,836791,814234,22.266932094,114.181948670
546,836790,814378,22.268232508,114.181939015
547,836586,814420,22.268611846,114.179959727
548,836427,814600,22.270237385,114.178417054
550,841571,815508,22.278429050,114.228330090
551,841354,815371,22.277192507,114.226224075
552,841388,815248,22.276081638,114.226553586
553,841074,815381,22.277283617,114.223507250
554,840737,815567,22.278964223,114.220237838
555,840494,815689,22.280066574,114.217880289
556,840672,815772,22.280815671,114.219607695
557,840763,815866,22.281664315,114.220490959
558,833430,812343,22.249852869,114.149342420
559,833461,812433,22.250665680,114.149642999
560,833253,812403,22.250394410,114.147625201
562,840797,815767,22.280770193,114.220820594
563,840684,815714,22.280291863,114.219723975
564,840546,815612,22.279371086,114.218384652
565,840841,815610,22.279352267,114.221247091
567,841302,815199,22.275639390,114.225718976
568,841329,815396,22.277418347,114.225981577
571,837354,814226,22.266859584,114.187411086
572,837259,814382,22.268268424,114.186489460
573,837087,814454,22.268918721,114.184820678
582,837823,815105,22.274797164,114.191962338
583,837774,815338,22.276901347,114.191487115
585,838159,815260,22.276196577,114.195222691
586,837143,815661,22.279818681,114.185364678
587,836305,815454,22.277949563,114.177233362
588,834184,816170,22.284414246,114.156652147
589,834351,815852,22.281542697,114.158273019
591,837960,815201,22.275663976,114.193291735
592,837809,815195,22.275609934,114.191826584
593,837874,815063,22.274417830,114.192457143
594,837923,814972,22.273595995,114.192932489
595,838045,814974,22.273613934,114.194116233
597,838010,814846,22.272458048,114.193776496
598,838101,814668,22.270850498,114.194659240
599,838084,814513,22.269450765,114.194494120
604,834138,815219,22.275826053,114.156207043
605,834240,815197,22.275627502,114.157196772
606,834326,815176,22.275437957,114.158031251
607,834453,815170,22.275383911,114.159263530
608,834662,815173,22.275411210,114.161291439
609,834442,815269,22.276277933,114.159156686
610,837732,815851,22.281534101,114.191080057
611,833832,816223,22.284892409,114.153236417
612,832435,816429,22.286750182,114.139680019
613,831987,816350,22.286035710,114.135332967
616,834737,815709,22.280251701,114.162018649
617,835963,815071,22.274490801,114.173914971
618,836438,815125,22.274978473,114.178523839
619,837506,815357,22.277073143,114.188886717
620,837220,815191,22.275574239,114.186111547
621,833654,816413,22.286607968,114.151508870
623,833159,816526,22.287627609,114.146705318
624,833031,816538,22.287735741,114.145463211
625,832655,816551,22.287852394,114.141814561
626,832273,816476,22.287174255,114.138107901
627,832071,816416,22.286631938,114.136147902
628,831619,816291,22.285501951,114.131762191
629,831467,816152,22.284246277,114.130287655
632,837628,815118,22.274914728,114.190070285
633,837692,816362,22.286148789,114.190692378
635,837836,815790,22.280983141,114.192089146
636,837797,815580,22.279086742,114.191710516
637,831718,816377,22.286278849,114.132722606
638,830154,815221,22.275834605,114.117550456
639,830142,815228,22.275897777,114.117433994
640,830179,815576,22.279040569,114.117791685
641,830350,815781,22.280892444,114.119450172
644,830481,815792,22.280992225,114.120721266
645,830277,815714,22.280287140,114.118742081
646,830183,815536,22.278679358,114.117830649
647,834658,815898,22.281958420,114.161251902
648,837925,812549,22.251714711,114.192949388
649,837769,811890,22.245763641,114.191435368
650,837530,811290,22.240345425,114.189116383
652,837701,811672,22.243795011,114.190775513
653,837881,812691,22.252997108,114.192522674
657,837937,816359,22.286121476,114.193069775
658,836900,815878,22.281778436,114.183006878
659,834043,811317,22.240588292,114.155290652
661,837845,816274,22.285353959,114.192176953
662,837824,814941,22.273316137,114.191971881
663,837851,814809,22.272124067,114.192233726
664,837769,814664,22.270814697,114.191437968
665,837614,814385,22.268295274,114.189933828
666,837688,814113,22.265838877,114.190651567
667,837663,813748,22.262542708,114.190408693
668,831961,812748,22.253507255,114.135090321
670,837687,813760,22.262651057,114.190641552
672,838366,816988,22.291801271,114.197233473
673,832826,816164,22.284357889,114.143474738
674,833911,815694,22.280115313,114.154003775
675,834406,815831,22.281353114,114.158806728
677,830421,814903,22.272963787,114.120142302
678,830801,814841,22.272405132,114.123829561
679,831052,814931,22.273218666,114.126264652
681,830978,814589,22.270129961,114.125547772
682,831141,814380,22.268243048,114.127129956
683,831223,814207,22.266680987,114.127926098
684,831381,814261,22.267169096,114.129458902
685,831676,813869,22.263629890,114.132322217
686,832073,812905,22.254925345,114.136176471
687,832289,812731,22.253354520,114.138272428
688,831797,813451,22.259855393,114.133497335
689,831902,813048,22.256216306,114.134517124
691,831763,813673,22.261860111,114.133166850
692,831599,813896,22.263873511,114.131575076
694,831178,814272,22.267267847,114.127489288
695,831055,814451,22.268883966,114.126295317
696,830968,814614,22.270355697,114.125450664
697,831104,814712,22.271241112,114.126769900
698,830958,814889,22.272839093,114.125352729
700,831818,813662,22.261760916,114.133700490
703,836143,812225,22.248789569,114.175661700
706,841119,819355,22.313171168,114.223955921
707,840342,819666,22.315981700,114.216415512
708,839036,827530,22.387000607,114.203753466
709,838905,827432,22.386115823,114.202481208
711,840128,820635,22.324732837,114.214340824
712,840659,819577,22.315177197,114.219491984
716,838593,810883,22.236668831,114.199427441
718,836267,821930,22.336431781,114.176864659
719,839043,827561,22.387280541,114.203821495
721,838842,827696,22.388499975,114.201869868
723,836160,817725,22.298458119,114.175826265
724,835327,818303,22.303677563,114.167742061
725,835306,820365,22.322298651,114.167537027
726,835494,819389,22.313484884,114.169362255
734,834927,815506,22.278418639,114.163862439
736,838586,817033,22.292207367,114.199368432
738,836821,815347,22.276983194,114.182240127
739,832488,822005,22.337104929,114.140181176
740,833731,822176,22.338651437,114.152246945
741,834105,821866,22.335852469,114.155877893
742,834323,821788,22.335148344,114.157994137
743,834570,821478,22.332349126,114.160392109
744,835597,819558,22.315011098,114.170361858
745,835652,819264,22.312356122,114.170895781
746,837358,815682,22.280008202,114.187450888
747,841568,815782,22.280903453,114.228301886
748,840810,816034,22.283181338,114.220947493
749,839790,816299,22.285576844,114.211050541
751,835499,819956,22.318605235,114.169410512
752,835431,820306,22.321765911,114.168750328
754,835171,820947,22.327554373,114.166226297
756,834770,821282,22.330579317,114.162333664
757,834090,821844,22.335653778,114.155732317
758,833931,821979,22.336872697,114.154188692
760,833229,821983,22.336907724,114.147374247
768,836499,821851,22.335718349,114.179116705
770,836425,820504,22.323554162,114.178398244
773,836192,819280,22.312500719,114.176136741
774,836217,818905,22.309114243,114.176379389
775,836595,818610,22.306450183,114.180047915
776,835917,815586,22.279141573,114.173468528
777,834159,815542,22.278742976,114.156410382
778,834441,815760,22.280711976,114.159146425
779,836189,818962,22.309628987,114.176107639
780,836253,819369,22.313304444,114.176728775
781,836416,819814,22.317323054,114.178310822
782,836143,819998,22.318984686,114.175661118
783,836396,820504,22.323554165,114.178116763
785,836452,821449,22.332088062,114.178660424
786,836631,821667,22.334056700,114.180398000
787,836726,821731,22.334634634,114.181320182
788,836758,822098,22.337948846,114.181630920
790,837251,822079,22.337777053,114.186416583
793,837643,822908,22.345263125,114.190222537
794,839455,820336,22.322034071,114.207807864
795,839560,820394,22.322557647,114.208827129
797,839487,821179,22.329646796,114.208120158
798,839355,821309,22.330821013,114.206839128
801,839357,821508,22.332618095,114.206858926
804,837428,820447,22.323039032,114.188133577
806,837340,819403,22.313611148,114.187278728
807,837227,819212,22.311886370,114.186181884
808,837070,818963,22.309637830,114.184658003
813,836690,815389,22.277362519,114.180969040
817,837358,820061,22.319553269,114.187453878
818,837461,820570,22.324149772,114.188453975
820,837838,821078,22.328737006,114.192113748
822,838572,821684,22.334208710,114.199239277
823,839391,821570,22.333177930,114.207189081
824,839227,820999,22.328021758,114.205596089
825,839270,821370,22.331372029,114.206014168
826,839517,821068,22.328644344,114.208411133
828,834191,821616,22.333594931,114.156713028
829,834209,821391,22.331563072,114.156888042
830,834605,821057,22.328547285,114.160732285
833,835178,820579,22.324231122,114.166294492
836,836925,815548,22.278798316,114.183249326
837,836852,815275,22.276332978,114.182540895
838,834929,820886,22.327003337,114.163877366
839,834931,820993,22.327969611,114.163896690
843,836455,822561,22.342130061,114.178689678
845,836650,825219,22.366133246,114.180583291
846,836538,825683,22.370323438,114.179495940
847,836612,825986,22.373059677,114.180214508
849,837244,826147,22.374513349,114.186351128
850,837792,826334,22.376201658,114.191672270
851,838120,826464,22.377375303,114.194857269
852,838145,826759,22.380039282,114.195100366
853,837414,827147,22.383543771,114.188002512
854,838212,826731,22.379786352,114.195750913
856,837841,826260,22.375533354,114.192147982
857,837336,826131,22.374368805,114.187244418
858,837009,826129,22.374350917,114.184069320
859,836580,825686,22.370350523,114.179903739
863,836437,819785,22.317061164,114.178514641
864,836276,819331,22.312961281,114.176952003
865,833380,822006,22.337115687,114.148839989
866,835509,819900,22.318099526,114.169507598
867,836068,815357,22.277073580,114.174933738
868,836989,826159,22.374621842,114.183875138
869,838206,827039,22.382567761,114.195693027
870,838457,827315,22.385059883,114.198130703
873,838982,827499,22.386720747,114.203229038
874,838462,827278,22.384725747,114.198179205
875,838183,826966,22.381908559,114.195469602
876,838140,826452,22.377266915,114.195051455
877,835802,815571,22.279006086,114.172352666
879,835451,834824,22.452870994,114.168937053
880,835296,834703,22.451778229,114.167431265
881,835252,834426,22.449276769,114.167003975
883,835911,834128,22.446585958,114.173406215
884,839949,826440,22.377155618,114.212616773
885,842118,817956,22.300534246,114.233646639
886,834209,816016,22.283023558,114.156894933
891,836214,815783,22.280920643,114.176350369
892,835872,834105,22.446378249,114.173027343
894,835367,834289,22.448039662,114.168121275
895,835261,834521,22.450134667,114.167091350
896,835282,834713,22.451868526,114.167295247
898,838148,814563,22.269902229,114.195115140
901,838776,816467,22.287095766,114.201211322
902,838866,816532,22.287682623,114.202084764
903,839430,816737,22.289532958,114.207558099
904,838976,817119,22.292983431,114.203153172
909,811128,817651,22.297606521,113.932904699
911,834513,818366,22.304245856,114.159842219
912,840643,816502,22.287408105,114.219328292
914,843834,813745,22.262499580,114.250279968
915,843996,813864,22.263573509,114.251852270
916,843648,814177,22.266401626,114.248477376
917,843338,814222,22.266809304,114.245469860
918,843690,814186,22.266482721,114.248884914
921,834439,818451,22.305013382,114.159123958
926,811879,816765,22.289616250,113.940206156
927,811041,817177,22.293324775,113.932067873
929,811562,819426,22.313641987,113.937089040
931,811243,820064,22.319398849,113.933983024
932,811048,817134,22.292936564,113.932136478
933,811727,816726,22.289261902,113.938731771
937,809889,817455,22.295818018,113.920884210
941,811822,816515,22.287357805,113.939656847
942,811999,816388,22.286213425,113.941376318
943,811535,815662,22.279650650,113.936885039
944,811954,816388,22.286212791,113.940939656
945,811775,816511,22.287321016,113.939200836
947,810280,817381,22.295155698,113.924679768
950,811175,817660,22.297688481,113.933360663
951,810988,818075,22.301433419,113.931539402
952,828033,823304,22.348820074,114.096928969
953,828248,823876,22.353986565,114.099013319
956,833336,822050,22.337512958,114.148412792
957,834381,821639,22.333802853,114.158557322
961,835769,818009,22.301022746,114.172031710
965,835783,817450,22.295974635,114.172167743
966,835771,817640,22.297690449,114.172051233
967,835725,818356,22.304156355,114.171604587
968,835701,818659,22.306892623,114.171371562
970,835662,819081,22.310703525,114.170992905
971,835027,821067,22.328637946,114.164828463
972,834821,821239,22.330191046,114.162828747
973,833186,821966,22.336754128,114.146956871
976,828220,823769,22.353020165,114.098742024
977,828043,823220,22.348061555,114.097026481
978,810788,817588,22.297032604,113.929606213
979,810935,818141,22.302028655,113.931024013
980,817940,825433,22.367968052,113.998921951
981,833772,816382,22.286328193,114.152653955
982,811919,820096,22.319697520,113.940543715
985,837430,826994,22.382162090,114.188157767
986,837678,827068,22.382830163,114.190565991
987,834942,812192,22.248491056,114.164010711
993,835263,822514,22.341705344,114.167118318
994,837254,822618,22.342644529,114.186446039
995,839108,822329,22.340032627,114.204443372
998,844922,819153,22.311332063,114.260864966
999,844868,819365,22.313246820,114.260342013
1000,845265,819562,22.315023816,114.264196217
1001,845261,820020,22.319159846,114.264159967
1003,844500,820605,22.324446547,114.256776754
1006,844992,820338,22.322032956,114.261550802
1007,845261,820046,22.319394641,114.264160113
1008,845461,819760,22.316810836,114.266099662
1009,837467,822584,22.342337354,114.188513727
1010,835226,822502,22.341596955,114.166759147
1012,837375,822830,22.344558935,114.187620803
1014,838021,822792,22.344215235,114.193891942
1016,841318,821273,22.330491265,114.225893377
1017,841594,820774,22.325984172,114.228570774
1020,842086,819742,22.316663010,114.233342580
1021,842207,819581,22.315208671,114.234516381
1022,842685,819301,22.312678388,114.239154571
1023,842606,819114,22.310989959,114.238387096
1024,842695,818646,22.306763307,114.239248997
1025,842602,818385,22.304406664,114.238345391
1026,842718,818198,22.302717510,114.239470409
1027,842905,818168,22.302445881,114.241285085
1028,842840,818146,22.302247457,114.240654183
1029,842590,818421,22.304731810,114.238229074
1030,842700,818789,22.308054665,114.239298096
1031,842594,819107,22.310926789,114.238270604
1032,842691,819324,22.312886069,114.239212896
1033,842388,819576,22.315162884,114.236273089
1034,842162,819635,22.315696478,114.234079825
1035,841983,819780,22.317006518,114.232343021
1038,841150,821551,22.333002251,114.224263495
1039,840225,821475,22.332318306,114.215284418
1040,838439,822685,22.343248486,114.197949609
1042,838019,822708,22.343456669,114.193872434
1046,844213,819924,22.318298069,114.253987662
1047,844220,820110,22.319977725,114.254056528
1049,844017,820837,22.326543885,114.252089730
1050,844411,820916,22.327255481,114.255914475
1051,844770,820644,22.324797426,114.259397664
1052,844771,820335,22.322006971,114.259405729
1053,844718,820470,22.323226361,114.258892016
1054,844428,820525,22.323724443,114.256077492
1055,844364,820315,22.321828323,114.255455229
1056,844477,819991,22.318901878,114.256550359
1058,842315,818531,22.305726165,114.235560628
1061,833943,816316,22.285732410,114.154313380
1062,838654,816924,22.291222936,114.200028148
1063,842025,818004,22.300968029,114.232744278
1064,842165,818514,22.305573165,114.234104813
1065,841860,819088,22.310757749,114.231146790
1066,845009,819915,22.318212933,114.261713496
1067,844966,820334,22.321996966,114.261298421
1068,844738,820648,22.324833706,114.259087083
1069,844391,820893,22.327047872,114.255720228
1070,844015,820811,22.326309099,114.252070191
1073,840353,821592,22.333374584,114.216527195
1074,840180,821593,22.333384017,114.214847898
1075,839673,821676,22.334134635,114.209926659
1076,839569,820481,22.323343291,114.208914664
1077,839494,820281,22.321537316,114.208186293
1079,840477,819784,22.317046986,114.217726096
1081,841126,819386,22.313451097,114.224023954
1082,841520,819167,22.311472238,114.227847224
1083,841726,819029,22.310225374,114.229846069
1084,841718,818983,22.309809992,114.229768270
1085,841475,819159,22.311400130,114.227410454
1086,841185,819404,22.313613480,114.224596637
1087,840685,819588,22.315276467,114.219744362
1088,840449,819788,22.317083176,114.217454344
1090,839699,821711,22.334450653,114.210179116
1091,840232,821503,22.332571146,114.215352435
1092,841711,831102,22.419251136,114.229741662
1095,841365,831032,22.418620068,114.226380778
1096,840882,830165,22.410792007,114.221686960
1097,840729,829852,22.407965869,114.220200100
1098,841099,829568,22.405400204,114.223792718
1100,839899,828807,22.398530958,114.212136669
1101,839877,826400,22.376794550,114.211917565
1102,841781,830964,22.418004706,114.230421086
1103,841553,831572,22.423495956,114.228208587
1104,841893,831859,22.426086618,114.231512084
1106,841565,831520,22.423026334,114.228324972
1108,841797,830982,22.418167203,114.230576553
1109,841384,821360,22.331276730,114.226534300
1112,841515,820534,22.323817074,114.227803179
1115,840800,820329,22.321967837,114.220862614
1116,840429,820419,22.322781528,114.217261869
1119,840260,820187,22.320686832,114.215620942
1121,840810,820413,22.322726380,114.220959914
1123,841623,820610,22.324503066,114.228851711
1124,841404,820823,22.326427248,114.226726711
1125,841435,821105,22.328973780,114.227028522
1126,841292,818476,22.305232772,114.225632220
1127,841510,818523,22.305656560,114.227748061
1128,841574,818642,22.306731006,114.228369576
1130,836189,815763,22.280740029,114.176107787
1133,833754,811059,22.238257981,114.152487601
1134,833455,811213,22.239648246,114.149586922
1135,833319,811366,22.241029714,114.148267379
1136,841195,819322,22.312872943,114.224693440
1137,840715,819515,22.314617156,114.220035330
1138,840144,820131,22.320181384,114.214494904
1140,840097,820643,22.324805151,114.214039947
1141,839688,821249,22.330278548,114.210071350
1142,839433,821809,22.335336160,114.207597245
1143,839288,821991,22.336979986,114.206190064
1144,838749,822143,22.338353497,114.200958128
1146,838810,822412,22.340782631,114.201550700
1147,838711,822646,22.342895928,114.200590021
1148,838726,822179,22.338678631,114.200734916
1149,839158,821814,22.335381798,114.204927810
1150,839726,821289,22.330639695,114.210440292
1151,840159,820301,22.321716551,114.214640908
1152,840210,819875,22.317869402,114.215134870
1153,833549,811560,22.242782042,114.150498180
1154,833465,811223,22.239738569,114.149683909
1155,833702,811146,22.239043574,114.151983044
1158,818529,835682,22.460527291,114.004526603
1162,835303,817932,22.300327192,114.167509366
1164,835408,818509,22.305537911,114.168528047
1165,841671,819191,22.311688505,114.229312823
1166,818534,835706,22.460744073,114.004574914
1167,838657,822674,22.343148860,114.200065853
1171,831216,824364,22.358404756,114.127826181
1172,831223,824479,22.359443289,114.127893779
1173,831392,824659,22.361069275,114.129534007
1174,831495,824903,22.363273017,114.130533290
1175,831462,825434,22.368068142,114.130211297
1176,831350,825331,22.367137679,114.129124168
1177,831178,825299,22.366848201,114.127454275
1178,830926,825242,22.366332696,114.125007735
1179,830870,825380,22.367578735,114.124463553
1180,830635,825423,22.367966294,114.122181716
1181,830449,825384,22.367613483,114.120375923
1182,830217,825524,22.368876957,114.118122835
1183,830126,825577,22.369355252,114.117239076
1185,829958,825692,22.370393155,114.115607439
1186,830453,825403,22.367785077,114.120414691
1187,830867,825411,22.367858672,114.124434320
1188,830936,825324,22.367073231,114.125104553
1189,831125,825331,22.367137021,114.126939582
1191,831480,825457,22.368275894,114.130385996
1192,831513,824929,22.363507861,114.130707975
1193,831444,824683,22.361286155,114.130038795
1194,831050,824302,22.357844366,114.126214745
1195,834038,816434,22.286798150,114.155235062
1196,820025,824775,22.362046962,114.019172510
1197,818619,825217,22.366024576,114.005516942
1198,819327,825184,22.365733698,114.012391374
1199,819006,825248,22.366308454,114.009274050
1201,818209,825279,22.366580205,114.001535489
1203,817652,825449,22.368109442,113.996125491
1204,817407,825818,22.371439020,113.993742357
1205,817157,826051,22.373540360,113.991312188
1206,816707,826166,22.374573797,113.986941430
1207,816328,826530,22.377856532,113.983256894
1208,816057,826641,22.378855745,113.980624090
1209,815900,826894,22.381138599,113.979096387
1210,815615,827065,22.382679403,113.976326771
1211,815178,826862,22.380840903,113.972086057
1212,814598,826399,22.376652572,113.966460449
1213,814538,826168,22.374565775,113.965881001
1214,814021,826278,22.375552505,113.960859543
1215,814120,826569,22.378181651,113.961816775
1216,814294,826980,22.381895408,113.963500652
1217,814562,827341,22.385158815,113.966098084
1219,814316,826971,22.381814415,113.963714401
1220,814103,826515,22.377693786,113.961652455
1221,814142,826140,22.374307864,113.962036340
1222,814397,826051,22.373507420,113.964513533
1223,814512,826169,22.374574477,113.965628535
1224,814575,826408,22.376733556,113.966237000
1225,815227,826915,22.381320120,113.972561156
1226,815619,827093,22.382932304,113.976365250
1227,815881,826953,22.381671171,113.978911140
1228,816070,826661,22.379036508,113.980750067
1229,816352,826543,22.377974206,113.983489771
1230,816671,826243,22.375268734,113.986590934
1231,817111,826080,22.373801731,113.990865195
1232,817393,825888,22.372071001,113.993605596
1233,817578,825595,22.369427091,113.995405295
1234,817991,825449,22.368113083,113.999416941
1235,818403,825242,22.366248105,114.003419486
1237,818730,825260,22.366414024,114.006594186
1238,819430,825097,22.364949057,114.013392332
1239,820042,824706,22.361424017,114.019338262
1241,814956,825962,22.372710737,113.969942415
1242,814626,825944,22.372544061,113.966738493
1243,834479,816051,22.283339931,114.159514827
1244,816083,827581,22.387344693,113.980864662
1245,816105,827346,22.385222792,113.981081265
1248,818320,834537,22.450185301,114.002508947
1249,818286,834798,22.452541880,114.002175685
1250,818328,835020,22.454547070,114.002581216
1251,817964,835264,22.456746630,113.999042036
1252,818090,835616,22.459926674,114.000262157
1253,818259,835459,22.458510690,114.001905886
1254,818056,835573,22.459538005,113.999932317
1255,817770,835629,22.460040636,113.997152989
1256,818638,835338,22.457421962,114.005589433
1260,818019,835202,22.456187333,113.999577098
1261,818381,835011,22.454466352,114.003096229
1262,818286,834767,22.452261937,114.002176035
1263,818383,834472,22.449598985,114.003121723
1268,836314,815640,22.279629261,114.177320696
1269,839630,809033,22.219960337,114.209482741
1270,839264,809278,22.222173533,114.205933323
1271,839342,809107,22.220629146,114.206689539
1272,839360,808863,22.218425622,114.206863654
1275,839000,809031,22.219943388,114.203372298
1277,835455,817634,22.297636146,114.168984624
1278,835502,817398,22.295504941,114.169440845
1279,836017,817361,22.295170959,114.174438575
1280,836124,817648,22.297762759,114.175476909
1281,836165,817883,22.299884957,114.175874778
1282,836216,818047,22.301365980,114.176369709
1283,836387,818197,22.302720568,114.178029228
1284,836430,818096,22.301808472,114.178446525
1286,835996,817310,22.294710394,114.174234793
1289,835364,817954,22.300525898,114.168101338
1295,839012,809026,22.219898215,114.203488678
1298,839342,808910,22.218850097,114.206689162
1300,839329,809290,22.222281788,114.206563798
1305,838742,817067,22.292514191,114.200882323
1306,838885,817098,22.292793928,114.202270061
1307,841359,815565,22.278944436,114.226273206
1310,836233,818016,22.301086031,114.176534690
1317,835248,819975,22.318776687,114.166974316
1320,835564,818493,22.305393491,114.170042035
1321,835825,818552,22.305926383,114.172575025
1322,836190,818639,22.306712101,114.176117359
1323,837423,820491,22.323436381,114.188085078
1325,842125,818632,22.306638913,114.233717044
1326,842124,818671,22.306991110,114.233707481
1331,835555,818474,22.305221906,114.169954699
1333,812060,816667,22.288733807,113.941964028
1334,837776,815992,22.282807383,114.191507138
1336,810142,817365,22.295009123,113.923340849
1339,835651,820054,22.319490294,114.170885774
1340,834384,819991,22.318920450,114.158588378
1343,834995,819954,22.318586876,114.164518733
1345,811177,817947,22.300280273,113.933375581
1347,810697,817022,22.291919973,113.928732142
1348,810662,817017,22.291874300,113.928392583
1349,835225,822329,22.340034666,114.166749552
1350,835581,822269,22.339493010,114.170205411
1353,837099,822404,22.340712069,114.184941253
1354,837386,822400,22.340675784,114.187727286
1355,837808,822528,22.341831369,114.191823950
1356,838191,822529,22.341840013,114.195541931
1357,838935,822277,22.339563315,114.202763906
1358,839386,821962,22.336717924,114.207141312
1359,841659,818842,22.308536863,114.229195182
1360,841632,818699,22.307245571,114.228932663
1361,841500,818489,22.305349550,114.227650900
1362,842289,818585,22.306213909,114.235308501
1363,842269,818685,22.307117039,114.235114774
1364,842123,818937,22.309393254,114.233698749
1366,842512,818952,22.309527345,114.237474158
1367,842246,818983,22.309808238,114.234892669
1368,842209,818835,22.308471838,114.234533024
1369,841405,818777,22.307950651,114.226729849
1370,838190,822500,22.341578128,114.195532189
1371,838884,822246,22.339283445,114.202268780
1372,837759,822498,22.341560496,114.191348253
1373,837496,822382,22.340513158,114.188795091
1374,837262,822392,22.340603616,114.186523558
1376,835624,822243,22.339258231,114.170622838
1377,835303,822303,22.339799916,114.167506745
1379,837687,818433,22.304851208,114.190645699
1380,837536,818597,22.306332346,114.189180379
1381,837625,818775,22.307939727,114.190044282
1382,837643,819165,22.311461648,114.190219311
1383,837502,819249,22.312220326,114.188850911
1384,837350,819524,22.314703844,114.187375866
1385,838177,821573,22.333206800,114.195404883
1387,838365,822236,22.339193852,114.197230655
1388,838665,822210,22.338958665,114.200142817
1389,839083,821879,22.335968910,114.204199894
1390,838677,822177,22.338660639,114.200259255
1394,837382,819025,22.310197553,114.187686098
1395,837338,818732,22.307551613,114.187258867
1400,837466,815659,22.279800425,114.188498822
1403,839400,822301,22.339779263,114.207277877
1404,839465,822603,22.342506375,114.207909461
1406,838721,823266,22.348494864,114.200688050
1407,838592,823506,22.350662378,114.199436070
1408,838446,823518,22.350770936,114.198018699
1411,838955,823287,22.348684155,114.202959753
1412,839089,823210,22.347988587,114.204260488
1413,839488,822578,22.342280568,114.208132684
1414,839418,822300,22.339770199,114.207452608
1415,839069,822336,22.340095905,114.204064796
1416,845716,819550,22.314913032,114.268573396
1417,845742,819837,22.317504667,114.268827441
1418,844171,820442,22.322976105,114.253582573
1419,845723,819521,22.314651106,114.268641164
1422,837191,822601,22.342491044,114.185834452
1424,834612,815971,22.282617612,114.160805472
1435,833393,815920,22.282155452,114.148977085
1438,834010,815740,22.280530854,114.154964333
1439,834176,815662,22.279826673,114.156575179
1441,834294,816141,22.284152486,114.157719573
1448,836792,814133,22.266019997,114.181958339
1449,836553,814131,22.266001993,114.179639493
1450,836199,814432,22.268720242,114.176204873
1451,836101,814560,22.269876159,114.175254019
1452,835543,814330,22.267798967,114.169840099
1453,835502,814553,22.269812784,114.169442195
1454,834820,814289,22.267428257,114.162825297
1455,834811,814115,22.265856916,114.162738133
1456,834821,814068,22.265432484,114.162835197
1457,834763,814212,22.266732848,114.162272333
1459,833907,814110,22.265810765,114.153967286
1461,833638,814250,22.267074668,114.151357148
1462,833480,814604,22.270271271,114.149823562
1466,834822,814379,22.268241017,114.162844621
1467,835164,814529,22.269595867,114.166162751
1468,835456,814697,22.271113177,114.168995805
1469,835610,814349,22.267970576,114.170490153
1470,835932,814515,22.269469756,114.173614297
1471,836307,814372,22.268178404,114.177252739
1472,836771,814156,22.266227709,114.181754599
1473,836995,814122,22.265920586,114.183927898
1475,835577,815236,22.275980747,114.170169594
1476,834418,812356,22.249971606,114.158927159
1479,833486,811721,22.244235881,114.149886759
1481,833183,811745,22.244452104,114.146947377
1486,831918,813804,22.263043524,114.134670305
1487,831572,815687,22.280047322,114.131307886
1489,832460,816341,22.285955542,114.139922820
1499,833618,816545,22.287799957,114.151159319
1503,837994,815684,22.280025742,114.193622156
1504,836639,815566,22.278960954,114.180474226
1507,833259,816311,22.285686201,114.147676098
1508,833353,816281,22.285415443,114.148588295
1509,833523,816142,22.284160464,114.150238147
1510,833622,816120,22.283961945,114.151198833
1511,833784,816022,22.283077183,114.152770955
1512,834366,815759,22.280702865,114.158418679
1513,837991,815543,22.278752425,114.193592894
1515,840614,816360,22.286125829,114.219046498
1535,837141,813851,22.263473211,114.185344282
1536,837950,813196,22.257557527,114.193192599
1537,837569,811111,22.238728904,114.189494558
1538,837540,811382,22.241176241,114.189213462
1539,837741,811917,22.246007493,114.191163768
1540,837784,812313,22.249583603,114.191581282
1544,837185,813812,22.263120992,114.185771153
1545,837072,813940,22.264276973,114.184674882
1546,843904,814144,22.266102500,114.250961008
1549,842655,813834,22.263308077,114.238841624
1551,843304,814127,22.265951531,114.245139565
1552,843708,813868,22.263610898,114.249058082
1553,842199,813952,22.264375322,114.234417906
1557,843393,814216,22.266754893,114.246003462
1559,838722,816854,22.290590696,114.200687914
1560,842212,813784,22.262858128,114.234543412
1563,842541,814335,22.267832850,114.237737544
1565,842883,814404,22.268454687,114.241056050
1567,834054,812273,22.249221633,114.155396045
1568,843832,813877,22.263691634,114.250261186
1574,834286,816254,22.285172939,114.157641806
1581,833808,816447,22.286915236,114.153003188
1701,844893,818993,22.309887314,114.260582648
1702,845093,818788,22.308035027,114.262522578
1703,843989,818656,22.306848295,114.251807429
1704,844550,818556,22.305942627,114.257251469
1705,845084,818757,22.307755125,114.262435061
1706,844551,818591,22.306258693,114.257261355
1707,844828,818695,22.307196520,114.259950210
3000,841154,816213,22.284796880,114.224286030
3001,841261,815717,22.280317379,114.225322768
3002,841986,814941,22.273307351,114.232354869
3004,841525,813216,22.257730946,114.227876236
3005,840843,811960,22.246390373,114.221256092
3007,841026,810742,22.235390511,114.223027755
3008,840035,809475,22.223951071,114.213411916
3009,840049,808766,22.217548273,114.213546041
3011,840089,807497,22.206088212,114.213930985
3015,840853,811271,22.240168210,114.221351135
3016,840834,811982,22.246589071,114.221168846
3018,834469,815430,22.277731895,114.159418486
3019,839245,816983,22.291754822,114.205763334
3021,837104,815954,22.282464677,114.184986406
3022,835936,815744,22.280568418,114.173652857
3023,835750,815729,22.280432913,114.171848050
3024,833480,816534,22.287700402,114.149820216
3025,831305,815975,22.282647397,114.128716229
3027,831275,816180,22.284498590,114.128424489
3028,831518,816175,22.284454123,114.130782468
3030,834236,816007,22.282942314,114.157156938
3033,837497,815654,22.279755250,114.188799618
3034,836780,815623,22.279475664,114.181842392
3036,837063,814802,22.272061398,114.184587991
3038,837300,814331,22.267807836,114.186887227
3039,837503,814043,22.265206874,114.188856593
3040,837612,813936,22.264240512,114.189914046
3041,837548,813820,22.263193005,114.189293015
3043,837550,813827,22.263256218,114.189312425
3044,837487,813958,22.264439280,114.188701293
3045,837490,814084,22.265577140,114.188730496
3061,836125,815432,22.277750884,114.175486805
3066,837850,816123,22.283990329,114.192225322
3067,837956,816081,22.283610942,114.193253851
3068,838070,816363,22.286157465,114.194360367
3078,838104,816217,22.284838956,114.194690125
3080,838896,816638,22.288639824,114.202376051
3081,838760,816584,22.288152372,114.201056245
3082,838576,816532,22.287683036,114.199270669
3083,838413,816571,22.288035442,114.197689005
3084,838219,816462,22.287051334,114.195806335
3085,841020,815440,22.277816575,114.222983460
3089,841402,815457,22.277968999,114.226690096
3091,837344,811271,22.240173969,114.187312075
3094,839034,809452,22.223745259,114.203702792
3095,839145,808820,22.218037673,114.204778291
3096,839146,808692,22.216881741,114.204787761
3097,839173,808618,22.216213424,114.205049497
3098,839188,808734,22.217260961,114.205195191
3100,839212,809139,22.220918355,114.205428707
3104,839314,808763,22.217522633,114.206417310
3106,839180,808602,22.216068921,114.205117360
3108,838965,809414,22.223402202,114.203033471
3109,838735,810568,22.233823967,114.200804394
3110,838445,811035,22.238041688,114.197992008
3112,837335,811245,22.239939177,114.187224753
3113,837422,811753,22.244526706,114.188069062
3114,837267,811879,22.245664668,114.186565516
3116,832064,816082,22.283615690,114.136080850
3124,838057,815322,22.276756586,114.194233056
3131,836440,815522,22.278563638,114.178543289
3134,833132,811621,22.243332208,114.146452877
3135,834303,811576,22.242927553,114.157812475
3138,839999,808868,22.218469514,114.213061330
3142,835142,812168,22.248274461,114.165950943
3144,833996,812177,22.248354613,114.154833515
3149,841802,815214,22.275773316,114.230570499
3150,841770,813056,22.256285276,114.230252606
3152,842443,811645,22.243540728,114.236776365
3153,842755,809807,22.226941189,114.239795576
3154,843468,810207,22.230550640,114.246713172
3156,843537,810483,22.233042820,114.247383708
3159,843699,810711,22.235101127,114.248956162
3160,843912,810227,22.230729347,114.251019993
3161,843685,810738,22.235345015,114.248820484
3163,843642,810907,22.236871384,114.248404152
3167,842734,809792,22.226805807,114.239591825
3168,842301,811705,22.244083070,114.235399086
3171,841581,813147,22.257107659,114.228419303
3172,836386,815664,22.279845993,114.178019330
3173,835659,815580,22.279087318,114.170965108
3174,838133,816022,22.283077952,114.194971301
3178,837873,816081,22.283611021,114.192448461
3184,832442,813012,22.255892482,114.139756076
3185,831692,815899,22.281962138,114.132471672
3186,831351,815172,22.275395928,114.129165044
3187,831175,815070,22.274474293,114.127457653
3188,830894,814924,22.273154967,114.124731636
3189,830594,814839,22.272386403,114.121821105
3190,830391,814947,22.273361033,114.119851059
3191,830295,815002,22.273857389,114.118919387
3192,830459,814938,22.273279988,114.120510881
3193,830635,814861,22.272585211,114.122218840
3195,831284,815120,22.274926143,114.128515109
3196,832468,816552,22.287861023,114.139999950
3198,835352,812303,22.249493725,114.167988089
3200,833469,812485,22.251135288,114.149720518
3202,835192,812055,22.247254027,114.166436071
3214,836819,815847,22.281498515,114.182220894
3216,837211,815526,22.278599509,114.186024418
3217,838174,815245,22.276061101,114.195368218
3225,840472,808538,22.215488294,114.217648098
3226,837585,811022,22.237925161,114.189649692
3235,837614,814438,22.268773899,114.189933873
3236,837814,814898,22.272927829,114.191874812
3238,837958,815218,22.275817499,114.193272347
3242,842034,813942,22.264285575,114.232817013
3244,842053,813728,22.262352952,114.233000583
3245,842010,813601,22.261206202,114.232582941
3246,842280,813677,22.261891612,114.235202752
3247,842350,814107,22.265774547,114.235883521
3248,842273,814184,22.266470177,114.235136735
3251,835554,815481,22.278193245,114.169946317
3253,842128,814225,22.266840932,114.233730049
3255,842204,814100,22.265711841,114.234466964
3256,842332,814041,22.265178587,114.235708630
3257,842401,813961,22.264455891,114.236377778
3259,841970,813579,22.261007661,114.232194785
3262,838060,815470,22.278093117,114.194262331
3263,839474,816971,22.291646043,114.207985539
3268,841421,815456,22.277959912,114.226874452
3269,841860,813501,22.260303630,114.231127301
3273,833965,816501,22.287403106,114.154526595
3274,839485,817019,22.292079492,114.208092380
4001,837872,822918,22.345353232,114.192445623
4002,837621,822886,22.345064470,114.190008947
4003,837391,822793,22.344224794,114.187776100
4004,837557,822294,22.339718423,114.189387173
4005,837610,822082,22.337803901,114.189901485
4006,837768,821807,22.335320362,114.191434971
4008,837429,821474,22.332313442,114.188144031
4009,837323,821247,22.330263569,114.187114954
4010,837314,820996,22.327996898,114.187027429
4011,836922,820832,22.326516077,114.183222388
4012,836646,820780,22.326046570,114.180543393
4013,836274,820709,22.325405440,114.176932601
4014,836023,820663,22.324990017,114.174496305
4015,835862,820632,22.324710038,114.172933590
4016,835546,820571,22.324159070,114.169866415
4018,835575,819670,22.316022517,114.170148285
4020,835673,819142,22.311254396,114.171099641
4021,835724,818641,22.306730079,114.171594786
4022,835745,818381,22.304382127,114.171798677
4024,835805,817437,22.295857243,114.172381243
4025,835463,817244,22.294114208,114.169062454
4027,835722,818411,22.304653038,114.171575453
4028,835680,818887,22.308951594,114.171167672
4030,835549,819694,22.316239240,114.169895925
4032,835679,820306,22.321766013,114.171157449
4033,835641,820500,22.323517935,114.170788541
4034,835494,820650,22.324872464,114.169361649
4035,835880,820865,22.326814169,114.173108248
4037,837170,820922,22.327328717,114.185629642
4038,837248,821031,22.328313008,114.186386817
4039,837258,821296,22.330706106,114.186484047
4040,837512,821490,22.332457873,114.188949714
4043,837545,822344,22.340169961,114.189270724
4047,835496,820089,22.319806303,114.169381331
4048,835550,819804,22.317232607,114.169905582
4049,835717,818717,22.307416403,114.171526824
4050,835763,817761,22.298783151,114.171973559
4051,835737,818208,22.302819829,114.171721094
4052,835706,818604,22.306395941,114.171420107
4053,835592,819470,22.314216404,114.170313366
4055,836702,820901,22.327139257,114.181086986
4056,841889,819985,22.318858099,114.231431396
4059,842048,819619,22.315552375,114.232973316
4060,841730,819960,22.318632847,114.229888068
4061,841486,820053,22.319473449,114.227520129
4062,841398,819773,22.316945148,114.226665105
4067,840123,820341,22.322077856,114.214291584
4072,838333,821450,22.332095858,114.196919004
4074,837486,820926,22.327364643,114.188696904
4076,835756,817895,22.299993252,114.171905585
4077,836322,820884,22.326985792,114.177398514
4078,836858,820908,22.327202425,114.182601203
4079,837455,820954,22.327617522,114.188396023
4081,838311,821551,22.333007973,114.196705582
4082,838497,821653,22.333928861,114.198511210
4084,839771,821241,22.330206136,114.210876990
4087,840328,819724,22.316505508,114.216279779
4088,840835,819501,22.314490413,114.221199966
4089,841215,819351,22.313134773,114.224887640
4090,841339,819674,22.316051294,114.226092150
4091,841559,820139,22.320249857,114.228228949
4092,841710,819994,22.318939950,114.229694065
4093,841908,819788,22.317079010,114.231615114
4094,842133,819544,22.314874793,114.233798026
4097,834395,822422,22.340873807,114.158692305
4098,834616,822235,22.339185316,114.160837845
4099,834499,821997,22.337035924,114.159702349
4101,834744,821529,22.332809848,114.162081055
4102,834571,821086,22.328809139,114.160402230
4103,834781,820908,22.327201889,114.162440785
4104,835100,820644,22.324818059,114.165537353
4105,835330,820452,22.323084326,114.167769924
4109,834879,821037,22.328366916,114.163391911
4111,834502,821506,22.332601914,114.159732011
4113,834439,822062,22.337622849,114.159119843
4114,834285,822346,22.340187361,114.157624579
4117,838340,822202,22.338886843,114.196987927
4118,838079,821855,22.335753529,114.194453924
4119,837600,820793,22.326163491,114.189803336
4120,837446,820487,22.323400243,114.188308319
4121,837381,820059,22.319535193,114.187677114
4122,837387,819833,22.317494275,114.187735192
4123,837378,819511,22.314586428,114.187647615
4124,837247,819244,22.312175338,114.186376013
4132,836171,817901,22.300047508,114.175933005
4135,836988,818933,22.309366948,114.183862156
4136,837220,819246,22.312193414,114.186113966
4137,837361,819757,22.316807966,114.187482788
4139,837356,820343,22.322099898,114.187434659
4144,839128,821880,22.335977866,114.204636716
4145,837375,820539,22.323869881,114.187619212
4146,836712,818305,22.303695820,114.181183324
4147,836281,817487,22.296308835,114.177000510
4148,836274,817515,22.296561692,114.176932579
4150,837360,819975,22.318776637,114.187473231
4152,838718,823468,22.350319041,114.200659236
4154,839089,823133,22.347293234,114.204260352
4155,838869,823119,22.347167153,114.202124592
4156,838725,823127,22.347239610,114.200726668
4157,838466,823027,22.346336905,114.198212185
4158,838409,822868,22.344901117,114.197658626
4159,838442,822706,22.343438124,114.197978760
4161,838121,821670,22.334082828,114.194861407
4162,837483,820568,22.324131695,114.188667512
4163,837538,820481,22.323345994,114.189201289
4164,837983,820275,22.321485305,114.193520345
4165,837943,820094,22.319850808,114.193131911
4166,837773,819900,22.318099030,114.191481708
4167,837650,819761,22.316843880,114.190287764
4169,837385,819178,22.311579233,114.187715321
4170,837381,818846,22.308581075,114.187676268
4172,837011,818602,22.306377807,114.184085222
4174,836342,818189,22.302648326,114.177592511
4175,836794,818322,22.303849317,114.181979130
4176,837058,818711,22.307362123,114.184541415
4177,837336,818759,22.307795441,114.187239475
4179,837363,819438,22.313927204,114.187501980
4180,837535,819663,22.315958970,114.189171521
4181,837650,819795,22.317150921,114.190287794
4183,837554,820339,22.322063638,114.189356474
4184,837436,820518,22.323680199,114.188211279
4185,837572,820818,22.326389277,114.189531576
4186,838064,821874,22.335925126,114.194308339
4187,838529,822784,22.344142396,114.198823435
4188,838657,822987,22.345975427,114.200066322
4189,838859,823023,22.346300234,114.202027357
4190,839076,823161,22.347546111,114.204134199
4191,838905,823285,22.348666172,114.202474350
4192,838812,823282,22.348639220,114.201571502
4194,833554,822239,22.339220093,114.150528646
4195,833640,822272,22.339518235,114.151363423
4197,834360,821987,22.336945470,114.158353062
4198,834736,821675,22.334128305,114.162003260
4199,835111,821313,22.330859528,114.165643641
4200,835229,821090,22.328845783,114.166789183
4201,835393,820626,22.324655681,114.168381321
4202,835435,820283,22.321558210,114.168789165
4204,835233,821040,22.328394256,114.166828042
4205,834976,821376,22.331428358,114.164333178
4206,834606,821682,22.334191399,114.160741344
4207,834425,821833,22.335554832,114.158984205
4208,834133,822077,22.337757955,114.156149411
4209,834058,822140,22.338326787,114.155421282
4210,833731,822133,22.338263122,114.152247013
4211,833359,822028,22.337314324,114.148636098
4213,832542,822165,22.338549938,114.140704992
4214,833594,822118,22.338127456,114.150917142
4215,832600,821936,22.336482062,114.141268539
4216,832526,822165,22.338549904,114.140549675
4217,832433,822302,22.339786887,114.139646569
4218,837380,822223,22.339077376,114.187668918
4219,837493,821881,22.335988843,114.188765583
4220,837332,821960,22.336702366,114.187202790
4221,836858,822234,22.339176972,114.182601696
4223,836516,822091,22.337885685,114.179281764
4224,836473,821373,22.331401736,114.178864258
4225,836461,821175,22.329613682,114.178747752
4226,836424,820433,22.322912990,114.178388531
4227,836248,820107,22.319969025,114.176680240
4228,836070,819852,22.317666212,114.174952602
4229,835848,819526,22.314722198,114.172797988
4230,835736,819365,22.313268241,114.171711009
4231,835763,818090,22.301754224,114.171973456
4232,835742,818090,22.301754218,114.171769657
4233,835736,819409,22.313665587,114.171710994
4234,835837,819555,22.314984083,114.172691218
4236,836226,820117,22.320059330,114.176466708
4238,836437,821192,22.329767204,114.178514794
4240,836465,821910,22.336251157,114.178786671
4241,836341,822211,22.338969370,114.177583001
4242,836425,822339,22.340125278,114.178398429
4243,836730,822235,22.339186043,114.181359157
4244,837042,822268,22.339483938,114.184387862
4245,837327,822005,22.337108745,114.187154284
4246,834825,818438,22.304896349,114.162870089
4247,835180,818580,22.306178956,114.166315256
4248,835437,818524,22.305673384,114.168809484
4249,836052,819869,22.317819730,114.174777894
4250,836229,819904,22.318135814,114.176495831
4252,836755,819721,22.316483145,114.181601068
4253,836656,819494,22.314433224,114.180640142
4254,836378,819507,22.314550663,114.177941979
4255,836411,819269,22.312401377,114.178262243
4256,836612,819007,22.310035330,114.180212988
4257,836823,819134,22.311182161,114.182260855
4258,837050,819046,22.310387379,114.184463938
4259,836205,818012,22.301049908,114.176262958
4260,837231,818693,22.307199483,114.186220392
4261,837316,818869,22.308788820,114.187045444
4262,837026,819043,22.310360298,114.184231008
4263,836734,818901,22.309078057,114.181397006
4264,836624,818975,22.309746348,114.180329445
4265,836379,819260,22.312320104,114.177951666
4268,836743,819729,22.316555393,114.181484601
4269,836658,819937,22.318433778,114.180659662
4272,835600,818466,22.305149679,114.170391427
6000,835870,824356,22.358339882,114.173010324
6001,836076,824399,22.358728231,114.175010304
6002,836719,825066,22.364751556,114.181253182
6003,836101,825146,22.365474052,114.175252945
6004,836121,825148,22.365492115,114.175447128
6005,836115,825340,22.367225979,114.175388855
6007,835866,825153,22.365537228,114.172971291
6008,835762,824999,22.364146497,114.171961586
6009,835969,824986,22.364029147,114.173971366
6010,835824,824862,22.362909329,114.172563586
6011,835672,824832,22.362638367,114.171087832
6012,836648,825401,22.367776805,114.180563916
6013,836450,825519,22.368842442,114.178641485
6014,836419,825479,22.368481223,114.178340490
6015,836379,825731,22.370756922,114.177952133
6017,836070,825504,22.368706983,114.174951918
6018,836090,825495,22.368625710,114.175146106
6019,835407,825239,22.366313687,114.168514739
6020,835353,825213,22.366078865,114.167990456
6021,835041,824934,22.363559149,114.164961399
6022,834999,824930,22.363522997,114.164553623
6023,834586,824389,22.358637116,114.160544364
6024,834522,824348,22.358266800,114.159923053
6025,834340,823998,22.355105913,114.158156499
6026,834322,823918,22.354383448,114.157981844
6027,833852,823333,22.349099976,114.153419783
6028,833785,823308,22.348874117,114.152769385
6029,833614,822927,22.345433217,114.151109947
6030,833596,822796,22.344250186,114.150935425
6031,833982,822753,22.343862427,114.154682654
6032,834066,822763,22.343952842,114.155498084
6034,835693,825553,22.369149395,114.171291463
6035,836052,825981,22.373014547,114.174777085
6036,836012,825778,22.371181343,114.174388730
6039,836288,826068,22.373800216,114.177068572
6040,836279,826026,22.373420934,114.176981184
6041,836596,825867,22.371985047,114.180059129
6042,836629,825937,22.372617178,114.180379562
6043,836852,825777,22.371172230,114.182544756
6044,836832,825861,22.371930802,114.182350595
6045,837344,825523,22.368878234,114.187321685
6046,837366,825613,22.369690969,114.187535353
6047,837225,825743,22.370865023,114.186166399
6048,837349,825995,22.373140644,114.187370552
6049,837160,826028,22.373438761,114.185535439
6050,837166,825976,22.372969170,114.185593668
6051,837508,826275,22.375669086,114.188914611
6052,837516,826246,22.375407195,114.188992268
6053,837534,825717,22.370630029,114.189166624
6054,837263,826508,22.377773360,114.186535840
6055,837238,826504,22.377737252,114.186293087
6056,836704,826511,22.377800686,114.181107944
6058,836733,826449,22.377240785,114.181389516
6060,836348,826235,22.375308313,114.177651165
6061,836432,826435,22.377114414,114.178466812
6062,836447,826466,22.377394358,114.178612465
6063,836227,826310,22.375985605,114.176476272
6064,836203,826347,22.376319734,114.176243233
6065,836063,826509,22.377782669,114.174883826
6066,835949,826646,22.379019835,114.173776857
6067,836174,826772,22.380157708,114.175961622
6068,835951,826770,22.380139620,114.173796253
6069,837327,826707,22.379570396,114.187157413
6070,837426,826729,22.379769004,114.188118733
6071,837606,826994,22.382161962,114.189866783
6072,837801,826583,22.378450252,114.191759899
6073,837724,826457,22.377312472,114.191012109
6075,838212,826469,22.377420354,114.195750594
6076,838386,826603,22.378630239,114.197440310
6077,838377,826642,22.378982440,114.197352971
6078,838731,826534,22.378006671,114.200790177
6079,838798,826904,22.381347868,114.201441337
6080,838822,827078,22.382919144,114.201674662
6081,838859,827226,22.384255606,114.202034186
6082,838287,826800,22.380409372,114.196479262
6084,839062,826739,22.379857421,114.204004556
6085,838956,826851,22.380869010,114.202975468
6086,839036,827071,22.382855598,114.203752668
6088,839178,827213,22.384137697,114.205131799
6089,839197,827202,22.384038328,114.205316278
6090,839211,826996,22.382178017,114.205451844
6091,839215,827023,22.382421834,114.205490735
6092,839447,826766,22.380100575,114.207743019
6093,839609,826727,22.379748076,114.209315986
6094,839492,826869,22.381030635,114.208180186
6095,839509,826919,22.381482129,114.208345361
6096,839846,826828,22.380659681,114.211617517
6097,839877,826836,22.380731860,114.211918552
6098,840068,826897,22.381282309,114.213773349
6099,840072,826997,22.382185352,114.213812428
6100,840004,827101,22.383124676,114.213152370
6101,839871,827096,22.383079809,114.211860878
6102,840144,827080,22.382934724,114.214511773
6103,840194,827080,22.382934611,114.214997291
6104,840305,826896,22.381272737,114.216074676
6105,840474,827019,22.382383085,114.217716033
6106,839562,827164,22.383694506,114.208860512
6107,839539,827225,22.384245412,114.208637297
6108,839269,827444,22.386223590,114.206015886
6109,839297,827460,22.386368029,114.206287813
6110,839044,827699,22.388526751,114.203831446
6111,839010,827811,22.389538224,114.203501473
6112,839271,828061,22.391795415,114.206036470
6113,839295,828050,22.391696037,114.206269513
6114,839310,828024,22.391461217,114.206415128
6115,839373,828183,22.392896955,114.207027228
6116,839989,828953,22.399849218,114.213011040
6117,840240,829183,22.401925670,114.215449211
6118,840368,829272,22.402729083,114.216692536
6119,840902,829648,22.406123188,114.221879701
6120,839760,830054,22.409792279,114.210789512
6121,839710,829896,22.408365562,114.210303559
6122,839604,829685,22.406460338,114.209273630
6123,839541,829680,22.406415307,114.208661764
6124,839292,829551,22.405250831,114.206243231
6125,838773,829007,22.400339077,114.201201889
6127,838632,828728,22.397819766,114.199832142
6128,838594,828622,22.396862585,114.199462953
6130,838483,828438,22.395201118,114.198384739
6131,838534,828499,22.395751912,114.198880098
6132,838329,828307,22.394018314,114.196889041
6133,838298,828304,22.393991259,114.196587992
6135,838255,827596,22.387597705,114.196169529
6136,838072,827686,22.388410654,114.194392574
6137,838271,827576,22.387417076,114.196324875
6138,837958,827552,22.387200681,114.193285407
6139,837924,827495,22.386685975,114.192955185
6140,837924,827421,22.386017717,114.192955108
6141,837842,827314,22.385051528,114.192158734
6142,837975,827277,22.384717272,114.193450193
6143,837968,827223,22.384229630,114.193382162
6144,838075,828179,22.392862695,114.194422267
6145,837821,828630,22.396935705,114.191956098
6146,837805,828623,22.396872506,114.191800710
6150,838055,828574,22.396429768,114.194228489
6151,841008,829768,22.407206558,114.222909528
6152,840760,829950,22.408850776,114.220501452
6153,840857,830159,22.410737891,114.221444135
6154,841575,830979,22.418140814,114.228420299
6155,841648,831130,22.419504189,114.229129845
6156,841329,831060,22.418873028,114.226031205
6157,841438,831240,22.420498189,114.227090492
6158,841405,831274,22.420805325,114.226770073
6159,841392,831412,22.422051570,114.226644249
6160,841614,831394,22.421888342,114.228800493
6161,841588,831382,22.421780057,114.228547913
6162,841985,831087,22.419114786,114.232402940
6163,841960,831095,22.419187113,114.232160146
6164,842047,831460,22.422482946,114.233006493
6165,842036,831483,22.422690684,114.232899732
6166,842465,831574,22.423510957,114.237067018
6167,842602,831622,22.423943918,114.238397915
6168,842611,831606,22.423799397,114.238485271
6169,842861,831789,22.425451029,114.240914330
6170,842739,831843,22.425939140,114.239729525
6171,842727,831831,22.425830820,114.239612916
6172,842791,832022,22.427555397,114.240235353
6173,842408,831841,22.425922299,114.236514397
6174,842328,831799,22.425543304,114.235737169
6175,841903,831655,22.424244369,114.231608495
6176,841903,831684,22.424506252,114.231608598
6177,842834,832010,22.427446867,114.240652982
6178,843897,832316,22.430205780,114.250979854
6179,843921,832301,22.430070216,114.251212909
6180,844216,832369,22.430682942,114.254078772
6181,844343,832469,22.431585394,114.255312917
6182,844917,832146,22.428665749,114.260886849
6183,844915,832176,22.428936673,114.260867585
6184,845107,831824,22.425756969,114.262730632
6185,845105,831803,22.425567339,114.262711088
6187,845461,831185,22.419984634,114.266165461
6188,845455,830925,22.417636743,114.266105683
6189,845469,830856,22.417013565,114.266241263
6190,845849,830564,22.414374582,114.269930341
6191,845911,830571,22.414437448,114.270532561
6192,846246,829963,22.408944997,114.273782454
6193,846297,829886,22.408249352,114.274277289
6194,846445,829632,22.405954736,114.275713059
6195,846515,829597,22.405638252,114.276392671
6196,846984,829434,22.404163413,114.280946471
6197,847124,829089,22.401047014,114.282303776
6199,847109,829148,22.401579908,114.282158503
6200,847282,828762,22.398093036,114.283835950
6201,847274,828758,22.398056965,114.283758232
6202,847854,828142,22.392490359,114.289386367
6203,848188,827733,22.388794595,114.292626789
6204,848266,827706,22.388550228,114.293384025
6205,849007,827870,22.390025885,114.300580992
6206,848645,828023,22.391410202,114.297066855
6207,848667,828052,22.391671927,114.297280722
6208,848792,828096,22.392068360,114.298494937
6209,848993,828005,22.391245105,114.300446118
6210,849231,827651,22.388046527,114.302754440
6211,849272,827610,22.387675966,114.303152244
6212,849911,828145,22.392502315,114.309361943
6213,849768,828011,22.391293361,114.307972134
6214,850588,828346,22.394311922,114.315938100
6215,850725,828413,22.394915814,114.317269133
6216,850939,828675,22.397279982,114.319349735
6217,851230,828884,22.399164837,114.322177696
6218,851308,828949,22.399751135,114.322935804
6219,851384,829077,22.400906367,114.323675092
6220,851309,829141,22.401484978,114.322947328
6221,851533,829537,22.405059064,114.325126526
6222,851538,829580,22.405447329,114.325175497
6223,851955,830609,22.414735908,114.329235494
6224,852026,830839,22.416812261,114.329927361
6225,852244,831306,22.421027462,114.332049413
6226,852234,831260,22.420612154,114.331951822
6227,851872,832127,22.428444889,114.328444234
6228,851881,832127,22.428444807,114.328531655
6229,851764,832461,22.431462037,114.327398429
6230,851773,832420,22.431091708,114.327485452
6231,852087,832895,22.435378291,114.330540273
6232,852136,832970,22.436055120,114.331017006
6233,852507,833072,22.436972742,114.334621951
6234,852714,832827,22.434758310,114.336630234
6235,839677,830151,22.410668404,114.209983605
6236,839753,830365,22.412600776,114.210722208
6237,839043,830904,22.417469507,114.203827323
6238,839517,830436,22.413242405,114.208430219
6239,839465,830457,22.413432143,114.207925213
6240,838286,831888,22.426356561,114.196476007
6241,838276,831874,22.426230146,114.196378855
6242,838051,832452,22.431450008,114.194193994
6243,838025,832516,22.432027985,114.193941508
6244,837766,832664,22.433364742,114.191425778
6245,837612,832575,22.432561158,114.189929766
6246,837361,832593,22.432723886,114.187491610
6247,837267,832587,22.432669761,114.186578506
6248,836954,832834,22.434900441,114.183538185
6249,836953,832960,22.436038280,114.183528526
6250,836855,833169,22.437925683,114.182576626
6251,836917,833228,22.438458458,114.183178930
6252,836743,833448,22.440445217,114.181488720
6253,836687,833512,22.441023181,114.180944732
6254,836475,833669,22.442441002,114.178885299
6255,836384,833660,22.442359737,114.178001278
6256,834831,834919,22.453728479,114.162913523
6257,834843,834744,22.452148161,114.163030263
6258,835258,834029,22.445691684,114.167062516
6259,835443,833755,22.443217438,114.168859883
6260,835477,833773,22.443380002,114.169190169
6261,835493,833818,22.443786380,114.169345581
6263,835207,833658,22.442341354,114.166567311
6264,835691,834150,22.446784568,114.171268952
6265,835565,834205,22.447281196,114.170044862
6266,836054,834222,22.447434844,114.174795418
6267,836050,834227,22.447479996,114.174756558
6268,836040,834343,22.448527527,114.174659393
6269,836044,834378,22.448843593,114.174698248
6270,835764,834486,22.449818823,114.171978027
6271,835738,834483,22.449791724,114.171725438
6272,835776,834258,22.447759884,114.172094677
6273,835751,834257,22.447750846,114.171851806
6274,835379,834304,22.448175125,114.168237846
6275,835366,834151,22.446793459,114.168111638
6276,835210,834130,22.446603730,114.166596142
6277,835099,834304,22.448174957,114.165517672
6278,835180,834309,22.448220163,114.166304576
6279,835284,834350,22.448590474,114.167314901
6280,835183,834614,22.450974452,114.166333513
6283,835569,834642,22.451227505,114.170083530
6284,835800,834849,22.453096885,114.172327662
6285,835827,834828,22.452907253,114.172589979
6287,835296,834767,22.452356178,114.167431226
6288,835204,834832,22.452943102,114.166537385
6290,835073,834746,22.452166397,114.165264753
6291,835098,834743,22.452139323,114.165507635
6292,835124,834910,22.453647425,114.165760110
6293,834969,835031,22.454739999,114.164254142
6294,835259,835180,22.456085730,114.167071503
6295,835355,835282,22.457006889,114.168004128
6296,835626,835207,22.456329728,114.170637065
6297,835605,835190,22.456176203,114.170433047
6298,836012,835600,22.459878792,114.174387175
6299,835754,835433,22.458370651,114.171880573
6300,835800,835256,22.456772276,114.172327543
6301,835912,835159,22.455896350,114.173415701
6302,835917,835134,22.455670590,114.173464284
6303,836184,835189,22.456167298,114.176058300
6304,836013,835008,22.454532771,114.174396985
6306,836034,834965,22.454144465,114.174601013
6307,836297,834718,22.451913960,114.177156138
6308,836342,834770,22.452383541,114.177593323
6309,836718,835446,22.458488063,114.181246431
6310,836637,835502,22.458993787,114.180459478
6311,836656,835524,22.459192452,114.180644081
6312,836362,835394,22.458018537,114.177787665
6313,836330,835361,22.457720534,114.177476765
6314,836966,835418,22.458235127,114.183655893
6315,836930,835406,22.458126776,114.183306127
6316,837087,835576,22.459661882,114.184831564
6317,837039,835723,22.460989379,114.184365281
6318,837028,835749,22.461224175,114.184258420
6319,837211,835747,22.461206023,114.186036413
6320,837223,835763,22.461350503,114.186153013
6321,837365,835847,22.462108974,114.187532718
6322,837364,835869,22.462307644,114.187523017
6323,837103,835533,22.459273565,114.184986992
6326,837400,835356,22.457675006,114.187872423
6327,837438,835091,22.455281913,114.188241418
6328,837679,834955,22.454053590,114.190582709
6329,837679,834939,22.453909103,114.190582695
6330,837438,835701,22.460790482,114.188241869
6331,837725,835848,22.462117735,114.191030434
6332,837921,835751,22.461241604,114.192934645
6333,837998,836305,22.466244388,114.193683368
6334,839597,836597,22.468878902,114.209220128
6335,839589,836526,22.468237758,114.209142248
6336,839413,836006,22.463542267,114.207431148
6337,839442,836110,22.464481378,114.207713119
6338,839079,835669,22.460499593,114.204185415
6339,839247,835863,22.462251213,114.205818028
6440,839077,835692,22.460707297,114.204166024
6441,839217,835455,22.458566847,114.205525793
6442,839168,835553,22.459451914,114.205049906
6444,839632,835296,22.457130240,114.209557442
6445,840057,835264,22.456840376,114.213686465
6447,838398,835571,22.459615596,114.197568848
6448,838368,835556,22.459480177,114.197277357
6449,837950,835772,22.461431214,114.193216426
6450,834660,835034,22.454766828,114.161252091
6451,834116,834952,22.454025735,114.155967044
6452,834081,834945,22.453962477,114.155627018
6453,833592,835419,22.458242212,114.150875435
6454,833348,835691,22.460698092,114.148504327
6455,833346,835733,22.461077367,114.148484819
6456,833069,835601,22.459884854,114.145793806
6457,833057,835536,22.459297853,114.145677349
6458,839765,836802,22.470729804,114.210852926
6459,839807,836825,22.470937417,114.211261069
6460,839978,837031,22.472797321,114.212923071
6461,839997,837092,22.473348135,114.213107830
6462,840209,837068,22.473130929,114.215167702
6463,840264,837038,22.472859888,114.215702042
6464,840655,836773,22.470465866,114.219500510
6465,840664,836757,22.470321356,114.219587913
6466,840944,836844,22.471106259,114.222308775
6467,841029,836886,22.471485301,114.223134804
6468,841399,836909,22.471691929,114.226729993
6469,841340,836915,22.471746288,114.226156736
6470,841683,836965,22.472196756,114.229489682
6471,841562,836926,22.471844949,114.228313846
6472,841911,837009,22.472593356,114.231705218
6473,841925,836998,22.472493975,114.231841211
6475,842049,836959,22.472141373,114.233045927
6476,842653,837709,22.478912033,114.238917755
6477,842962,838023,22.481746397,114.241921647
6478,842824,837865,22.480320128,114.240580014
6479,843111,838440,22.485511486,114.243371315
6480,843165,838601,22.486965163,114.243896761
6481,843013,838825,22.488988581,114.242420638
6482,842942,839370,22.493910426,114.241732972
6483,842908,839434,22.494488504,114.241402825
6484,842481,840305,22.502355583,114.237256599
6485,839474,843882,22.534665531,114.208039768
6486,839410,843813,22.534042555,114.207417490
6487,839254,843702,22.533040467,114.205900820
6488,839213,843651,22.532579990,114.205502171
6489,839112,843586,22.531993189,114.204520253
6490,839053,843530,22.531487587,114.203946630
6491,838811,843467,22.530919053,114.201594114
6492,838788,843454,22.530801693,114.201370517
6493,838565,843396,22.530278248,114.199202723
6494,838485,843333,22.529709441,114.198424983
6495,838131,843133,22.527903793,114.194983656
6496,838074,842920,22.525980388,114.194429345
6497,837463,842771,22.524635402,114.188490106
6498,837432,842740,22.524355483,114.188188756
6499,836871,842444,22.521682786,114.182735597
6500,836817,842444,22.521682804,114.182210715
6503,836226,842271,22.520120639,114.176466177
6504,836210,842223,22.519687181,114.176310660
6505,835876,841972,22.517420514,114.173064276
6506,835820,841921,22.516959951,114.172519985
6507,835481,841725,22.515189875,114.169225101
6508,835369,841606,22.514115205,114.168136575
6509,835033,841359,22.511884492,114.164871013
6510,834971,841357,22.511866385,114.164268415
6511,834650,841216,22.510592828,114.161148647
6512,834722,841226,22.510683198,114.161848424
6513,834526,841139,22.509897366,114.159943543
6514,834410,841115,22.509680515,114.158816143
6515,834014,840871,22.507476625,114.154967687
6516,834049,840873,22.507494731,114.155307851
6517,833445,840477,22.503917807,114.149438253
6518,833437,840438,22.503565608,114.149360572
6519,833129,840138,22.500855953,114.146367785
6520,833047,840009,22.499690880,114.145571123
6521,832846,840105,22.500557407,114.143617498
6522,833041,839050,22.491030718,114.145514762
6523,832738,839059,22.491111392,114.142570220
6524,832730,839034,22.490885615,114.142492533
6525,832599,839208,22.492456629,114.141219088
6526,832493,839215,22.492519611,114.140188964
6527,832483,839194,22.492329950,114.140091834
6528,832409,839130,22.491751839,114.139372859
6529,832478,839404,22.494226323,114.140042743
6530,832439,839568,22.495707221,114.139663341
6531,832473,839563,22.495662145,114.139993772
6532,832655,839615,22.496132120,114.141762369
6533,832756,839694,22.496845732,114.142743737
6534,832791,839768,22.497514053,114.143083716
6535,833108,838976,22.490362593,114.146166008
6536,833291,838568,22.486678517,114.147945139
6537,833430,838512,22.486173050,114.149295984
6538,833600,838403,22.485189010,114.150948151
6539,833673,838362,22.484818875,114.151657595
6540,832921,835341,22.457536657,114.144356427
6541,832920,835326,22.457401198,114.144346743
6542,832710,835127,22.455603717,114.142306923
6543,832715,835117,22.455513423,114.142355523
6544,832565,834961,22.454104356,114.140898573
6545,832560,834933,22.453851493,114.140850062
6546,832252,834594,22.450789477,114.137858606
6547,832236,834568,22.450554648,114.137703230
6548,831974,834396,22.449000774,114.135158346
6549,831954,834353,22.448612414,114.134964164
6550,831731,834110,22.446417439,114.132798426
6551,831694,834046,22.445839391,114.132439164
6552,831557,833929,22.444782457,114.131108590
6553,831504,833873,22.444276605,114.130593881
6554,831383,833804,22.443653163,114.129418622
6555,831389,833792,22.443544814,114.129476947
6556,831224,833615,22.441945946,114.127874602
6557,831217,833622,22.442009138,114.127806578
6558,831133,833508,22.440979417,114.126990930
6559,830990,833443,22.440392002,114.125601987
6560,830955,833425,22.440229346,114.125262044
6561,830772,833332,22.439388936,114.123484640
6562,830725,833264,22.438774713,114.123028305
6563,833352,836030,22.463759416,114.148542569
6564,833622,836378,22.466902445,114.151165307
6565,833629,836363,22.466766999,114.151233346
6566,833711,836527,22.468248114,114.152029811
6567,833726,836535,22.468320380,114.152175542
6568,833816,836991,22.472438385,114.153049307
6569,833812,836910,22.471706915,114.153010566
6570,833882,837317,22.475382396,114.153690113
6571,833874,837344,22.475626206,114.153612338
6572,833828,837994,22.481495912,114.153164366
6573,833816,838020,22.481730686,114.153047720
6574,832625,838097,22.482423904,114.141474305
6575,832900,838281,22.484086064,114.144146170
6576,833085,838337,22.484592121,114.145943779
6577,833130,838406,22.485215302,114.146380927
6578,832783,838424,22.485377177,114.143008920
6579,832828,838560,22.486605404,114.143445912
6580,832753,838408,22.485232629,114.142717430
6581,832714,838640,22.487327603,114.142337929
6582,832561,838747,22.488293531,114.140850881
6583,832538,838638,22.487309167,114.140627630
6584,832518,838619,22.487137546,114.140433322
6585,832597,838334,22.484564051,114.141201673
6586,832636,838305,22.484302253,114.141580720
6587,832414,838268,22.483967641,114.139423541
6588,832390,839014,22.490704269,114.139188502
6589,832363,839005,22.490622934,114.138926141
6590,831993,839068,22.491190964,114.135330362
6591,831967,839041,22.490947077,114.135077770
6592,832069,839260,22.492924989,114.136068415
6593,831778,839164,22.492057330,114.133240741
6594,831816,839221,22.492572163,114.133609864
6595,831608,839547,22.495515517,114.131587563
6596,831556,839530,22.495361858,114.131082266
6597,831271,839640,22.496354391,114.128312235
6598,831760,839754,22.497385217,114.133064142
6599,832109,839529,22.495354264,114.136456431
6600,832201,839496,22.495056482,114.137350589
6601,832216,839906,22.498758980,114.137495315
6602,831961,840001,22.499616243,114.135016856
6603,832599,839742,22.497278861,114.141217853
6604,832604,839697,22.496872504,114.141266549
6605,832714,840151,22.500972535,114.142334545
6606,832727,840118,22.500674559,114.142460960
6608,831757,840230,22.501683675,114.133033633
6609,831846,840454,22.503706715,114.133897967
6610,831439,840458,22.503741733,114.129942413
6611,831599,840635,22.505340557,114.131496896
6612,831600,840608,22.505096739,114.131506694
6613,831478,840559,22.504653912,114.130321140
6614,831456,840548,22.504554516,114.130107359
6615,831294,840855,22.507326379,114.128531944
6616,831225,840853,22.507308116,114.127861338
6618,831040,840798,22.506810888,114.126063499
6619,831047,840773,22.506585150,114.126131614
6620,830779,840493,22.504055802,114.123527897
6621,830944,840322,22.502512128,114.125132074
6622,830911,840364,22.502891301,114.124811215
6623,831105,840476,22.503903303,114.126696282
6624,831117,840466,22.503813035,114.126812940
6625,831219,840332,22.502603268,114.127804682
6626,831178,840270,22.502043262,114.127406415
6627,831386,840383,22.503064304,114.129427548
6628,831214,840159,22.501040996,114.127756640
6629,831163,840176,22.501194361,114.127260937
6630,831037,840129,22.500769551,114.126036549
6631,830802,840186,22.501283547,114.123752488
6632,830774,840244,22.501807219,114.123480166
6633,831220,839648,22.496426484,114.127816578
6635,830941,839772,22.497545405,114.125104765
6636,830709,839792,22.497725273,114.122850038
6637,830524,839529,22.495349667,114.121053095
6638,830477,839451,22.494645138,114.120596624
6639,830690,839811,22.497896788,114.122665323
6640,830684,839983,22.499449996,114.122606407
6641,830624,840007,22.499666528,114.122023213
6642,830282,840077,22.500297490,114.118699224
6643,830103,840202,22.501425651,114.116959120
6644,830041,840269,22.502030462,114.116356303
6645,831057,841314,22.511470616,114.126227025
6646,830121,838987,22.490453789,114.117138763
6647,830120,838957,22.490182873,114.117129162
6648,829660,837999,22.481530029,114.112662949
6649,829657,837907,22.480699220,114.112634180
6650,829521,837429,22.476382152,114.111314676
6651,829469,837360,22.475758847,114.110809695
6652,829398,837258,22.474837461,114.110120242
6653,829378,837036,22.472832628,114.109926869
6654,829307,836957,22.472118937,114.109237336
6655,829259,836640,22.469256098,114.108772339
6656,829238,836556,22.468497456,114.108568667
6657,829099,836155,22.464875679,114.107219909
6658,828976,836061,22.464026299,114.106025264
6659,828848,835896,22.462535728,114.104782386
6660,828851,835919,22.462743441,114.104811427
6661,828714,835732,22.461054151,114.103481235
6662,828695,835730,22.461036006,114.103296645
6663,828240,835065,22.455028693,114.098879317
6664,828237,835092,22.455272501,114.098850035
6665,829744,840315,22.502444750,114.113469672
6666,829644,840334,22.502615942,114.112497725
6667,829151,840393,22.503146750,114.107706142
6668,829078,840433,22.503507659,114.106996493
6669,828593,840259,22.501934260,114.102283737
6670,828576,840440,22.503568683,114.102117642
6671,828342,840460,22.503748220,114.099843352
6672,828160,840295,22.502257352,114.098075379
6673,827855,840412,22.503312430,114.095110564
6674,827924,840498,22.504089381,114.095780705
6675,830131,832699,22.433670477,114.117260221
6676,830141,832678,22.433480873,114.117357440
6677,829372,832525,22.432096289,114.109888132
6678,829289,832462,22.431527033,114.109082164
6679,828861,832467,22.431570388,114.104924661
6680,828927,832324,22.430279316,114.105566427
6681,828687,832534,22.432174667,114.103234150
6682,828656,832457,22.431479184,114.102933391
6683,828639,832431,22.431244317,114.102768382
6684,833356,836006,22.463542693,114.148581477
6685,827091,840539,22.504455350,114.087684711
6686,826882,840354,22.502783593,114.085654572
6687,826873,840483,22.503948462,114.085566340
6690,826499,840398,22.503178780,114.081932038
6691,830931,842112,22.518676464,114.124999704
6692,830899,842131,22.518847940,114.124688605
6693,830776,842359,22.520906472,114.123492275
6694,830762,842352,22.520843215,114.123356220
6695,831305,843439,22.530660884,114.128630759
6696,831001,843146,22.528014077,114.125676653
6697,831027,843201,22.528510827,114.125929203
6698,830769,842905,22.525837028,114.123422340
6699,830617,842726,22.524220096,114.121945489
6701,831627,843870,22.534553874,114.131759549
6702,831338,843514,22.531338257,114.128951308
6703,833415,844576,22.540933232,114.149139310
6705,840593,845021,22.544948619,114.218920621
6706,840556,844985,22.544623620,114.218560821
6707,840415,844841,22.543323601,114.217189692
6708,840346,844732,22.542339460,114.216518624
6709,840299,844680,22.541869994,114.216061582
6710,840058,844366,22.539035020,114.213717960
6711,840042,844335,22.538755114,114.213562346
6712,839687,844057,22.536245428,114.210110708
6713,839626,843991,22.535649546,114.209517583
6714,835224,841742,22.515343254,114.166727157
6715,835217,841727,22.515207794,114.166659130
6716,835105,842074,22.518341262,114.165570283
6717,835112,842102,22.518594117,114.165638301
6718,834824,842416,22.521429434,114.162838707
6719,834789,842450,22.521736437,114.162498474
6720,834634,842680,22.523813280,114.160991631
6721,834606,842730,22.524264771,114.160719414
6722,834459,842999,22.526693790,114.159290235
6723,834397,843166,22.528201793,114.158687374
6724,834062,843317,22.529564977,114.155430798
6725,834047,843313,22.529528837,114.155284995
6726,833849,843584,22.531975794,114.153359906
6727,833843,843579,22.531930634,114.153301589
6728,826515,840078,22.500289150,114.082089506
6729,826206,839703,22.496900963,114.079088861
6730,826095,839895,22.498634138,114.078008899
6731,825984,839806,22.497829769,114.076930733
6732,825646,839531,22.495344344,114.073647771
6733,825544,839487,22.494946369,114.072656814
6734,824147,838599,22.486918039,114.059087344
6735,824077,838540,22.486384748,114.058407567
6736,824099,838055,22.482005165,114.058625072
6737,823999,837921,22.480794376,114.057654383
6738,824086,837868,22.480316388,114.058500183
6739,823879,837418,22.476251221,114.056492250
6740,823942,837349,22.475628579,114.057104946
6741,823759,837032,22.472764611,114.055329270
6742,823856,836993,22.472413133,114.056272085
6743,823769,836652,22.469333131,114.055429426
6744,823668,836640,22.469224024,114.054448169
6745,823630,836143,22.464735630,114.054082902
6746,823538,835996,22.463407477,114.053190205
6747,823554,835806,22.461691817,114.053347180
6748,823472,835703,22.460761073,114.052551312
6749,823393,835436,22.458349359,114.051785930
6750,823461,835339,22.457473919,114.052447372
6752,824388,839309,22.493331306,114.061423966
6753,825069,839589,22.495864417,114.068039972
6754,825142,839571,22.495702348,114.068749528
7001,837111,818471,22.305194751,114.185055660
7006,835693,817288,22.294511647,114.171294409
7014,837172,818733,22.307560740,114.185647813
7015,837442,818550,22.305907975,114.188268069
7016,837819,818730,22.307533185,114.191927042
7025,838224,822217,22.339022438,114.195861897
7026,838170,822420,22.340855705,114.195337943
7029,837492,820844,22.326624131,114.188755080
7030,837123,820620,22.324601503,114.185173273
7031,836800,820462,22.323174801,114.182038076
7032,836494,820310,22.321802220,114.179067948
7033,836160,820153,22.320384429,114.175826109
7034,835933,820109,22.319987054,114.173622847
7035,835591,820043,22.319390935,114.170303420
7036,835531,819900,22.318099536,114.169721127
7041,835783,817790,22.299045045,114.172167641
7050,836152,820179,22.320619224,114.175748459
7051,836626,820409,22.322696225,114.180349180
7052,836879,820532,22.323806916,114.182804895
7053,837083,820628,22.324673768,114.184785024
7054,837352,820786,22.326100451,114.187396135
7055,837488,820873,22.326886021,114.188716277
7056,837906,821178,22.329640001,114.192773901
7059,837961,822096,22.337930018,114.193308742
7060,838057,822329,22.340034044,114.194240899
7065,842087,820098,22.319877897,114.233353580
7066,841781,820471,22.323247315,114.230384830
7067,841850,820244,22.321197149,114.231053768
7068,841936,819917,22.318243865,114.231887333
7074,841328,820346,22.322119884,114.225987512
7075,841173,820265,22.321388856,114.224482810
7076,840967,820203,22.320829534,114.222483170
7079,840232,820614,22.324542958,114.215350231
7080,839382,820687,22.325203942,114.207099999
7081,836850,818799,22.308156900,114.182522778
7082,835834,818531,22.305736743,114.172662375
7088,839426,820719,22.325492840,114.207527142
7089,840549,820379,22.322420010,114.218426506
7091,840986,820213,22.320919788,114.222667615
7092,841121,820196,22.320765893,114.223977883
7093,841339,820359,22.322237249,114.226094321
7094,841410,820206,22.320855359,114.226782967
7100,841799,820288,22.321594660,114.230558910
7101,841794,820477,22.323301457,114.230511032
7102,842105,820110,22.319986203,114.233528332
7103,836083,821988,22.336955545,114.175078537
7104,836125,821874,22.335926063,114.175486249
7105,836131,821554,22.333036278,114.175544518
7106,836110,821366,22.331338528,114.175340691
7107,836025,821114,22.329062811,114.174515651
7108,836214,820779,22.326037581,114.176350215
7111,832332,812563,22.251837466,114.138690000
7112,835614,812417,22.250523340,114.170529743
7113,835880,812404,22.250406021,114.173110269
7117,837042,813957,22.264430508,114.184383825
7120,834524,814192,22.266552011,114.159953497
7121,833690,814245,22.267029593,114.151861678
7122,834517,814200,22.266624249,114.159885572
7123,836447,814641,22.270607640,114.178611110
7125,843825,813845,22.263402684,114.250193121
7130,840439,816361,22.286135293,114.217348359
7131,839974,816141,22.284149618,114.212835644
7132,840054,816115,22.283914647,114.213611865
7133,839700,816853,22.290579993,114.210178401
7135,839163,816903,22.291032511,114.204967456
7136,836725,815853,22.281552726,114.181308781
7137,837453,815033,22.274147252,114.188372216
8001,834105,816153,22.284260628,114.155885589
8002,834150,816122,22.283980734,114.156322289
8003,834369,815892,22.281903942,114.158447632
8004,834046,816251,22.285145555,114.155312945
8006,834105,816276,22.285371395,114.155885424
8007,833956,816288,22.285479570,114.154439568
8008,833970,816365,22.286174947,114.154575308
8010,833868,816344,22.285985165,114.153585565
8011,833007,816557,22.287907278,114.145230282
8013,832649,816627,22.288538709,114.141756167
8015,832328,816542,22.287770403,114.138641445
8016,832243,816486,22.287264491,114.137816764
8017,831692,816467,22.287091536,114.132470054
8019,831185,816040,22.283234039,114.127551612
8022,830491,814822,22.272232540,114.120821787
8028,833568,811701,22.244055397,114.150682257
8029,833856,810994,22.237671131,114.153477136
8050,835064,815629,22.279529508,114.165191677
8051,835065,815497,22.278337465,114.165201478
8053,835832,815422,22.277660529,114.172643801
8054,835540,815413,22.277579155,114.169810504
8055,836653,815207,22.275718951,114.180609983
8056,836630,815254,22.276143396,114.180386826
8057,836624,815351,22.277019370,114.180328630
8058,836606,815350,22.277010343,114.180153975
8060,835462,811979,22.246567842,114.169055376
8065,839198,809591,22.225000256,114.205293742
8066,839130,808704,22.216990136,114.204632600
8072,840865,811209,22.239608276,114.221467364
8073,842568,810947,22.237236864,114.237986220
8074,842556,810977,22.237507828,114.237869934
8075,842902,809598,22.225053216,114.241220554
8081,837775,814700,22.271139795,114.191496218
8082,838404,821801,22.335265504,114.197608659
8085,838070,821696,22.334317677,114.194366381
8086,838086,822499,22.341569211,114.194522607
8087,837886,822082,22.337803663,114.192580684
8088,837880,822048,22.337496629,114.192522406
8089,837780,821906,22.336214378,114.191551549
8090,837727,821666,22.334047086,114.191036852
8091,837648,821556,22.333053788,114.190269905
8093,837864,821381,22.331473249,114.192366423
8094,837774,821219,22.330010376,114.191492658
8096,837632,821088,22.328827488,114.190114194
8097,837725,820937,22.327463793,114.191016772
8098,837400,821109,22.329017299,114.187862273
8099,837577,821102,22.328953959,114.189580342
8101,837514,820966,22.327725847,114.188968718
8102,837402,821097,22.328908931,114.187881678
8103,837687,823019,22.346265482,114.190649777
8105,845516,819485,22.314327130,114.266631891
8106,845511,819526,22.314697411,114.266583600
8109,845753,820228,22.321035565,114.268936522
8110,845770,820339,22.322037865,114.269102184
8111,845872,820106,22.319933173,114.270090812
8112,845981,820193,22.320718222,114.271149294
8113,845816,820360,22.322227253,114.269548792
8114,845838,820356,22.322191008,114.269762304
8115,845704,820556,22.323997864,114.268462859
8116,846080,820137,22.320211948,114.272109849
8117,846340,819820,22.317347750,114.274631417
8118,846593,819577,22.315151819,114.277085421
8119,846630,819610,22.315449606,114.277444744
8120,847078,819718,22.316422153,114.281793618
8121,847109,819711,22.316358743,114.282094449
8122,847215,819284,22.312502013,114.283120338
8123,847247,819254,22.312230891,114.283430708
8125,847365,818979,22.309746723,114.284574046
8126,847434,818737,22.307560874,114.285242024
8127,847436,818421,22.304707193,114.285259231
8128,847418,818357,22.304129352,114.285084097
8129,847541,818092,22.301735443,114.286275934
8130,847530,818096,22.301771637,114.286169210
8131,847772,817808,22.299169225,114.288515688
8132,847855,817710,22.298283670,114.289320458
8133,847910,817666,22.297885952,114.289853885
8134,848089,817486,22.296259225,114.291589656
8135,848024,817404,22.295519160,114.290958272
8136,847888,816972,22.291618861,114.289635356
8137,847873,817028,22.292124676,114.289490201
8139,846251,816160,22.284296264,114.273744797
8140,846197,816392,22.286391680,114.273222243
8141,846253,816072,22.283501558,114.273763657
8142,846023,816460,22.287006756,114.271534217
8143,845894,816049,22.283295896,114.270279971
8144,846111,815922,22.282147781,114.272384842
8145,846208,816739,22.289525240,114.273331134
8146,846241,817281,22.294419642,114.273654735
8147,846139,817539,22.296750126,114.272666492
8148,846131,817607,22.297364253,114.272589276
8149,845648,818766,22.307833419,114.267908820
8150,845779,819873,22.317829564,114.269186771
8151,845947,819830,22.317440312,114.270817093
8152,845958,819789,22.317069996,114.270923609
8153,844955,819781,22.317003108,114.261188652
8154,844627,820475,22.323271959,114.258008776
8155,844692,820527,22.323741232,114.258639955
8156,844368,820253,22.321268409,114.255493739
8157,844785,819139,22.311206318,114.259535251
8158,844716,819078,22.310655792,114.258865258
8159,844715,819052,22.310421002,114.258855415
8160,844580,819029,22.310213955,114.257545075
8161,844604,818871,22.308787005,114.257777180
8163,844138,818802,22.308166087,114.253254206
8164,844155,818634,22.306648869,114.253418366
8168,844622,819479,22.314277519,114.257955046
8169,844007,819831,22.317459163,114.251987800
8170,844253,819902,22.318099211,114.254375788
8171,843835,820262,22.321352111,114.250320436
8172,843361,820051,22.319448677,114.245718811
8173,843231,820146,22.320307114,114.244457449
8174,843176,820213,22.320912386,114.243923907
8175,843817,820416,22.322742900,114.250146453
8176,843690,820424,22.322815698,114.248913803
8178,842679,818932,22.309346119,114.239094860
8179,842532,818715,22.307387020,114.237667337
8180,842633,818252,22.303205479,114.238645715
8181,842884,817681,22.298048054,114.241079273
8182,842874,817662,22.297876511,114.240982150
8183,842970,817537,22.296747313,114.241913256
8184,842980,817528,22.296665999,114.242010263
8185,842742,817497,22.296386961,114.239700492
8190,842543,817078,22.292603869,114.237767681
8191,842437,817024,22.292116599,114.236738837
8192,842700,817683,22.298066813,114.239293655
8193,842635,817822,22.299322310,114.238663416
8194,842630,817910,22.300117022,114.238615242
8195,842570,818031,22.301209946,114.238033441
8196,842544,818034,22.301237133,114.237781130
8198,842189,818837,22.308489968,114.234338927
8199,842249,819005,22.310006901,114.234921867
8201,842295,819036,22.310286689,114.235368429
8202,842099,819066,22.310558283,114.233466292
8203,841592,818926,22.309295642,114.228545212
8204,841179,818702,22.307274015,114.224536250
8205,841304,818805,22.308203806,114.225749715
8206,841341,818835,22.308474616,114.226108902
8207,840895,818760,22.307798578,114.221780161
8209,840678,819218,22.311935163,114.219675403
8211,840520,819345,22.313082448,114.218142279
8212,840297,819431,22.313859616,114.215978162
8213,840355,819524,22.314699325,114.216541324
8214,840202,819674,22.316054271,114.215056729
8216,840230,819774,22.316957266,114.215328738
8217,840259,819739,22.316641128,114.215610118
8218,840310,819690,22.316198510,114.216104989
8219,840694,819572,22.315131954,114.219831669
8220,840753,819563,22.315050526,114.220404278
8221,840780,819490,22.314391222,114.220666125
8222,840866,819456,22.314083954,114.221500711
8223,840949,819457,22.314092760,114.222306279
8224,840963,819417,22.313731498,114.222442040
8225,841205,819490,22.314390054,114.224791014
8226,841378,819349,22.313116235,114.226469636
8227,841668,819206,22.311823973,114.229283757
8228,841713,819420,22.313756380,114.229721230
8229,841689,819468,22.314189924,114.229488459
8230,841685,819634,22.315689016,114.229450198
8231,841630,819826,22.317423062,114.228917028
8232,841652,819813,22.317305595,114.229130512
8233,841385,819789,22.317089676,114.226538981
8235,841221,819573,22.315139548,114.224946561
8237,841058,819686,22.316160467,114.223364874
8239,841010,819793,22.317126874,114.222899316
8243,841032,820008,22.319068390,114.223113484
8244,841461,820072,22.319645106,114.227277541
8245,841902,820015,22.319128974,114.231557678
8246,842305,819548,22.314910320,114.235467413
8247,842480,819607,22.315442502,114.237166131
8249,842372,819957,22.318603596,114.236119251
8250,842364,819855,22.317682504,114.236041216
8251,841563,820556,22.324015600,114.228269153
8252,841440,821068,22.328639633,114.227076936
8253,841292,821099,22.328920020,114.225640456
8254,841250,821078,22.328730500,114.225232712
8255,841457,821231,22.330111566,114.227242477
8256,841313,821424,22.331854897,114.225845320
8257,841080,821492,22.332469644,114.223583834
8258,840984,821435,22.331955167,114.222651806
8259,841784,821738,22.334689050,114.230418319
8260,841790,821713,22.334463267,114.230476475
8261,842277,821597,22.333414086,114.235203351
8262,842252,821572,22.333188409,114.234960584
8263,842443,821618,22.333603140,114.236814783
8264,842508,821684,22.334198923,114.237445992
8265,842972,821859,22.335777526,114.241950768
8266,843059,822018,22.337213045,114.242795960
8267,843422,822250,22.339306664,114.246320710
8268,843453,822312,22.339866429,114.246621916
8269,843957,822685,22.343232648,114.251516229
8270,844242,822744,22.343764152,114.254283192
8271,844522,822584,22.342317940,114.257000507
8272,844603,822573,22.342218213,114.257786760
8273,844665,822400,22.340655624,114.258387719
8274,844672,822355,22.340249214,114.258455434
8275,844742,821991,22.336961745,114.259133023
8276,844775,821935,22.336455871,114.259453062
8277,845123,821252,22.330286234,114.262827365
8278,845113,821241,22.330186950,114.262730237
8279,844127,823630,22.351765754,114.253171170
8281,844056,823570,22.351224244,114.252481595
8282,843982,823620,22.351676106,114.251763433
8283,843872,823927,22.354448975,114.250696993
8284,843759,823774,22.353067798,114.249599227
8285,843918,824046,22.355523406,114.251144148
8286,843960,824075,22.355785104,114.251552043
8287,844053,824507,22.359685880,114.252457038
8288,844220,824600,22.360524955,114.254078862
8289,844503,824740,22.361787896,114.256827177
8290,844509,824732,22.361715623,114.256885389
8291,844761,825050,22.364586106,114.259333720
8292,844773,825114,22.365164001,114.259450570
8293,844845,825368,22.367457398,114.260150992
8294,844812,825489,22.368550257,114.259831233
8295,844826,825873,22.372017910,114.259969223
8296,844841,825897,22.372234568,114.260114996
8297,845010,826207,22.375033177,114.261757620
8298,845064,826270,22.375601824,114.262282297
8299,845364,826562,22.378237172,114.265196917
8300,845402,826593,22.378516916,114.265566076
8301,845694,826838,22.380727813,114.268402859
8302,845732,826842,22.380763726,114.268771870
8303,845946,826983,22.382035834,114.270850710
8304,845969,827055,22.382685901,114.271074485
8305,846036,827138,22.383435053,114.271725586
8306,846251,826996,22.382151483,114.273812431
8307,846000,827483,22.386550784,114.271378117
8308,846032,827520,22.386884730,114.271689083
8309,846632,828258,22.393545720,114.277520259
8310,847228,828471,22.395465508,114.283309533
8311,847213,828484,22.395583001,114.283163954
8312,847478,828588,22.396520459,114.285738162
8313,847585,828525,22.395950835,114.286776823
8314,847826,828305,22.393962518,114.289115641
8315,840218,820101,22.319910298,114.215213075
8316,840271,820181,22.320632623,114.215727694
8317,840137,820569,22.324136798,114.214428021
8318,840127,820715,22.325455287,114.214331311
8319,840273,820587,22.324299037,114.215748123
8320,840383,820454,22.323097709,114.216815474
8322,839857,821091,22.328851371,114.211711431
8323,839866,821693,22.334287761,114.211800146
8324,840843,821641,22.333815847,114.221283732
8325,839573,820249,22.321248187,114.208953010
8326,839446,820225,22.321031692,114.207720288
8327,839518,820841,22.326594400,114.208420378
8328,839537,820859,22.326756914,114.208604838
8330,839274,820510,22.323605720,114.206051378
8332,839303,820408,22.322684549,114.206332666
8333,839090,820369,22.322332719,114.204265177
8334,839078,820329,22.321971515,114.204148633
8336,839230,821180,22.329656288,114.205625544
8337,839123,822014,22.337187972,114.204588420
8339,838844,822089,22.337865706,114.201880233
8341,838286,822671,22.343122245,114.196464325
8343,838546,822800,22.344286862,114.198988488
8344,838407,822939,22.345542290,114.197639305
8345,838411,823079,22.346806564,114.197678324
8346,838529,823281,22.348630586,114.198824139
8347,838598,823514,22.350734614,114.199494330
8348,838985,823087,22.346877996,114.203250652
8349,838759,822994,22.346038496,114.201056529
9000,835372,818046,22.301356719,114.168178924
9002,835385,818537,22.305790756,114.168304816
9003,835728,818317,22.303804163,114.171633714
9004,835788,817364,22.295198003,114.172216290
9007,836231,818096,22.301808480,114.176515279
9009,835672,818968,22.309683070,114.171090000
9010,835702,818880,22.308888387,114.171381190
9011,835836,818745,22.307669294,114.172681728
9012,835825,818784,22.308021485,114.172574961
9013,836806,818423,22.304761405,114.182095623
9014,836688,818233,22.303045622,114.180950387
9015,836617,818240,22.303108852,114.180261345
9016,835295,818691,22.307181422,114.167431271
9017,835271,818689,22.307163347,114.167198349
9019,837525,818056,22.301446794,114.189073198
9020,837001,818631,22.306639699,114.183988185
9021,837001,818587,22.306242353,114.183988165
9022,837067,818784,22.308021353,114.184628798
9023,837157,818473,22.305212789,114.185502091
9025,837387,820359,22.322244367,114.187735561
9026,837367,820371,22.322352747,114.187541446
9027,837442,820478,22.323318971,114.188269487
9028,837366,818944,22.309466084,114.187530757
9029,837308,819150,22.311326425,114.186967985
9030,837399,819475,22.314261313,114.187851408
9031,837421,819499,22.314478033,114.188064949
9032,837675,819790,22.317105747,114.190530435
9033,837632,819740,22.316654252,114.190113042
9034,837878,820190,22.320717807,114.192501117
9035,837977,819912,22.318207206,114.193461720
9036,835668,819168,22.311489190,114.171051105
9038,835535,818687,22.307145417,114.169760502
9039,835543,819104,22.310911183,114.169837956
9040,834912,819698,22.316274981,114.163713359
9041,834989,819424,22.313800655,114.164460920
9045,836012,820156,22.320411506,114.174389615
9047,834673,819899,22.318089926,114.161393484
9048,834607,819986,22.318875526,114.160752806
9049,834728,819979,22.318812424,114.161927231
9050,834586,819950,22.318550404,114.160549020
9051,835614,819469,22.314207381,114.170526890
9052,835578,819542,22.314866601,114.170177457
9053,835557,819656,22.315896081,114.169973588
9054,835527,819806,22.317250658,114.169682347
9055,835438,819677,22.316085671,114.168818595
9057,836146,819328,22.312934185,114.175690285
9058,836946,819126,22.311109872,114.183454616
9059,836840,819238,22.312121338,114.182425885
9061,836757,819458,22.314108097,114.181620399
9062,836723,819612,22.315498818,114.181290452
9065,836626,819737,22.316627666,114.180349028
9066,836219,819885,22.317964232,114.176398772
9067,836830,820095,22.319860564,114.182329133
9068,836907,820126,22.320140486,114.183076508
9069,837305,820111,22.320004832,114.186939494
9070,835470,820107,22.319968842,114.169128966
9071,835489,820121,22.320095279,114.169313373
9072,835363,820069,22.319625627,114.168090445
9073,835306,820048,22.319435953,114.167537216
9074,835291,820123,22.320113240,114.167391581
9075,835547,820126,22.320140457,114.169876320
9076,835375,820390,22.322524453,114.168206738
9077,835345,820751,22.325784480,114.167915346
9078,835303,820650,22.324872368,114.167507737
9079,835214,820758,22.325847619,114.166643801
9080,835239,820833,22.326524928,114.166886414
9081,835083,820167,22.320510456,114.165372697
9082,834975,820720,22.325504294,114.164323999
9083,835098,820855,22.326723511,114.165517787
9084,834913,820822,22.326425367,114.163722117
9085,834737,820502,22.323535432,114.162014086
9086,834719,820489,22.323418018,114.161839386
9087,834722,820301,22.321720270,114.161868685
9088,834763,820075,22.319679392,114.162266848
9089,834828,820075,22.319679447,114.162897738
9091,833990,820912,22.327237147,114.154762931
9092,833960,820903,22.327155832,114.154471749
9093,834093,820887,22.327011516,114.155762736
9094,834200,820912,22.327237412,114.156801299
9095,834283,820976,22.327815467,114.157606860
9096,834514,820398,22.322596038,114.159849705
9097,833461,821894,22.336104396,114.149626468
9098,833776,821715,22.334488408,114.152684490
9099,833804,821733,22.334650998,114.152956259
9100,833951,821556,22.333052790,114.154383447
9101,834278,821298,22.330723309,114.157557928
9102,834358,821103,22.328962436,114.158334700
9103,834418,821015,22.328167810,114.158917199
9104,834498,821145,22.329341870,114.159693582
9105,834558,821065,22.328619484,114.160276066
9106,834497,820949,22.327571874,114.159684091
9107,834637,820883,22.326975994,114.161043073
9108,834661,820859,22.326759282,114.161276053
9109,834766,820896,22.327093509,114.162295199
9111,835552,820231,22.321088671,114.169924804
9112,835596,820239,22.321160934,114.170351868
9114,835789,820249,22.321251304,114.172225141
9115,835789,820377,22.322407219,114.172225103
9116,835659,820493,22.323454727,114.170963256
9117,835560,820857,22.326741823,114.170002177
9119,835984,820734,22.325631182,114.174117745
9120,836684,820900,22.327130231,114.180912268
9121,836637,820810,22.326317489,114.180456042
9122,836859,820820,22.326407733,114.182610877
9123,836350,820723,22.325531867,114.177670287
9124,837366,820914,22.327256357,114.187532113
9125,837413,820947,22.327554336,114.187988343
9128,836258,822326,22.340007888,114.176777293
9129,837304,821055,22.328529709,114.186930401
9130,837310,821226,22.330073935,114.186988753
9131,837272,821341,22.331112474,114.186619970
9132,837326,821350,22.331193717,114.187144142
9133,837340,821618,22.333613904,114.187280218
9134,837373,821815,22.335392907,114.187600684
9135,836725,821239,22.330191589,114.181310333
9136,836747,821848,22.335691205,114.181524065
9137,836772,822148,22.338400371,114.181766837
9138,836777,821602,22.333469675,114.181815198
9139,836786,821591,22.333370336,114.181902557
9140,836774,821405,22.331690651,114.181786015
9141,836795,821372,22.331392636,114.181989847
9142,836791,821187,22.329721979,114.181950959
9143,836801,821144,22.329333661,114.182048011
9144,836785,821046,22.328448669,114.181892673
9145,836795,820986,22.327906831,114.181989719
9146,837103,821108,22.329008439,114.184979402
9147,837091,821121,22.329125843,114.184862930
9149,837603,822587,22.342364345,114.189833957
9150,836848,822387,22.340558653,114.182504678
9151,836908,822506,22.341633270,114.183087172
9152,837607,822988,22.345985599,114.189873124
9153,837480,822955,22.345687685,114.188640208
9154,837513,822969,22.345814089,114.188960576
9155,837371,822974,22.345859339,114.187582072
9156,837294,822971,22.345832296,114.186834569
9157,837364,823048,22.346527606,114.187514168
9158,836869,822686,22.343258786,114.182708647
9159,836638,822569,22.342202276,114.180466160
9160,836760,822363,22.340341947,114.181650417
9161,835044,822366,22.340368678,114.164992485
9162,835064,822387,22.340558334,114.165186618
9164,834998,822381,22.340504103,114.164545932
9165,835844,822673,22.343141444,114.172758340
9166,835858,822610,22.342572522,114.172894263
9168,835003,821418,22.331807663,114.164595228
9169,835014,821431,22.331925068,114.164701993
9170,834843,821722,22.334552834,114.163041866
9171,834771,821809,22.335338433,114.162342880
9172,836020,821126,22.329171177,114.174467116
9173,836054,821443,22.332033876,114.174797100
9174,836120,821630,22.333722602,114.175437735
9175,835169,821480,22.332367672,114.166206519
9176,835164,821494,22.332494097,114.166157975
9177,835405,821758,22.334878307,114.168497190
9179,835447,821846,22.335673018,114.168904841
9180,835467,821876,22.335943945,114.169098968
9181,835384,821934,22.336467678,114.168293246
9182,835376,821948,22.336594102,114.168215581
9183,835471,821987,22.336946341,114.169137741
9184,835316,822174,22.338634980,114.167633017
9185,835236,822180,22.338689117,114.166856429
9186,835082,821620,22.333631896,114.165361918
9187,835051,821706,22.334408504,114.165060938
9189,835092,821861,22.335808272,114.165458811
9192,835176,821394,22.331591047,114.166274525
9193,835240,821487,22.332430930,114.166895702
9194,835353,821418,22.331807884,114.167992618
9195,835481,821385,22.331509938,114.169235108
9196,835516,821397,22.331618320,114.169574840
9197,835655,821397,22.331618375,114.170924087
9198,835764,821208,22.329911630,114.171982189
9199,835726,821332,22.331031411,114.171613293
9200,835726,821146,22.329351722,114.171613355
9201,835785,821006,22.328087458,114.172186090
9202,835774,820980,22.327852660,114.172079326
9203,835819,821350,22.331193988,114.172516018
9204,835717,821615,22.333587062,114.171525835
9207,835994,821796,22.335221662,114.174214630
9208,836010,821795,22.335212634,114.174369943
9209,834825,821054,22.328520391,114.162867740
9210,834803,821076,22.328719046,114.162654175
9211,834781,821119,22.329107342,114.162440589
9212,834535,821278,22.330542975,114.160052584
9213,834509,821247,22.330263000,114.159800243
9214,834482,821252,22.330308126,114.159538156
9215,834700,821371,22.331382977,114.161654105
9216,834677,821358,22.331265558,114.161430862
9217,834773,821308,22.330814115,114.162362760
9218,835098,821009,22.328114222,114.165517674
9219,835127,821015,22.328168424,114.165799161
9220,834102,821544,22.332944620,114.155849207
9221,834158,821585,22.333314943,114.156392740
9223,833588,822143,22.338353211,114.150858856
9224,833844,822083,22.337811756,114.153344010
9225,834006,821959,22.336692186,114.154916759
9226,834210,821782,22.335094029,114.156897247
9227,834179,821773,22.335012717,114.156596340
9228,834386,821604,22.333486788,114.158605898
9229,834495,821540,22.332908946,114.159664025
9230,835099,821091,22.328854730,114.165527321
9232,834990,821252,22.330308577,114.164469171
9233,834971,821278,22.330543358,114.164284723
9234,834889,821447,22.332069462,114.163488625
9235,834692,821504,22.332584037,114.161576320
9236,834322,821919,22.336331348,114.157984271
9237,834213,822009,22.337143974,114.156926078
9238,833757,822315,22.339906724,114.152499117
9239,833461,822205,22.338912905,114.149625923
9240,833299,822144,22.338361768,114.148053451
9241,833204,822109,22.338045532,114.147131326
9242,832955,822058,22.337584511,114.144714325
9243,832952,822089,22.337864453,114.144685139
9245,833982,822308,22.339843824,114.154683289
9246,834176,822283,22.339618306,114.156566554
9247,834169,822147,22.338390140,114.156498780
9248,834261,822071,22.337703926,114.157391945
9249,834297,822041,22.337433050,114.157741443
9250,834525,822063,22.337631968,114.159954664
9251,834498,821872,22.335907101,114.159692780
9252,834453,821910,22.336250216,114.159255917
9253,834666,821733,22.334652015,114.161323713
9254,834505,822307,22.339835408,114.159760251
9255,832681,822015,22.337195648,114.142054641
9256,832636,822004,22.337096217,114.141617842
9257,832508,821957,22.336671505,114.140375432
9258,832479,821963,22.336725625,114.140093910
9261,811394,819784,22.316872494,113.935452960
9263,811502,819109,22.310778450,113.936511610
9264,811724,818322,22.303674602,113.938678235
9267,810635,817504,22.296271770,113.928122793
9416,829040,822711,22.343469481,114.106707600
9417,829147,822862,22.344833541,114.107745644
9418,829162,822964,22.345754720,114.107890807
9419,829335,822870,22.344906554,114.109570661
9420,829362,822860,22.344816357,114.109832813
9421,830283,823536,22.350924465,114.118771096
9422,830387,823604,22.351538902,114.119780493
9423,829368,823302,22.348807887,114.109889153
9424,829315,823415,22.349828127,114.109374138
9425,829173,823601,22.351507230,114.107994767
9426,829114,823640,22.351859177,114.107421810
9427,829270,823805,22.353349859,114.108935569
9428,829269,823844,22.353702047,114.108925690
9430,828975,823930,22.354477452,114.106071047
9431,829078,823999,22.355100994,114.107070701
9432,829042,824103,22.356040020,114.106720727
9433,828940,824315,22.357954064,114.105729489
9434,829104,824555,22.360122085,114.107320629
9435,828646,824723,22.361637246,114.102873206
9436,828094,823843,22.353687831,114.097518402
9437,828098,823905,22.354247744,114.097556918
9438,828102,824036,22.355430765,114.097595083
9439,828084,824113,22.356126031,114.097419936
9440,827969,824255,22.357407817,114.096302722
9441,828193,823398,22.349669704,114.098481773
9442,828284,823378,22.349489518,114.099365306
9443,828328,823388,22.349580028,114.099792410
9444,828491,823385,22.349553681,114.101374837
9445,828405,823439,22.350040940,114.100539679
9446,828436,823432,22.349977867,114.100840664
9447,828543,823531,22.350872376,114.101878950
9448,828651,823544,22.350990255,114.102927367
9449,828937,823482,22.350431604,114.105704182
9450,828973,823494,22.350540124,114.106053619
9451,829066,823448,22.350125110,114.106956681
9452,829076,823254,22.348373224,114.107054634
9453,829050,823231,22.348165413,114.106802330
9454,828949,823232,22.348174016,114.105821823
9455,828719,823325,22.349012864,114.103588555
9456,828679,823312,22.348895291,114.103200296
9458,828868,823703,22.352427060,114.105033300
9459,828598,823857,22.353816581,114.102411334
9460,828577,823898,22.354186740,114.102207262
9461,828586,824084,22.355866462,114.102293744
9462,828564,824092,22.355938608,114.102080119
9463,828697,824006,22.355162572,114.103371755
9464,828721,823889,22.354106103,114.103605310
9466,831069,823693,22.352344818,114.126401189
9467,831068,823723,22.352615732,114.126391383
9468,830635,823961,22.354763639,114.122186867
9469,830609,823885,22.354077232,114.121934717
9470,830270,825249,22.366393745,114.118638464
9471,830294,825254,22.366438981,114.118871467
9473,830826,825710,22.370558673,114.124035220
9474,830933,825692,22.370396459,114.125074197
9475,831043,825772,22.371119239,114.126141980
9476,831068,825781,22.371200590,114.126384690
9477,831311,825834,22.371679927,114.128743946
9478,831377,825831,22.371653024,114.129384788
9479,831485,825753,22.370948947,114.130433657
9480,831544,825700,22.370470492,114.131006676
9481,831640,825673,22.370226928,114.131938866
9482,831755,825682,22.370308509,114.133055432
9483,831759,825689,22.370371733,114.133094250
9484,831705,825594,22.369513690,114.132570209
9485,831819,825415,22.367897523,114.133677582
9486,831755,825325,22.367084607,114.133056440
9487,831952,825363,22.367428274,114.134969063
9488,831722,825028,22.364402450,114.132736879
9489,831629,824838,22.362686398,114.131834485
9490,831644,824771,22.362081392,114.131980313
9491,831522,824508,22.359706027,114.130796606
9492,831546,824481,22.359462268,114.131029696
9493,831468,824326,22.358062317,114.130272879
9494,831013,824133,22.356318091,114.125856081
9495,831004,824108,22.356092299,114.125768787
9496,831040,824324,22.358043008,114.126117587
9498,831589,824898,22.363228123,114.131445951
9499,831473,824990,22.364058613,114.130319431
9501,831234,824152,22.356490332,114.128001605
9502,830712,825006,22.364200810,114.122930783
9503,830688,824903,22.363270586,114.122698125
9504,830538,824749,22.361879389,114.121242327
9505,830483,824718,22.361599258,114.120708449
9506,830659,824683,22.361283773,114.122417336
9507,830665,824674,22.361202517,114.122475621
9508,830666,824509,22.359712481,114.122485908
9509,830698,824506,22.359685493,114.122796598
9510,830895,824636,22.360860091,114.124708786
9511,831142,824913,22.363362306,114.127105980
9512,831212,824813,22.362459459,114.127785927
9513,831223,824806,22.362396277,114.127892747
9514,831323,824971,22.363886608,114.128863131
9515,831446,825113,22.365169294,114.130056916
9516,831437,825122,22.365250543,114.129969506
9517,831192,825091,22.364969891,114.127590865
9518,831195,825110,22.365141480,114.127619932
9519,831033,825132,22.365339666,114.126046981
9520,831000,825086,22.364924160,114.125726731
9521,831396,825519,22.368835551,114.129570221
9522,831462,825550,22.369115684,114.130210948
9523,831635,825280,22.366677914,114.131891458
9524,831626,825207,22.366018660,114.131804287
9525,831545,825229,22.366217111,114.131017777
9527,832033,825046,22.364565794,114.135756355
9528,832076,824656,22.361043987,114.136174869
9529,831972,824548,22.360068432,114.135165438
9530,831609,823892,22.354143446,114.131643062
9531,831640,823774,22.353077924,114.131944363
9532,831764,823654,22.351994587,114.133148529
9533,831736,823601,22.351515894,114.132876849
9534,832390,822782,22.344121463,114.139227989
9535,832404,822743,22.343769303,114.139363991
9536,832788,822337,22.340103711,114.143092612
9537,831518,823946,22.354630847,114.130759440
9538,831157,823630,22.351776157,114.127255715
9539,831258,823672,22.352155737,114.128236113
9540,831281,823686,22.352282232,114.128459358
9541,831159,823554,22.351089841,114.127275375
9542,831125,823415,22.349834492,114.126945744
9543,831114,823222,22.348091561,114.126839577
9544,831098,823194,22.347838658,114.126684340
9545,831081,823031,22.346366625,114.126519834
9546,831141,822936,22.345508902,114.127102608
9547,831197,822886,22.345057540,114.127646402
9548,831296,822979,22.345897671,114.128607179
9549,831294,823003,22.346114398,114.128587689
9550,831405,822805,22.344326664,114.129665858
9551,831481,822751,22.343839227,114.130403804
9552,831583,822713,22.343496346,114.131394096
9553,831718,822469,22.341293250,114.132705320
9554,831709,822464,22.341248074,114.132617967
9555,831915,822270,22.339496677,114.134618235
9556,832034,822333,22.340065900,114.135773243
9557,832065,822462,22.341230919,114.136073834
9558,832068,822718,22.343542751,114.136102285
9559,832120,822753,22.343858947,114.136606991
9560,832283,822624,22.342694389,114.138189661
9561,832120,822476,22.341357480,114.136607709
9563,832295,822433,22.340969579,114.138306626
9564,832507,822050,22.337511347,114.140365507
9565,831717,822273,22.339523256,114.132696169
9566,831613,822387,22.340552463,114.131686273
9567,831892,825730,22.370742329,114.134385501
9568,831924,825694,22.370417311,114.134696303
9569,832136,825795,22.371329918,114.136754456
9570,832277,825650,22.370020823,114.138123866
9571,832342,825721,22.370662141,114.138754808
9572,832294,825654,22.370056985,114.138288917
9573,832429,825906,22.372332987,114.139599091
9574,832525,825606,22.369624038,114.140531918
9575,832680,825689,22.370373903,114.142036696
9576,832638,825533,22.368965051,114.141629251
9577,832630,825517,22.368820545,114.141551613
9578,832688,825322,22.367059712,114.142115194
9579,832512,825101,22.365063587,114.140406882
9580,832390,825169,22.365677393,114.139222203
9581,832370,825049,22.364593683,114.139028313
9582,832334,824981,22.363979524,114.138678952
9583,832249,824919,22.363419434,114.137853839
9584,832120,824864,22.362922447,114.136601519
9585,832305,824822,22.362543601,114.138397784
9586,832188,825240,22.366318094,114.137260770
9587,832358,825355,22.367357001,114.138911055
9588,832389,825475,22.368440736,114.139211752
9589,832420,825614,22.369696050,114.139512408
9590,832091,826043,22.373569381,114.136316878
9591,832105,826048,22.373614568,114.136452801
9592,832088,826248,22.375420633,114.136287212
9593,832121,826497,22.377669314,114.136606991
9594,832173,826575,22.378373820,114.137111711
9595,832148,826450,22.377244944,114.136869282
9596,832010,826803,22.380432384,114.135528365
9597,831966,826785,22.380269725,114.135101165
9598,832228,826908,22.381381115,114.137644922
9599,832292,826947,22.381733455,114.138266281
9600,831602,826617,22.378751646,114.131567149
9602,830679,826109,22.374161383,114.122606527
9603,830680,826151,22.374540668,114.122616089
9604,830886,826306,22.375941058,114.124615783
9605,830888,826280,22.375706271,114.124635290
9606,831174,826634,22.378903949,114.127411182
9607,831166,826612,22.378705254,114.127333572
9608,830663,825997,22.373149911,114.122451563
9610,830301,825819,22.371541258,114.118937322
9612,830262,825904,22.372308717,114.118558329
9613,830178,826059,22.373708153,114.117742129
9614,830166,826083,22.373924843,114.117625521
9615,830562,825867,22.371975610,114.121471349
9616,831377,826716,22.379645042,114.129382079
9617,831399,826742,22.379879898,114.129595623
9618,828933,827659,22.388152118,114.105646174
9619,829233,827215,22.384143826,114.108561348
9620,828811,828065,22.391817979,114.104459568
9621,829242,827217,22.384161924,114.108648733
9622,829643,826891,22.381219569,114.112543976
9623,829593,826966,22.381896664,114.112058150
9624,829679,826729,22.379756763,114.112894213
9625,829664,826727,22.379738645,114.112748569
9626,830082,826350,22.376335694,114.116808869
9627,830375,826303,22.375912289,114.119654045
9628,830035,826112,22.374186258,114.116353432
9629,830010,826077,22.373870099,114.116110825
9630,829948,826080,22.373896964,114.115508810
9631,829949,826051,22.373635082,114.115518634
9632,829901,826072,22.373824546,114.115052484
9634,829997,826032,22.373463678,114.115984775
9635,829699,826188,22.374871326,114.113090641
9636,829655,826372,22.376532774,114.112662648
9637,829429,826361,22.376432553,114.110468253
9638,829454,826362,22.376441683,114.110710997
9639,829533,826468,22.377399230,114.111477633
9640,829388,826542,22.378066914,114.110069367
9641,829335,826554,22.378175068,114.109554684
9642,829241,826602,22.378608151,114.108641729
9643,829204,826599,22.378580907,114.108282470
9644,829105,826606,22.378643711,114.107321143
9646,828776,826472,22.377432217,114.104127160
9647,828796,826340,22.376240275,114.104321977
9648,828905,826410,22.376872882,114.105380034
9651,829160,826287,22.375763202,114.107856616
9652,829259,826249,22.375420449,114.108818060
9656,829352,825851,22.371826676,114.109722798
9657,829522,826075,22.373850191,114.111372483
9658,829485,826077,22.373868106,114.111013214
9659,829658,825445,22.368161485,114.112695613
9660,829732,825166,22.365642248,114.113415245
9661,829924,825068,22.364757975,114.115279794
9662,829938,825082,22.364884454,114.115415666
9663,829756,824993,22.364080056,114.113648970
9664,829816,824816,22.362481877,114.114232228
9666,830038,825314,22.366979904,114.116385673
9667,830166,825381,22.367585410,114.117628202
9668,830153,825391,22.367675669,114.117501943
9669,830441,825543,22.369049311,114.120297669
9670,830422,825556,22.369166643,114.120113142
9671,830225,825536,22.368985351,114.118200464
9672,830146,825583,22.369409507,114.117433242
9673,830027,825652,22.370032185,114.116277551
9674,830026,825635,22.369878663,114.116267908
9675,829935,825688,22.370356948,114.115384137
9676,829621,825888,22.372161868,114.112334524
9677,829758,826134,22.374383903,114.113663739
9678,829960,825832,22.371657436,114.115626306
9679,829996,825856,22.371874301,114.115975756
9680,829988,825891,22.372190340,114.115897942
9681,829915,825468,22.368370157,114.115190822
9682,829832,825478,22.368460153,114.114384905
9683,828663,826009,22.373250587,114.103032137
9684,828636,825899,22.372257109,114.102770501
9685,828620,825799,22.371353985,114.102615626
9686,828461,825847,22.371786735,114.101071571
9688,828298,825668,22.370169522,114.099489802
9689,828334,825596,22.369519491,114.099839700
9690,828109,825459,22.368281254,114.097655778
9691,828026,825483,22.368497591,114.096849779
9692,827638,825446,22.368161556,114.093082748
9693,827424,825389,22.367645727,114.091005266
9694,827106,825372,22.367490542,114.087917806
9695,826696,825515,22.368779671,114.083936142
9696,826248,825681,22.370276184,114.079585301
9697,826205,825688,22.370339146,114.079167750
9698,825867,825463,22.368305264,114.075887410
9699,825724,825424,22.367952202,114.074499232
9700,825269,825037,22.364454535,114.070084158
9701,825206,825058,22.364643772,114.069472341
9704,824546,825319,22.366996362,114.063062432
9705,824401,825397,22.367699747,114.061654012
9706,824382,825379,22.367537066,114.061469669
9707,824103,825295,22.366776549,114.058761420
9708,824150,825307,22.366885248,114.059217662
9709,823921,825226,22.366152145,114.056994873
9710,823900,825166,22.365610162,114.056791445
9711,823861,825114,22.365140294,114.056413192
9712,823807,825143,22.365401788,114.055888674
9713,823821,825141,22.365383829,114.056024617
9714,823680,825091,22.364931275,114.054656024
9715,823695,825076,22.364795927,114.054801778
9716,823623,824963,22.363774949,114.054103618
9717,823322,824808,22.362372976,114.051182459
9718,823284,824803,22.362327537,114.050813561
9719,822871,824659,22.361023971,114.046804986
9720,822419,824634,22.360794624,114.042416814
9721,822631,824696,22.361356212,114.044474552
9722,821741,824314,22.357899258,114.035837152
9723,821764,824282,22.357610476,114.036060741
9724,821460,824156,22.356470037,114.033110499
9725,821441,824177,22.356659514,114.032925842
9726,819598,825005,22.364119889,114.015024418
9727,819216,825248,22.366310552,114.011312977
9730,815717,827015,22.382229104,113.977317865
9731,815935,827184,22.383757850,113.979432549
9732,816048,827259,22.384436470,113.980528870
9733,814588,826011,22.373148623,113.966368619
9736,814390,826603,22.378492149,113.964438001
9737,814338,826601,22.378473425,113.963933109
9760,814325,826880,22.380992758,113.963803044
9761,814390,827154,22.383467934,113.964430449
9763,814475,827383,22.385536991,113.965252700
9764,814973,826998,22.382066515,113.970093659
9765,815004,826960,22.381723742,113.970395183
9766,815236,827208,22.383966156,113.972644687
9767,815406,827203,22.383923079,113.974295517
9768,815220,827190,22.383803412,113.972489558
9770,815513,827289,22.384700997,113.975333409
9771,816087,827560,22.387155100,113.980903770
9772,816063,827576,22.387299305,113.980670513
9773,815877,827915,22.390358431,113.978860006
9774,815869,827942,22.390602159,113.978781974
9775,815769,828041,22.391494982,113.977809618
9776,815708,828086,22.391900623,113.977216672
9777,815906,828145,22.392435781,113.979138684
9778,815830,828219,22.393103131,113.978399702
9780,815686,828332,22.394121851,113.976999858
9781,815359,828309,22.393910195,113.973824634
9782,815493,828104,22.392060580,113.975128588
9783,815533,828056,22.391627602,113.975517649
9784,815562,828037,22.391456374,113.975799512
9785,815515,827617,22.387663013,113.975348563
9786,815497,827608,22.387581521,113.975173889
9787,814735,828047,22.391536497,113.967768465
9788,814733,828248,22.393351592,113.967746329
9789,814711,828282,22.393658351,113.967532227
9790,814959,828435,22.395043109,113.969938523
9791,815035,828386,22.394601560,113.970677223
9793,814698,828623,22.396737571,113.967401371
9794,814721,828642,22.396909439,113.967624474
9795,814825,829070,22.400775773,113.968628691
9796,814833,829086,22.400920360,113.968706168
9797,814628,829087,22.400926815,113.966715286
9798,814562,829149,22.401485868,113.966073479
9799,814745,829210,22.402039032,113.967849877
9800,814767,829192,22.401876760,113.968063776
9801,814679,829631,22.405840017,113.967203208
9802,814658,829620,22.405740418,113.966999407
9803,814859,829556,22.405164992,113.968952356
9804,814847,829525,22.404884898,113.968836231
9805,815260,829398,22.403743143,113.972848890
9806,815171,829260,22.402495849,113.971986371
9807,815195,829126,22.401286065,113.972221222
9808,815182,829097,22.401024022,113.972095355
9809,814950,829230,22.402222202,113.969840494
9815,815726,828579,22.396352853,113.977385120
9816,815743,828579,22.396353056,113.977550211
9817,815647,828602,22.396559605,113.976617634
9818,815719,828738,22.397788611,113.977315092
9819,815638,828844,22.398744866,113.976527102
9820,815706,828843,22.398736652,113.977187491
9823,815752,829205,22.402006226,113.977629557
9824,815736,829204,22.401997004,113.977474184
9825,815718,829266,22.402556676,113.977298575
9826,815915,829337,22.403200188,113.979210869
9979,820824,834230,22.447437405,114.026838307
9982,820407,834549,22.450314292,114.022784045
10000,836912,815400,22.277461787,114.183123125
10001,840117,808840,22.218216395,114.214205746
10002,840479,809996,22.228655038,114.217719807
10003,841551,813145,22.257089690,114.228128247
10004,837182,815390,22.277371358,114.185742949
10006,840149,807385,22.205076637,114.214512604
10007,839173,808740,22.217315170,114.205049718
10008,837163,812772,22.253729115,114.185557124
10010,839615,809047,22.220086796,114.209337283
10137,823214,833750,22.443122704,114.050060682
10138,823483,833603,22.441797261,114.052675072
10139,823398,833678,22.442473906,114.051848738
10140,823858,833438,22.440309999,114.056319274
10141,823848,833418,22.440129317,114.056222286
10142,823311,834799,22.452596361,114.050994444
10143,824297,833392,22.439897725,114.060584214
10144,824382,833404,22.440006683,114.061409840
10145,824491,833401,22.439980345,114.062468723
10146,824628,833426,22.440207044,114.063799401
10147,824760,833399,22.439964114,114.065081889
10148,824932,833381,22.439802714,114.066752879
10149,824927,833368,22.439685285,114.066704400
10150,825210,833385,22.439840655,114.069453428
10151,825123,833390,22.439885243,114.068608248
10152,825759,833428,22.440232423,114.074786300
10153,825791,833438,22.440322924,114.075097093
10154,826185,833470,22.440614264,114.078924342
10155,826184,833459,22.440514923,114.078914697
10156,826622,833565,22.441474675,114.083168943
10157,826805,833525,22.441114479,114.084946921
10158,826897,833587,22.441674873,114.085840281
10159,827206,833525,22.441116649,114.088842397
10160,827234,833557,22.441405772,114.089114218
10161,827267,833579,22.441604615,114.089434670
10162,827364,833487,22.440774322,114.090377485
10163,827681,833842,22.443981750,114.093455027
10164,827710,833893,22.444442448,114.093736476
10166,827901,834087,22.446195299,114.095590951
10167,828029,834312,22.448227770,114.096833275
10168,828033,834360,22.448661250,114.096871886
10169,828175,834685,22.451596821,114.098249752
10170,828175,834750,22.452183799,114.098249421
10171,827666,833324,22.439303903,114.093312109
10172,827708,833307,22.439150595,114.093720200
10173,828081,833179,22.437996522,114.097344280
10174,828120,833173,22.437942525,114.097723164
10175,828506,832829,22.434837842,114.101474517
10176,828551,832766,22.434269127,114.101911951
10177,828595,832647,22.433194700,114.102339938
10178,828385,832355,22.430556851,114.100301474
10179,828357,832339,22.430412235,114.100029571
10180,827880,832270,22.429786863,114.095396519
10181,827788,832282,22.429894775,114.094502802
10182,827500,832262,22.429712716,114.091705389
10183,827485,832268,22.429766822,114.091559652
10184,827004,832174,22.428915424,114.086887951
10185,827009,832166,22.428843207,114.086936565
10186,826755,832112,22.428354170,114.084469647
10187,826702,832112,22.428353875,114.083954831
10188,826500,831976,22.427124592,114.081993535
10189,826497,831988,22.427232941,114.081964321
10190,826255,831798,22.425515755,114.079614865
10191,826240,831781,22.425362149,114.079469273
10192,826072,831681,22.424458111,114.077838078
10193,826036,831667,22.424331470,114.077488491
10194,825793,831772,22.425278200,114.075127485
10195,825837,831702,22.424646336,114.075555329
10196,825658,831910,22.426523573,114.073815271
10197,825577,831974,22.427101018,114.073028057
10198,825467,832150,22.428689689,114.071958387
10199,825453,832179,22.428951484,114.071822200
10200,825384,832464,22.431524726,114.071150017
10201,825370,832494,22.431795551,114.071013819
10202,825311,832710,22.433745752,114.070439221
10203,825305,832770,22.434287541,114.070380524
10205,824947,833127,22.437509081,114.066900401
10206,824809,833192,22.438095141,114.065559381
10207,824720,833198,22.438148726,114.064694775
10208,824616,831296,22.420972098,114.063698421
10209,824690,831203,22.420132766,114.064417858
10210,829213,831984,22.427210159,114.108346038
10211,829177,832033,22.427652504,114.107996136
10212,828972,832279,22.429873137,114.106003747
10213,829612,831517,22.422994526,114.112223652
10214,829641,831278,22.420836355,114.112506328
10215,829657,831290,22.420944783,114.112661686
10216,829394,830447,22.413331054,114.110110802
10217,828875,829806,22.407540352,114.105073001
10218,828906,829712,22.406691620,114.105374509
10219,829253,828874,22.399125520,114.108748264
10220,829235,828461,22.395395849,114.108575278
10221,829228,828448,22.395278424,114.108507357
10222,828791,828087,22.392016563,114.104265246
10224,835226,812081,22.247488845,114.166765888
10225,835402,820465,22.323201761,114.168468765
10226,841543,815802,22.281084143,114.228059369
10227,841455,815984,22.282727985,114.227206066
10229,841421,816001,22.282881608,114.226876204
10230,840759,816200,22.284680557,114.220453082
10231,839400,822838,22.344628678,114.207278930
10232,839295,822933,22.345486770,114.206259800
10233,837252,815561,22.278915558,114.186422269
10234,841914,831748,22.425084166,114.231715671
10236,834931,819701,22.316302087,114.163897766
10237,834952,819504,22.314523075,114.164101748
10238,841200,821394,22.331584307,114.224748356
10239,822382,822136,22.338236048,114.042079279
10240,822352,822236,22.339138860,114.041787192
10241,834446,816457,22.287006333,114.159194152
10242,844023,818446,22.304951715,114.252136386
10243,844895,818852,22.308613989,114.260601299
10244,838007,822235,22.339185222,114.193755427
10245,846215,817254,22.294175965,114.273402257
10246,833231,816614,22.288422433,114.147403824
11037,809901,809541,22.224350280,113.921130501
11038,810528,809702,22.225813653,113.927209400
11039,810828,809780,22.226522479,113.930117994
11040,811058,809911,22.227708857,113.932346822
11041,811404,810027,22.228761418,113.935701078
11042,812025,810303,22.231262685,113.941720393
11051,811220,815386,22.277153671,113.933832857
11052,811382,815553,22.278664118,113.935402149
11053,811564,815582,22.278928621,113.937167661
11054,811787,815597,22.279067258,113.939331221
11055,811872,815696,22.279962488,113.940154480
11056,811738,815581,22.278922073,113.938856013
11057,811567,815571,22.278829328,113.937196939
11058,811406,815545,22.278592220,113.935635146
11059,811252,815398,22.277262502,113.934143165
11066,812559,810549,22.233491622,113.946896468
11067,811372,810010,22.228607437,113.935390952
11068,811146,809920,22.227791414,113.933200243
11069,810767,809736,22.226124234,113.929527024
11070,810674,809650,22.225346228,113.928626342
11071,809864,809467,22.223681450,113.920772839
11072,809763,809335,22.222487865,113.919795386
11073,809198,809170,22.220989066,113.914318119
11074,808844,809206,22.221308592,113.910884033
11075,808547,809464,22.223633753,113.907998960
11076,807497,809727,22.225991652,113.897810047
11078,806814,809963,22.228111372,113.891181035
11079,807121,811246,22.239702805,113.894135563
11080,811752,815845,22.281306340,113.938987825
11084,811732,815907,22.281865950,113.938792812
11085,812032,815389,22.277192361,113.941711620
11086,811016,814535,22.269465688,113.931866834
11087,810938,814499,22.269139445,113.931110612
11088,811022,814540,22.269510929,113.931924970
11089,814700,817695,22.298052270,113.967568178
11090,816964,818894,22.308906762,113.989524583
11091,817837,819632,22.315580876,113.997988728
11092,817602,819421,22.313672898,113.995710357
11093,817028,819000,22.309864717,113.990144442
11094,816928,818939,22.309312733,113.989174653
11095,814684,817727,22.298341048,113.967412476
11102,811052,809882,22.227446882,113.932289079
12000,818199,814014,22.264850893,114.001565444
12001,818073,814146,22.266041611,114.000341477
12002,817761,814086,22.265496457,113.997315070
12003,817679,814229,22.266786953,113.996517836
12004,817677,813433,22.259598565,113.996507640
12005,816884,813033,22.255977600,113.988818945
12006,816661,812978,22.255478399,113.986656173
12007,816430,812552,22.251628719,113.984420382
12008,816048,812054,22.247127042,113.980720772
12009,815884,811737,22.244262408,113.979133838
12010,815744,811636,22.243348658,113.977777025
12011,815444,811623,22.243227670,113.974866995
12012,815200,811612,22.243125376,113.972500180
12013,814856,811383,22.241053136,113.969166207
12014,814603,811113,22.238611716,113.966715616
12015,814311,810994,22.237533387,113.963884744
12016,814082,810747,22.235299900,113.961666792
12017,813911,810577,22.233762491,113.960010436
12018,813645,810704,22.234905919,113.957428454
12019,813330,810905,22.236716923,113.954370068
12020,813079,810852,22.236234951,113.951936084
12021,812765,810679,22.234668414,113.948892762
12022,812012,810269,22.230955462,113.941594808
12023,814207,811047,22.238010686,113.962875191
12024,813624,811249,22.239827331,113.957217084
12025,812186,812164,22.248070894,113.943254209
12026,811609,813851,22.263297351,113.937630876
12027,811486,814110,22.265634509,113.936433534
12028,811272,814576,22.269839669,113.934350019
12029,811164,815282,22.276213678,113.933291117
12035,811788,816874,22.290599290,113.939321445
12036,811961,815725,22.280225631,113.941017622
12041,811212,815223,22.275681573,113.933757777
12042,811279,814643,22.270444818,113.934416894
12043,811521,814084,22.265400216,113.936773510
12044,811588,813925,22.263965314,113.937425997
12045,812116,812270,22.249027160,113.942573550
12046,813656,811254,22.239872903,113.957527427
12047,812608,810596,22.233916732,113.947371075
12048,812803,810715,22.234994033,113.949260839
12049,813030,810871,22.236405875,113.951460502
12050,813425,810917,22.236826548,113.955291416
12051,813625,810705,22.234914688,113.957234438
12052,813929,810596,22.233934305,113.960184772
12053,814076,810750,22.235326914,113.961608550
12054,814394,811011,22.237687960,113.964689634
12055,814595,811148,22.238927687,113.966637542
12056,814855,811492,22.242037461,113.969155056
12057,815562,811635,22.243337456,113.976011517
12058,815704,811636,22.243348182,113.977388998
12059,815889,811764,22.244506293,113.979181999
12060,816077,812096,22.247506667,113.981001571
12061,816440,812571,22.251800415,113.984517160
12062,816743,813032,22.255966981,113.987451040
12063,817056,813185,22.257352175,113.990485793
12064,817659,813563,22.260772351,113.996331503
12065,817965,813930,22.264089857,113.999296096
12066,817839,813826,22.263149333,113.998074824
12069,810411,810035,22.228819100,113.926069220
12070,809394,809235,22.221579111,113.916218055
12071,807059,809620,22.225018037,113.893563647
12072,811463,819618,22.315374423,113.936125224
12250,812896,817017,22.291906036,113.950071281
12351,822751,819732,22.316529518,114.045681546
12352,835582,817444,22.295920383,114.170217171
12353,833286,821484,22.332401566,114.147928484
12354,837150,818397,22.304526466,114.185434114
12355,838857,821762,22.334912688,114.202005897
12356,821917,819955,22.318536586,114.037584960
12360,820133,833668,22.442355931,114.020131068
12361,819888,833682,22.442480029,114.017750881
12362,820396,834277,22.447857917,114.022679895
12363,821675,834137,22.446605046,114.035106474
12364,837624,822051,22.337523942,114.190037360
12522,832474,815817,22.281223522,114.140059909
12523,833538,815920,22.282155687,114.150384077
12524,832478,815798,22.281051949,114.140098767
12525,840080,808686,22.216825748,114.213846518
12526,841742,813071,22.256420825,114.229981012
12527,842881,809602,22.225089420,114.241016881
12528,843130,809181,22.221286526,114.243430251
12529,831631,816224,22.284896931,114.131878827
12530,814821,826195,22.374813157,113.968628490
12531,833299,821623,22.333656839,114.148054416
12532,833434,821328,22.330993045,114.149365377
12533,834964,811587,22.243027514,114.164224623
12536,830193,815126,22.274976832,114.117929231
12537,840041,807706,22.207975737,114.213465963
12538,840051,807704,22.207957654,114.213562941
12539,811445,815941,22.282168882,113.936007442
12544,834207,816349,22.286030756,114.156875099
12545,811987,816831,22.290213791,113.941253171
12546,833428,815962,22.282534796,114.149316630
12551,845163,819021,22.310138796,114.263203234
12553,845126,819043,22.310337660,114.262844259
12556,834994,819977,22.318794579,114.164509009
12559,842146,813828,22.263255703,114.233903237
12562,833318,821638,22.333792330,114.148238821
12563,833714,821132,22.329223489,114.152083584
12564,834183,819980,22.318820882,114.156637499
12565,836367,819512,22.314595817,114.177835217
12568,833240,816452,22.286959487,114.147491463
12569,823549,824900,22.363205480,114.053385652
12570,833710,816472,22.287140859,114.152052183
12572,837873,822891,22.345109406,114.192455304
12574,831738,813255,22.258085231,114.132925477
12575,831689,813461,22.259945417,114.132449506
12576,814645,825977,22.372842306,113.966922528
12578,832078,812920,22.255060817,114.136224939
12580,832933,816680,22.289017904,114.144511946
12581,837298,822848,22.344721534,114.186873321
12583,835924,815409,22.277543151,114.173536488
12584,837423,815562,22.278924482,114.188081512
12587,817576,825831,22.371558265,113.995383114
12588,818785,835072,22.455021384,114.007020539
12589,812785,825481,22.368338763,113.948869971
12590,817568,825809,22.371359507,113.995305695
12591,818423,825876,22.371973648,114.003606586
12617,835584,815448,22.277895246,114.170237425
12620,817192,833395,22.439860369,113.991564128
12622,817954,833433,22.440211849,113.998965971
12623,817895,833453,22.440391825,113.998392596
12625,821081,835808,22.461689698,114.029319939
12626,820907,836041,22.463792227,114.027627135
12627,820835,836239,22.465579598,114.026925662
12628,820609,836124,22.464539046,114.024730961
12629,820512,835905,22.462560497,114.023790680
12630,820347,835647,22.460229125,114.022190146
12631,820459,835394,22.457945471,114.023280822
12632,820528,835103,22.455318259,114.023954077
12633,820260,833450,22.440388491,114.021366999
12634,820354,833505,22.440886041,114.022279596
12635,820549,835076,22.455074631,114.024158367
12636,820456,835446,22.458415025,114.023251158
12637,820484,835869,22.462235145,114.023518993
12638,820385,835590,22.459714745,114.022559912
12639,820622,836093,22.464259223,114.024857574
12640,820825,836205,22.465272474,114.026828832
12641,820938,835980,22.463241651,114.027928918
12642,821049,835832,22.461906143,114.029008803
12643,820794,835733,22.461009844,114.026532231
12644,820700,834666,22.451373543,114.025629400
12645,820683,834458,22.449495061,114.025466282
12646,820342,833807,22.443613117,114.022160000
12647,820486,833749,22.443090687,114.023559471
12648,820443,833738,22.442990955,114.023141856
12649,820924,833742,22.443031458,114.027814497
12650,820917,833731,22.442932060,114.027746602
12651,821102,833521,22.441037320,114.029545788
12652,821092,833504,22.440883714,114.029448806
12653,821122,833144,22.437633025,114.029743664
12654,821095,833203,22.438165581,114.029480820
12655,821027,832901,22.435437786,114.028823149
12656,821022,832916,22.435573198,114.028774435
12657,821005,832656,22.433225134,114.028611791
12658,820998,832646,22.433134767,114.028543890
12659,821006,832557,22.432331129,114.028622454
12660,820991,832470,22.431545347,114.028477582
12661,821007,832313,22.430127711,114.028634507
12662,820998,832314,22.430136661,114.028547075
12663,821053,832050,22.427753114,114.029083847
12664,821059,832056,22.427807350,114.029142071
12665,821266,831831,22.425777326,114.031154876
12666,821257,831826,22.425732095,114.031067503
12667,821383,831619,22.423863892,114.032293316
12668,821375,831620,22.423872853,114.032215601
12669,821281,831499,22.422779349,114.031303701
12670,821282,831491,22.422707114,114.031313489
12671,821134,831465,22.422471021,114.029876197
12672,821138,831474,22.422552330,114.029914964
12673,820952,831388,22.421774058,114.028109156
12674,820976,831419,22.422054217,114.028341972
12675,820625,831009,22.418348563,114.024936717
12676,820701,831008,22.418340225,114.025674899
12677,820497,830762,22.416116867,114.023695924
12678,820498,830775,22.416234272,114.023705508
12679,820308,830786,22.416331848,114.021859995
12680,817460,834377,22.448731196,113.994155942
12681,817473,834458,22.449462802,113.994281278
12682,817514,834839,22.452903835,113.994675096
12683,817542,834798,22.452533895,113.994947604
12684,817204,835253,22.456638991,113.991658423
12685,817292,835169,22.455881417,113.992514385
12686,817087,835529,22.459130071,113.990518385
12687,817073,835516,22.459012519,113.990382524
12688,816909,835799,22.461566269,113.988785716
12689,816969,835774,22.461341188,113.989368967
12690,816648,836128,22.464534290,113.986245833
12691,816692,836093,22.464218731,113.986673768
12692,816405,836447,22.467412174,113.983880858
12909,837289,815635,22.279583804,114.186781334
12910,834407,820555,22.324013728,114.158810960
12911,835365,818151,22.302304930,114.168110932
12912,834637,820028,22.319254839,114.161043942
12913,834499,820335,22.322027095,114.159704181
12914,841875,820012,22.319101971,114.231295607
12915,842485,817002,22.291917753,114.237204548
12916,842376,819559,22.315009406,114.236156556
12917,842837,819405,22.313616996,114.240630233
12918,839435,821895,22.336112786,114.207616830
12919,837353,820189,22.320709189,114.187405435
12920,816356,830306,22.411955867,113.983481630
12921,829054,823896,22.354170747,114.106838163
12922,828900,823727,22.352643931,114.105343853
12923,833319,811576,22.242926156,114.148266994
12924,833826,811680,22.243866136,114.153185087
12925,835595,812464,22.250947775,114.170345400
12926,817980,835389,22.457875601,113.999196045
12927,818194,834705,22.451701083,114.001282947
12928,818435,835504,22.458918903,114.003615323
12929,833401,821477,22.332338547,114.149044787
12930,835985,834986,22.454334097,114.174124959
12931,846113,827204,22.384030627,114.272473693
12932,839544,809447,22.223699213,114.208649461
12933,834635,834603,22.450874682,114.161009649
12934,837309,835290,22.457079055,114.186988263
12935,831753,840270,22.502044880,114.132994645
12936,835151,834651,22.451308558,114.166022604
12937,834635,834603,22.450874682,114.161009649
12938,819973,834316,22.448206126,114.018570115
12939,835434,817904,22.300074403,114.168780690
12940,811563,819340,22.312865376,113.937100071
12941,811484,819544,22.314706467,113.936330187
12942,835542,820174,22.320573923,114.169827769
12944,815682,828187,22.392812387,113.976962885
12945,815649,828107,22.392089554,113.976643456
12946,831371,814231,22.266898148,114.129361970
12947,831159,814900,22.272939036,114.127302947
12948,830676,815875,22.281742411,114.122613122
12950,830270,815010,22.273929547,114.118676787
12951,830296,814988,22.273730963,114.118929142
12952,831211,814837,22.272370259,114.127807689
12953,844606,820461,22.323145632,114.257804872
12954,836180,826173,22.374748420,114.176019915
12955,835641,825484,22.368526270,114.170786600
12956,815673,827373,22.385461484,113.976885994
12958,817523,832813,22.434608324,113.994786411
12959,815974,830440,22.413161464,113.979769814
12960,813406,825992,22.372961712,113.954892120
12961,811251,825664,22.369969676,113.933973079
12962,817653,826069,22.373708358,113.996127973
12963,818027,826293,22.375735201,113.999756835
12964,815906,830478,22.413503814,113.979108885
12965,817432,834249,22.447574997,113.993885441
12966,817534,834666,22.451341795,113.994871438
12967,817519,834151,22.446690972,113.994731785
12968,820355,833782,22.443387478,114.022286539
12969,820354,833687,22.442529578,114.022277775
12970,820351,833344,22.439432114,114.022252064
12971,820143,833262,22.438689672,114.020232328
12972,818032,832993,22.436239298,113.999728730
12974,821096,833088,22.437127091,114.029491631
12977,842062,813755,22.262596749,114.233087999
12980,834854,819594,22.315335752,114.163150517
12981,841592,818625,22.306577430,114.228544212
12982,840012,816210,22.284772649,114.213204539
12983,843624,813980,22.264622691,114.248243618
12984,837213,815660,22.279809613,114.186043904
12985,831016,815975,22.282646542,114.125911939
12986,834617,815220,22.275835608,114.160854759
12988,831947,812716,22.253218239,114.134954587
12989,817847,832869,22.435117545,113.997933070
12990,823884,825228,22.366169939,114.056635618
12991,828300,825533,22.368950410,114.099509894
12992,824570,825332,22.367113922,114.063295359
12994,833268,812331,22.249744228,114.147770853
12995,833401,812251,22.249022000,114.149061250
12996,837312,835273,22.456925536,114.187017398
12997,829102,832491,22.431788144,114.107265564
12998,817857,826232,22.375182527,113.998106869
13000,839822,831653,22.424231896,114.211395243
13001,839479,831903,22.426490193,114.208064107
13002,838993,832234,22.429480124,114.203343964
13003,838797,832453,22.431458098,114.201440447
13004,838733,832713,22.433806113,114.200819171
13005,815971,830709,22.415590615,113.979737250
13006,830774,825091,22.364968605,114.123532453
13007,830785,825082,22.364887365,114.123639284
13008,831449,824934,22.363552835,114.130086583
13009,837679,814223,22.266832256,114.190564344
13010,831292,825360,22.367399398,114.128560940
13011,838950,822304,22.339807117,114.202909562
13012,842491,818992,22.309888645,114.237270503
13013,831948,825205,22.366001439,114.134930653
13014,819350,818833,22.308380984,114.012681828
13016,817083,818985,22.309729872,113.990678411
13017,819723,818764,22.307761498,114.016302568
13018,819498,818533,22.305673260,114.014121332
13019,819192,818590,22.306184997,114.011151001
13020,819167,818433,22.304766949,114.010910050
13021,833545,822099,22.337955799,114.150441518
13022,833807,822081,22.337793643,114.152984846
13023,844110,818436,22.304861015,114.252980668
13024,844124,818463,22.305104778,114.253116670
13025,829782,825187,22.365832079,114.113900618
13027,835250,821577,22.333243688,114.166992714
13028,815344,828331,22.394108682,113.973678679
13029,815422,828424,22.394949464,113.974434928
13030,847627,816456,22.286960806,114.287098948
13031,847996,817343,22.294968484,114.290686105
13032,847364,819022,22.310135044,114.284564639
13033,832408,812569,22.251891821,114.139427285
13034,840431,821066,22.328624312,114.217282966
13035,840322,821184,22.329690181,114.216225245
13037,836386,825886,22.372156655,114.178020112
13038,842778,813908,22.263975885,114.240035281
13172,834559,818405,22.304598096,114.160288604
13174,834037,812074,22.247424507,114.155231401
13175,818770,835880,22.462317793,114.006865912
13176,818638,835850,22.462045525,114.005583753
13177,831618,843907,22.534887973,114.131671952
13178,835770,835275,22.456943846,114.172036072
13179,838818,832449,22.431421945,114.201644429
13180,838801,832819,22.434763243,114.201479885
13181,836659,835938,22.462931052,114.180673331
13182,836611,836201,22.465306067,114.180207024
13183,839618,831907,22.426526049,114.209414278
13184,834874,824354,22.358321304,114.163340496
13185,834844,824598,22.360524734,114.163049019
13186,834565,819940,22.318460078,114.160345206
13187,825764,831797,22.425503784,114.074845635
13188,821366,833375,22.439721197,114.032111751
13189,821385,833316,22.439188567,114.032296874
13190,844946,818775,22.307918377,114.261095847
13191,829890,825818,22.371530750,114.114946691
13192,834393,820537,22.323851163,114.158675093
13193,836628,835760,22.461323642,114.180372097
13194,838497,825869,22.372001687,114.198517101
13195,838494,825993,22.373121478,114.198488145
13196,838301,825955,22.372778557,114.196614127
13197,838508,825769,22.371098620,114.198623766
13198,832467,840120,22.500692061,114.139934128
13199,830958,839616,22.496136717,114.125270499
13200,832500,840125,22.500737286,114.140254829
13201,835828,826438,22.377141458,114.172601992
13204,836005,815972,22.282627414,114.174322347
13205,838434,821456,22.332149917,114.197899403
13206,836132,815773,22.280830332,114.175554698
13207,817906,833031,22.436581107,113.998504324
13208,817520,832828,22.434743747,113.994757092
13209,846397,827397,22.385771861,114.275232682
13210,846421,827376,22.385582078,114.275465602
13211,817943,833145,22.437610971,113.998862431
13212,840106,819618,22.315548775,114.214124844
13213,838308,825933,22.372579877,114.196682066
13214,838431,826168,22.374701902,114.197876672
13215,838265,826383,22.376643668,114.196265115
13217,835342,821684,22.334210012,114.167885689
13218,835275,821784,22.335113032,114.167235259
13219,835111,822003,22.337090626,114.165643144
13221,811812,815920,22.281984483,113.939568877
13222,812047,816727,22.289275457,113.941836973
13223,826495,840423,22.503404516,114.081893009
13224,836512,815033,22.274147645,114.179241840
13226,842920,832647,22.433198941,114.241491004
13227,842844,832396,22.430932589,114.240751713
13228,840088,820702,22.325337976,114.213952731
13229,846347,818506,22.305481513,114.274691088
13230,812936,817291,22.294380949,113.950455456
13231,813087,817443,22.295755630,113.951918588
13232,813103,817429,22.295629418,113.952074058
13234,842260,820062,22.319552202,114.235032583
13235,842324,820145,22.320301517,114.235654079
13236,835684,817365,22.295207001,114.171207043
13237,821369,833689,22.442556778,114.032137953
13238,817724,833088,22.437093878,113.996735702
13239,842004,820323,22.321910059,114.232548789
13240,841817,820586,22.324285716,114.230734653
13241,841823,820849,22.326660741,114.230793805
13242,841910,820488,22.323400416,114.231636994
13243,842340,819994,22.318937841,114.235808803
13245,831311,824224,22.357140756,114.128748938
13246,814722,827558,22.387120441,113.967648827
13247,823394,834670,22.451432063,114.051801849
13248,832465,839401,22.494199203,114.139916415
13251,835366,812155,22.248157193,114.168123987
13252,839632,819643,22.315775532,114.209524395
13253,829043,827518,22.386879282,114.106714992
13260,838442,828454,22.395345659,114.197986601
13261,839035,832477,22.431674460,114.203752359
13262,813232,817606,22.297229554,113.953323364
13263,819773,818734,22.307491060,114.016788133
13268,819583,818573,22.306035308,114.014945839
13270,819843,817380,22.295264325,114.017481360
13272,820026,817342,22.294922897,114.019257625
13273,820053,817310,22.294634173,114.019519963
13275,814477,827253,22.384363057,113.965273897
13276,844661,820004,22.319018388,114.258336318
13277,829604,837715,22.478965175,114.112119976
13278,821386,833635,22.442069283,114.032303604
13279,840222,819528,22.314735758,114.215250483
13280,839667,819647,22.315811586,114.209864103
13282,833554,844784,22.542811771,114.150490226
13283,833697,845067,22.545367580,114.151879943
13284,834080,845922,22.553089053,114.155602170
13285,833403,844543,22.540635211,114.149022713
13286,833555,844743,22.542441528,114.150500018
13287,833778,845110,22.545756005,114.152667332
13288,833530,844179,22.537348372,114.150257956
13289,833433,844377,22.539136223,114.149314651
13290,833488,844212,22.537646306,114.149849610
13291,833392,844415,22.539479308,114.148916011
13292,818106,832901,22.435409286,114.000448618
13293,841790,820856,22.326724061,114.230473515
13294,841611,820835,22.326534984,114.228735987
13295,841500,820995,22.327980219,114.227659093
13299,812974,817322,22.294661410,113.950823764
13300,845249,818651,22.306797029,114.264035817
13301,845067,818425,22.304757053,114.262268249
13302,844972,818642,22.306717176,114.261347459
13303,844571,818275,22.303404926,114.257453818
13304,812183,819793,22.316964986,113.943110630
13305,845001,818605,22.306382897,114.261628704
13306,845130,818445,22.304937342,114.262879772
13307,844773,818441,22.304903020,114.259415080
13308,836707,819869,22.317819686,114.181135232
13309,811922,820063,22.319399555,113.940573334
13310,835033,818584,22.306214979,114.164888610
13311,836880,818169,22.302467605,114.182813692
13312,839044,826555,22.378195834,114.203829452
13313,839632,821698,22.334333388,114.209528719
13314,842173,820153,22.320374287,114.234188499
10000020,830435,824677,22.361228844,114.120242572
10000021,830530,824442,22.359106986,114.121165758
10000022,819689,818841,22.308456525,114.015971797
10000023,837380,819937,22.318433462,114.187667323
10000024,828807,824685,22.361294792,114.104436514
10000025,831338,825346,22.367273103,114.129007611
10000026,830808,842963,22.526360914,114.123801232
10000027,841672,820973,22.327781014,114.229328547
10000028,836649,825380,22.367587163,114.180573621
10000029,838826,826477,22.377491792,114.201712538
10000030,840016,821347,22.331162861,114.213255384
10000031,842452,840361,22.502861390,114.236974976
10000032,836383,842397,22.521258462,114.177992215
10000033,836390,842405,22.521330704,114.178060256
10000034,811629,819384,22.313263665,113.937739953
10000036,842826,819593,22.315314790,114.240524242
10000037,834851,834770,22.452382959,114.163107961
10000038,838100,828654,22.397152161,114.194665590
10000039,818693,836265,22.465793705,114.006113533
10000040,824469,831230,22.420375081,114.062271099
10000041,821245,834648,22.451215869,114.030924297
10000042,812654,817281,22.294286804,113.947719029
10000043,835289,815802,22.281091950,114.167374795
10000044,835919,815757,22.280685813,114.173487898
10000045,825217,832935,22.435776999,114.069524554
10000046,834166,822152,22.338435289,114.156469652
10000047,838197,822049,22.337505332,114.195599596
10000048,838825,821781,22.335084317,114.201695302
10000049,833997,822295,22.339726446,114.154828918
10000050,835270,811838,22.245294417,114.167192882
10000052,839532,821071,22.328671408,114.208556738
10000053,834642,834597,22.450820506,114.161077661
10000054,838381,826639,22.378955344,114.197391807
10000055,830655,824668,22.361148302,114.122378553
10000059,809760,831227,22.420183521,113.919403934
10000060,833554,816579,22.288106898,114.150538219
10000061,835264,810819,22.236092149,114.167135310
10000062,813221,817591,22.297093949,113.953216832
10000063,838904,820816,22.326369687,114.202460567
10000064,838947,820804,22.326261254,114.202877924
10000065,834510,818292,22.303577588,114.159813185
10000066,838702,820693,22.325259223,114.200499677
10000067,839148,827461,22.386377316,114.204840934
10000077,844504,832359,22.430591275,114.256876260
10000080,834427,818115,22.301979083,114.159007883
10000081,834142,818076,22.301626562,114.156242077
10000082,840905,819474,22.314246400,114.221879282
10000085,820691,817264,22.294224649,114.025711703
10000086,820478,817357,22.295062556,114.023643794
10000087,820474,817374,22.295216039,114.023604810
10000088,820396,817253,22.294122621,114.022849075
10000089,820392,817262,22.294203860,114.022810169
10000095,834594,840441,22.503594225,114.160605186
10000096,838576,821534,22.332854118,114.199277889
10000097,841265,819286,22.312547639,114.225372714
10000101,837324,819437,22.313918198,114.187123462
10000102,837732,826294,22.375840489,114.191089639
10000103,835129,821887,22.336043092,114.165817956
10000104,815001,830309,22.411966678,113.970321390
10000105,834152,840521,22.504316166,114.156309382
10000106,841941,815900,22.281967880,114.231921636
10000107,841955,815910,22.282058140,114.232057519
10000108,807619,818371,22.304053724,113.898839239
10000109,818086,826049,22.373532388,114.000332493
10000110,836125,815860,22.281615997,114.175486768
10000112,818592,836271,22.465846845,114.005132141
10000113,829348,828624,22.396868280,114.109671940
10000114,825345,832656,22.433258325,114.070769864
10000115,818395,825922,22.372388760,114.003334203
10000116,837593,820778,22.326028037,114.189735379
10000117,837607,820807,22.326289913,114.189871293
10000118,837599,820790,22.326136400,114.189793627
10000119,837475,820550,22.323969150,114.188589848
10000120,837481,820563,22.324086544,114.188648095
10000121,842353,813840,22.263363353,114.235911615
10000123,824105,823775,22.353050158,114.058792405
10000124,832173,812756,22.253580015,114.137147002
10000125,841187,815220,22.275829365,114.224603202
10000126,839412,819293,22.312615239,114.207388449
10000127,841870,817956,22.300535071,114.231239883
10000128,846110,817007,22.291946008,114.272381798
10000129,846112,817031,22.292162731,114.272401354
10000130,835068,833632,22.442106470,114.165217015
10000131,835112,833652,22.442287110,114.165644438
10000133,845522,818871,22.308782314,114.266686576
10000134,839682,818970,22.309697840,114.210008244
10000135,838469,825469,22.368389509,114.198244679
10000136,820917,833916,22.444602689,114.027744816
10000137,835929,818727,22.307506763,114.173584312
10000139,833888,821032,22.328320680,114.153772689
10000140,834256,818002,22.300958433,114.157348510
10000141,835961,816164,22.284361289,114.173895360
10000142,832392,813194,22.257535951,114.139270558
10000143,835296,834687,22.451633742,114.167431275
10000144,840174,821604,22.333483367,114.214789683
10000145,839091,821859,22.335788286,114.204277516
10000146,837321,821203,22.329866225,114.187095511
10000147,835558,819757,22.316808172,114.169983249
10000148,840780,819524,22.314698262,114.220666221
10000149,836868,818328,22.303903476,114.182697294
10000150,837686,819836,22.317521146,114.190637240
10000151,837209,825756,22.370982429,114.186011054
10000152,838789,826908,22.381384004,114.201353951
10000153,838282,826804,22.380445500,114.196430716
10000154,836031,834351,22.448599769,114.174571958
10000155,832069,839274,22.493051415,114.136068378
10000156,845889,816034,22.283160465,114.270231363
10000157,838756,822473,22.341333575,114.201026593
10000158,837380,820331,22.321991515,114.187667598
10000159,837466,819551,22.314947593,114.188501741
10000160,834608,819960,22.318640731,114.160762539
10000161,835790,820388,22.322506556,114.172234806
10000162,831588,824883,22.363092662,114.131436286
10000163,831240,824160,22.356562594,114.128059831
10000164,831286,822988,22.345978917,114.128510073
10000165,830886,826322,22.376085547,114.124615729
10000308,838960,819635,22.315704471,114.203002139
10000310,835852,817277,22.294412355,114.172837388
10000315,833970,840586,22.504902906,114.154540462
9827,815938,829337,22.403200461,113.979434238
9830,815446,828425,22.394958786,113.974667983
9831,814417,829587,22.405439358,113.964659295
9832,814565,829834,22.407671756,113.966093287
9833,814440,829813,22.407480530,113.964879572
9834,814346,829704,22.406495013,113.963968143
9835,814358,829580,22.405375392,113.964086391
9836,814689,829872,22.408016478,113.967297064
9837,814667,829968,22.408883123,113.967082097
9838,814842,829918,22.408433798,113.968782388
9839,814661,830108,22.410147308,113.967021926
9840,815031,829854,22.407858202,113.970618824
9841,815135,829683,22.406315283,113.971631143
9842,815174,829665,22.406153215,113.972010146
9843,814851,829694,22.406411092,113.968872807
9844,815544,829934,22.408586917,113.975600059
9845,815641,830104,22.410123261,113.976539931
9846,815633,830190,22.410899783,113.976461120
9849,815875,830557,22.414216849,113.978806788
9850,816018,829951,22.408746100,113.980203375
9851,815979,829926,22.408519878,113.979824921
9852,816066,830510,22.413794682,113.980662469
9854,816269,830435,22.413119780,113.982635039
9855,816223,830413,22.412920573,113.982188545
9856,816245,830405,22.412848587,113.982402318
9857,816246,830143,22.410482623,113.982415322
9858,816223,830161,22.410644902,113.982191715
9859,816243,831010,22.418311976,113.982375288
9860,816222,831026,22.418456217,113.982171118
9861,816391,831246,22.420444882,113.983809833
9862,816562,831479,22.422550947,113.985467859
9863,816579,831462,22.422397626,113.985633191
9864,816712,831615,22.423780805,113.986923149
9865,816668,831600,22.423644846,113.986495955
9866,817003,831983,22.427107300,113.989745224
9867,817053,832004,22.427297501,113.990230640
9868,817294,832252,22.429539734,113.992568613
9869,817264,832264,22.429647766,113.992277063
9870,817328,832467,22.431481651,113.992896316
9871,817310,832492,22.431707213,113.992721172
9872,817835,832695,22.433546122,113.997818518
9873,817833,832722,22.433789922,113.997798778
9874,818215,833017,22.436457968,114.001506124
9875,818271,833027,22.436548862,114.002049998
9876,818614,833261,22.438665553,114.005379321
9877,818480,833201,22.438122340,114.004078289
9878,818850,833412,22.440031564,114.007670219
9880,819130,833598,22.441714049,114.010388218
9881,819391,833757,22.443152480,114.012921994
9882,819587,833787,22.443425315,114.014825724
9884,817804,836097,22.464267227,113.997477884
9885,817793,836147,22.464718627,113.997370426
9886,818006,836523,22.468116342,113.999435614
9887,817983,836537,22.468242521,113.999211979
9888,817987,836632,22.469100450,113.999249750
9889,818100,836225,22.465426288,114.000352350
9890,818075,836211,22.465299597,114.000109608
9891,817920,835901,22.462498519,113.998607201
9892,818043,835828,22.461840617,113.999803088
9893,818373,835871,22.462232410,114.003008822
9895,818687,834545,22.450261356,114.006074264
9897,818633,834439,22.449303577,114.005550829
9898,818328,834154,22.446726739,114.002590988
9899,818385,834168,22.446853761,114.003144572
9900,818699,834866,22.453160240,114.006187297
9901,818785,834904,22.453504277,114.007022387
9902,818659,834884,22.453322376,114.005798489
9903,818560,834939,22.453818026,114.004836069
9904,818369,834574,22.450519940,114.002984565
9905,817927,835110,22.455355552,113.998684341
9906,817773,835687,22.460564432,113.997181461
9907,818580,834069,22.445961778,114.005040053
9908,818432,834118,22.446402731,114.003601727
9909,818863,833832,22.443824472,114.007791909
9910,818857,833821,22.443725077,114.007733742
9911,819115,833814,22.443664470,114.010240173
9912,819090,833804,22.443573915,114.009997417
9913,817301,832784,22.434343996,113.992630268
9914,817313,832677,22.433377874,113.992748109
9915,817236,833002,22.436311906,113.991996258
9916,817262,832981,22.436122556,113.992249073
9917,817209,833432,22.440194683,113.991728828
9918,817165,833800,22.443517383,113.991296979
9919,817172,833800,22.443517462,113.991364981
9920,817267,833977,22.445116901,113.992285747
9921,817271,833968,22.445035672,113.992324713
9922,817363,834083,22.446075188,113.993217092
9923,817373,834100,22.446228815,113.993314037
9925,817607,834077,22.446023685,113.995587552
9926,817732,834144,22.446630081,113.996801109
9927,817865,834145,22.446640547,113.998093159
9943,823186,834685,22.451565941,114.049780983
9944,823161,834196,22.447149871,114.049542136
9945,823131,834187,22.447068367,114.049250766
9946,823163,833808,22.443646079,114.049564763
9947,822789,833832,22.443859904,114.045931312
9948,822438,833869,22.444191229,114.042521173
9949,822550,833890,22.444381770,114.043609027
9950,822212,833939,22.444821518,114.040325055
9951,821819,833979,22.445179461,114.036506836
9952,821776,833878,22.444267024,114.036090026
9956,821220,833912,22.444569259,114.030688385
9957,821210,833888,22.444352441,114.030591466
9958,820961,833891,22.444377323,114.028172500
9959,820965,833914,22.444585058,114.028211137
9960,820921,833890,22.444367934,114.027783925
9962,820808,833894,22.444403038,114.026686136
9964,820689,833918,22.444618689,114.025529862
9965,820625,833982,22.445196052,114.024907497
9966,820544,833889,22.444355480,114.024121529
9967,820511,833921,22.444644150,114.023800630
9968,820270,833901,22.444461305,114.021459607
9969,820086,833905,22.444495697,114.019672077
9971,820134,834107,22.446320295,114.020136330
9972,820054,834112,22.446364690,114.019359100
9974,820405,834242,22.447541936,114.022767678
10249,840770,820199,22.320793939,114.220571064
10251,835906,819934,22.318406695,114.173360824
10252,835891,819930,22.318370569,114.173215237
10253,837920,821580,22.333270281,114.192910210
10254,835133,821978,22.336864877,114.165856720
10255,838836,823378,22.349506118,114.201804648
10256,840004,820371,22.322349036,114.213136622
10257,838035,822810,22.344377771,114.194027869
10258,837717,822668,22.343095728,114.190940693
10260,841135,818997,22.309938168,114.224110121
10262,839412,820080,22.319722319,114.207389996
10264,836590,819263,22.312347169,114.179999523
10265,838484,822056,22.337568200,114.198385578
10266,831851,822307,22.339830645,114.133996862
10268,830894,824623,22.360742691,114.124699121
10269,835344,818353,22.304129102,114.167907016
10271,834618,834567,22.450549570,114.160844530
10272,835001,834588,22.450739535,114.164565385
10273,838256,831236,22.420468724,114.196183790
10274,838245,831208,22.420215883,114.196076912
10275,838794,831041,22.418707070,114.201409061
10276,838829,830996,22.418300646,114.201748939
10277,837778,834786,22.452527360,114.191544364
10278,839589,835276,22.456949715,114.209139632
10279,835396,834392,22.448969813,114.168402951
10280,824402,839277,22.493042432,114.061560258
10281,845311,819614,22.315493165,114.264642970
10282,845032,822181,22.338676098,114.261949145
10283,846653,828378,22.394629252,114.277724973
10284,840960,830572,22.414467204,114.222445719
10285,846292,819865,22.317754407,114.274165820
10291,837097,814549,22.269776628,114.184917752
10293,837981,814259,22.267157086,114.193494489
10294,837881,814178,22.266425699,114.192524171
10295,837696,814041,22.265188664,114.190729121
10297,837467,814059,22.265351390,114.188507325
10298,832854,816031,22.283156871,114.143746720
10299,832873,815983,22.282723438,114.143931187
10300,832686,815878,22.281774844,114.142116879
10301,832698,815895,22.281928389,114.142233281
10303,832837,816036,22.283201990,114.143581750
10306,841295,813812,22.263113903,114.225646710
10307,835992,815808,22.281146388,114.174196230
10308,837859,813367,22.259101857,114.192309915
10309,839122,808901,22.218769199,114.204555358
10312,839684,809604,22.225116761,114.210007706
10313,834911,814408,22.268502978,114.163708113
10314,833976,814082,22.265558000,114.154636783
10315,837206,813825,22.263238379,114.185974904
10319,841883,815590,22.279168574,114.231357755
10320,836576,819615,22.315525943,114.179863715
10321,818462,835421,22.458169661,114.003878575
10333,834583,820874,22.326894667,114.160518932
10334,842459,818849,22.308597385,114.236959380
10335,840954,821409,22.331720454,114.222360525
10336,841157,821563,22.333110598,114.224331480
10337,839133,820663,22.324987641,114.204683070
10338,839011,820670,22.325051054,114.203498906
10339,811156,815576,22.278868546,113.933208896
10341,831079,824901,22.363253750,114.126494352
10342,818418,836102,22.464318901,114.003443440
10344,844521,820594,22.324347110,114.256980530
10345,844715,819927,22.318322769,114.258860032
10346,844902,819363,22.313228588,114.260671990
10347,811913,817210,22.293635324,113.940529331
10348,812459,816908,22.290915726,113.945832255
10349,812219,817080,22.292465649,113.943500736
10350,812780,816957,22.291362627,113.948946497
10351,813070,817175,22.293335214,113.951757491
10352,812955,817031,22.292033263,113.950643613
10353,812680,816905,22.290891672,113.947976866
10354,812336,816902,22.290859840,113.944638763
10355,812202,817081,22.292474443,113.943335753
10358,833626,821237,22.330171567,114.151229226
10359,811310,817786,22.298828288,113.934668794
10361,842842,814620,22.270405463,114.240659134
10362,842284,819058,22.310485401,114.235261753
10364,845500,818877,22.308836616,114.266473096
10368,842514,819913,22.318205740,114.237497319
10370,831470,813674,22.261868353,114.130324163
11000,803868,812683,22.252621766,113.862551426
11001,804130,812661,22.252427989,113.865093583
11002,804515,812522,22.251179866,113.868831292
11003,805155,811747,22.244192838,113.875055003
11004,805399,811688,22.243664412,113.877423092
11005,805582,811495,22.241924774,113.879201986
11006,805813,811419,22.241242538,113.881444238
11007,806104,811787,22.244570888,113.884260168
11008,806319,812032,22.246787115,113.886341251
11009,806647,811999,22.246494761,113.889523733
11010,806918,811859,22.245235107,113.892155208
11011,807040,812290,22.249129348,113.893330865
11012,808159,812988,22.255451252,113.904174085
11013,808025,813001,22.255566463,113.902873864
11015,806976,812296,22.249182447,113.892709891
11016,806820,811841,22.245070890,113.891204866
11017,806594,811964,22.246177782,113.889010235
11018,806319,812019,22.246669718,113.886341494
11019,806099,811726,22.244019937,113.884212808
11020,805984,811538,22.242320180,113.883100774
11021,805805,811403,22.241097908,113.881366937
11022,805575,811493,22.241906589,113.879134120
11023,805369,811685,22.243636784,113.877132132
11024,805125,811747,22.244192298,113.874763984
11025,804576,812450,22.250530787,113.869424479
11026,804295,812626,22.252114983,113.866694978
11027,804125,812656,22.252382744,113.865045177
11028,806888,811784,22.244557305,113.891865556
11029,807119,811225,22.239513130,113.894116543
11030,806773,810009,22.228526080,113.890782511
11031,807541,809723,22.225956261,113.898236893
11032,808581,809460,22.223598175,113.908328804
11033,808806,809291,22.222075590,113.910514018
11034,809194,809184,22.221115432,113.914279088
11035,809345,809267,22.221867329,113.915742263
11036,809710,809277,22.221963277,113.919282285
12365,834514,818171,22.302484888,114.159852136
12366,837122,818686,22.307136327,114.185162530
12367,835643,820077,22.319697995,114.170808117
12368,842710,817305,22.294653203,114.239389180
12370,837182,818646,22.306775072,114.185744814
12371,837368,819194,22.311723734,114.187550340
12372,836748,819615,22.315525903,114.181533096
12373,836789,819419,22.313755894,114.181930965
12374,836752,820088,22.319797374,114.181572063
12375,839188,826983,22.382060659,114.205228482
12376,830572,825535,22.368977506,114.121569629
12377,832025,822344,22.340165214,114.135685848
12378,834739,819871,22.317837129,114.162034099
12379,842109,819066,22.310558249,114.233563346
12380,824743,832809,22.434636037,114.064921018
12381,839191,820859,22.326757538,114.205246397
12383,839246,820826,22.326459434,114.205780191
12384,818349,836624,22.469032042,114.002767148
12385,828895,824673,22.361186805,114.105290949
12386,835810,817367,22.295225100,114.172429784
12387,815858,829785,22.407245149,113.978651564
12388,815840,830147,22.410513954,113.978472108
12389,838970,823024,22.346309094,114.203104928
12391,835393,811855,22.245448005,114.168386078
12392,841168,815266,22.276244829,114.224418986
12393,841080,845089,22.545561374,114.223655278
12394,839484,820296,22.321672793,114.208089262
12395,818019,835852,22.462057090,113.999569633
12398,820008,833411,22.440033928,114.018919388
12399,820848,834438,22.449315948,114.027069445
12400,815367,828420,22.394912673,113.973900868
12401,840110,831456,22.422452270,114.214192180
12402,840119,831046,22.418749752,114.214278605
12403,818352,836711,22.469817717,114.002795315
12404,839226,823014,22.346218366,114.205590114
12405,834209,820687,22.325205541,114.156888946
12406,840111,831168,22.419851489,114.214201197
12407,840086,831492,22.422777420,114.213959151
12408,839880,831727,22.424900030,114.211958779
12409,843165,832118,22.428420855,114.243868605
12410,845451,831285,22.420887735,114.266068908
12412,835551,833781,22.443452278,114.169909044
12414,818465,835996,22.463362170,114.003901279
12415,818490,835991,22.463317278,114.004144233
12416,828763,823882,22.354043073,114.104013094
12417,832575,825458,22.368287626,114.141017733
12418,832404,825903,22.372305839,114.139356358
12421,819979,833884,22.444305043,114.018632829
12422,827593,825463,22.368314848,114.092645735
12424,831067,839442,22.494565763,114.126330358
12425,831251,839533,22.495388080,114.128118208
12426,831221,839468,22.494801016,114.127826869
12427,830952,839417,22.494339649,114.125212856
12428,833225,821461,22.332193756,114.147336409
12429,834204,819936,22.318423561,114.156841380
12430,842716,817798,22.299105273,114.239449390
12435,833549,821874,22.335923926,114.150480729
12436,833261,821779,22.335065543,114.147685259
12437,838800,829115,22.401314331,114.201464273
12439,835109,821622,22.333649975,114.165624005
12440,835227,821570,22.333180461,114.166769459
12441,835519,819965,22.318686519,114.169604627
12442,833709,843753,22.533501720,114.151998727
12443,833752,843700,22.533023175,114.152416808
12444,835270,841650,22.514512487,114.167174316
12445,839725,835306,22.457220359,114.210461008
12446,842329,819791,22.317104670,114.235701269
12447,835405,819858,22.317720193,114.168498209
12448,831263,825441,22.368130787,114.128279117
12449,831165,825455,22.368256927,114.127327557
12450,831126,825438,22.368103291,114.126948947
12451,829375,825823,22.371573914,114.109946239
12452,835571,834609,22.450929501,114.170102975
12454,818566,836264,22.465783364,114.004879600
12455,835224,811883,22.245700770,114.166746614
12456,833907,821268,22.330451923,114.153956767
12457,815242,829398,22.403742923,113.972674079
12458,841618,815572,22.279006866,114.228786350
12461,835257,834065,22.446016779,114.167052779
12462,846003,818283,22.303469670,114.271351215
12463,846115,818076,22.301599698,114.272436887
12464,845655,818821,22.308330064,114.267977078
12466,833305,812206,22.248615458,114.148130026
12467,826772,825440,22.368102804,114.084674501
12469,833812,816389,22.286391465,114.153042091
12470,841466,815656,22.279765904,114.227311740
12473,834523,815662,22.279827058,114.159942202
12474,834316,812170,22.248291789,114.157937864
12475,834254,812338,22.249808871,114.157336189
12476,832502,812634,22.252479022,114.140339055
12477,831722,813089,22.256586099,114.132770719
12478,831822,813007,22.255845845,114.133741108
12479,831813,812895,22.254834387,114.133654104
12481,835615,817421,22.295712692,114.170537424
12485,842968,815028,22.274089479,114.241883363
12487,837218,815964,22.282554924,114.186092601
12490,831221,815835,22.281382865,114.127901581
12491,843680,810910,22.236898314,114.248772776
12492,843358,811767,22.244638954,114.245653070
12493,839190,816946,22.291420783,114.205229543
12495,817682,835908,22.462559161,113.996294745
12496,818596,835498,22.458866392,114.005179603
12497,839088,821808,22.335327731,114.204248304
12498,843763,814037,22.265136839,114.249592487
12499,841082,830532,22.414105646,114.223630530
12500,831195,824195,22.356878531,114.127622835
12503,820027,833867,22.444151982,114.019099303
12505,811541,815998,22.282685003,113.936938082
12506,816401,830324,22.412118937,113.983918461
12507,811342,818154,22.302151988,113.934973616
12509,835221,834818,22.452816686,114.166702553
12510,817373,813392,22.259225010,113.993558778
12514,810620,810148,22.229842671,113.928094642
12519,833829,811040,22.238086505,114.153215158
12520,844862,818672,22.306988647,114.260280061
12521,832858,815983,22.282723408,114.143785635
12694,809831,827955,22.390637127,113.920147819
12695,809848,827772,22.388984821,113.920315933
12696,809880,827687,22.388217727,113.920628081
12697,809925,827482,22.386367181,113.921068445
12698,810706,825656,22.369889405,113.928681595
12699,812274,825298,22.366679125,113.943911279
12702,813800,826239,22.375197439,113.958714229
12704,814825,826219,22.375029938,113.968667007
12705,819297,833719,22.442808395,114.012009235
12706,820796,834088,22.446154832,114.026567673
12707,820668,834661,22.451328099,114.025318566
12709,818356,834473,22.449607733,114.002859408
12710,820255,834086,22.446131793,114.021312025
12711,820754,833895,22.444411580,114.026161537
12712,821163,833913,22.444577787,114.030134642
12713,820389,834056,22.445862129,114.022614098
12717,818022,826268,22.375509386,113.999708572
12718,815446,828615,22.396674572,113.974665502
12719,815505,828793,22.398282708,113.975236149
12720,821283,833886,22.444335021,114.031300651
12726,835499,818188,22.302639127,114.169411356
12727,811650,825497,22.368467355,113.937849697
12728,812492,840217,22.501406580,113.945804966
12729,824915,841765,22.515513485,114.066527781
12731,826300,840707,22.505968014,114.079996068
12732,826303,840725,22.506130579,114.080025112
12736,825140,833125,22.437492285,114.068775245
12737,824974,832940,22.435820565,114.067164010
12738,825024,832953,22.435938290,114.067649620
12739,825212,833176,22.437953305,114.069474309
12740,825169,833023,22.436571368,114.069057667
12741,830374,825914,22.372399410,114.119645770
12743,825134,842528,22.522405090,114.068651007
12746,836155,817514,22.296552658,114.175777757
12747,835602,821452,22.332115037,114.170409603
12748,836082,825371,22.367505922,114.175068445
12749,832473,825062,22.364711310,114.140028319
12750,842400,819687,22.316165237,114.236389982
12751,836712,819839,22.317548767,114.181183753
12752,839641,816677,22.288990720,114.209605496
12756,844212,820450,22.323048161,114.253980567
12757,834022,822199,22.338859544,114.155071737
12758,822012,824353,22.358253718,114.038467836
12759,822843,824696,22.361357882,114.046532828
12760,829453,825414,22.367880737,114.110705331
12764,826189,841051,22.509073810,114.078915080
12765,826202,841044,22.509010674,114.079041473
12767,835390,820445,22.323021143,114.168352301
12770,839447,822773,22.344041605,114.207735063
12772,819428,817575,22.297021285,114.013452044
12773,819274,817917,22.300108231,114.011953945
12774,819096,818341,22.303935430,114.010221987
12775,819054,818688,22.307068619,114.009810657
12776,817058,818977,22.309657349,113.990435876
12777,819213,818784,22.307937136,114.011352742
12778,819066,818684,22.307032617,114.009927160
12779,819066,818478,22.305172320,114.009929371
12780,819174,818162,22.302319733,114.010980874
12781,819451,817572,22.296994418,114.013675276
12782,820981,821541,22.332850993,114.028485117
12783,824489,823803,22.353305688,114.062520177
12785,824176,823514,22.350693688,114.059483667
12786,824339,823442,22.350044628,114.061066626
12787,824156,823518,22.350729670,114.059289474
12790,824201,823709,22.352454819,114.059724898
12791,824094,823638,22.351812897,114.058686657
12792,824175,823134,22.347262075,114.059476832
12795,837622,821970,22.336792467,114.190017877
12796,807626,818387,22.304198329,113.898906887
12797,808889,817424,22.295522476,113.911180503
12798,808826,817412,22.295413108,113.910569342
12799,809548,817389,22.295216750,113.917576164
12800,809508,817394,22.295261282,113.917187913
12860,809860,827777,22.389030158,113.920432379
12861,809892,827688,22.388226942,113.920744592
12862,809937,827513,22.386647309,113.921184459
12863,809920,827005,22.382059589,113.921027768
12864,810756,825671,22.370025606,113.929166824
12865,811302,825672,22.370042661,113.934468132
12866,811694,825503,22.368522168,113.938276813
12867,812283,825315,22.366832768,113.943998406
12868,812764,825498,22.368491994,113.948665826
12870,813392,826016,22.373178257,113.954755842
12871,813853,826289,22.375649655,113.959228144
12872,814924,825976,22.372836767,113.969631521
12873,809944,827381,22.385455400,113.921254610
12874,829852,825507,22.368722113,114.114578976
12875,833080,816660,22.288837569,114.145938454
12878,835481,818329,22.303912435,114.169236600
12879,835484,819433,22.313882226,114.169265178
12880,831245,839452,22.494656600,114.128060155
12881,835686,826401,22.376807286,114.171223190
12883,821614,834064,22.445945304,114.034514546
12884,841257,818476,22.305232874,114.225292546
12885,836356,818274,22.303415927,114.177728383
12886,833474,821550,22.332997899,114.149753260
12887,837126,818235,22.303063520,114.185201108
12888,832421,822323,22.339976502,114.139530030
12889,839211,821205,22.329882086,114.205441163
12890,818714,836284,22.465965498,114.006317360
12891,830294,825960,22.372814538,114.118868828
12894,841248,819252,22.312240648,114.225207615
12895,835638,826338,22.376238346,114.170757137
12896,835866,825120,22.365239220,114.172971299
12897,829053,826286,22.375753726,114.106817665
12898,828930,826184,22.374832091,114.105623820
12899,814210,810921,22.236872866,113.962906019
12900,814157,810901,22.236691576,113.962392183
12901,817726,814087,22.265505112,113.996975482
12902,811027,815272,22.276121374,113.931961978
12903,811004,815397,22.277249857,113.931736844
12904,812914,817162,22.293215710,113.950243842
12905,818811,833431,22.440202745,114.007291153
12906,838548,816557,22.287908839,114.198998999
12907,828952,824655,22.361024499,114.105844436
12908,818624,835583,22.459634265,114.005450696
13039,832375,838503,22.486089699,114.139043987
13041,821022,833150,22.437686320,114.028772193
13042,821280,833238,22.438483277,114.031277613
13043,846347,816610,22.288359484,114.274679164
13044,840231,820860,22.326764485,114.215341134
13045,840199,821115,22.329067357,114.215031154
13046,839464,821601,22.333457743,114.207897749
13047,824717,832801,22.434563618,114.064668514
13048,829566,831456,22.422443488,114.111777104
13050,834703,816351,22.286049338,114.161688114
13051,831370,815218,22.275811391,114.129349260
13053,843955,823643,22.351883929,114.251501422
13054,812201,819884,22.317787015,113.943283966
13055,829738,824982,22.363980652,114.113474252
13056,841739,815780,22.280884858,114.229961144
13057,815955,830694,22.415454969,113.979582040
13059,835802,821727,22.334598512,114.172350894
13060,835734,821615,22.333587067,114.171690853
13061,835686,821523,22.332756239,114.171224953
13062,834388,822406,22.340729311,114.158624371
13063,843991,818578,22.306143899,114.251826463
13064,845700,817500,22.296400393,114.268406035
13067,841360,830660,22.415260743,114.226331023
13068,828818,826578,22.378389635,114.104534485
13069,832345,825172,22.365704383,114.138785283
13070,837987,821500,22.332547769,114.193560488
13071,835061,815687,22.280053283,114.165162524
13072,824648,831351,22.421468991,114.064008835
13073,842625,817217,22.293858825,114.238563970
13074,842609,817438,22.295854650,114.238409577
13075,845125,821584,22.333284374,114.262848617
13076,833996,812127,22.247903080,114.154833586
13077,836135,817727,22.298476178,114.175583652
13079,839529,827584,22.387487387,114.208540928
13080,835990,826390,22.376708026,114.174175015
13081,819704,824800,22.362269660,114.016055699
13083,839626,816806,22.290155700,114.209460209
13084,840378,820753,22.325797867,114.216767711
13085,818402,834861,22.453112011,114.003301936
13086,829032,824308,22.357891240,114.106622714
13087,838861,832422,22.431178057,114.202062076
13088,839032,832235,22.429489091,114.203722797
13089,839559,831876,22.426246219,114.208841123
13090,839844,831661,22.424304094,114.211608952
13091,841155,830568,22.414430536,114.224339655
13092,824928,831927,22.426672412,114.066724381
13093,821215,833196,22.438103428,114.030646587
13094,821007,833128,22.437487517,114.028626692
13095,820444,833171,22.437870713,114.023157211
13096,820137,833278,22.438834102,114.020173881
13097,820487,833175,22.437907231,114.023574879
13098,824926,831755,22.425119160,114.066706180
13102,819987,824365,22.358344091,114.018807749
13103,819960,824379,22.358470262,114.018545474
13104,839135,821249,22.330279560,114.204703534
13105,839130,821450,22.332094715,114.204655360
13106,839051,821448,22.332076783,114.203888516
13107,835956,814460,22.268973074,114.173847168
13108,840380,820724,22.325535975,114.216787050
13110,840218,821196,22.329798790,114.215215780
13111,840919,819750,22.316738807,114.222015962
13112,840771,819754,22.316775323,114.220579518
13113,840597,819953,22.318572858,114.218891250
13114,840762,820058,22.319520647,114.220493020
13115,831508,839996,22.499569888,114.130614395
13116,821424,833731,22.442936534,114.032671857
13117,831100,841175,22.510215524,114.126645409
13119,828713,823524,22.350809917,114.103529367
13120,833496,816579,22.288106806,114.149975398
13121,830872,824728,22.361690829,114.124485172
13122,841699,831284,22.420894722,114.229625728
13123,840957,821651,22.333905846,114.222390355
13124,830875,839336,22.493607946,114.124464836
13125,842604,831839,22.425903523,114.238418206
13126,840075,818540,22.305813854,114.213821403
13127,837559,815078,22.274553555,114.189400753
13128,838251,826413,22.376914600,114.196129213
13129,835466,819295,22.312635995,114.169090546
13130,825666,841503,22.513152365,114.073828946
13131,825651,841548,22.513558638,114.073682853
13132,839962,821157,22.329447167,114.212730778
13133,839201,820842,22.326604001,114.205343430
13134,832114,840361,22.502867562,114.136502843
13135,832124,840399,22.503210741,114.136599931
13136,835339,818874,22.308834047,114.167858191
13137,835166,818870,22.308797823,114.166179187
13138,841676,831111,22.419332522,114.229401741
13139,844039,819823,22.317386774,114.252298348
13140,843542,810458,22.232817032,114.247432094
13141,843469,810173,22.230243593,114.246722719
13142,845618,819969,22.318697383,114.267624690
13143,837635,820438,22.322957604,114.190142757
13144,837026,818667,22.306964790,114.184230829
13145,846198,827705,22.388554421,114.273302200
13146,846199,827716,22.388653751,114.273311979
13147,852731,832884,22.435272881,114.336795961
13149,814379,829762,22.407019200,113.964287841
13150,837859,827480,22.386550579,114.192323979
13151,844876,819728,22.316524884,114.260421609
13152,835218,820168,22.320519573,114.166683012
13153,828743,823889,22.354106200,114.103818894
13154,833254,815897,22.281947510,114.147628356
13155,832051,812714,22.253200434,114.135963538
13156,836731,826470,22.377430427,114.181370103
13157,836655,826444,22.377195652,114.180632137
13158,835862,835616,22.460023250,114.172929813
13159,839756,835319,22.457337691,114.210762218
13160,832322,825842,22.371754790,114.138560319
13161,827863,834047,22.445833895,114.095222002
13162,833189,821526,22.332780679,114.146986838
13164,819967,834344,22.448458920,114.018511539
13166,811552,819360,22.313045829,113.936993003
13167,831103,824194,22.356869227,114.126729651
13169,840110,820511,22.323613085,114.214165812
13170,841432,830629,22.414980583,114.227030231
13171,837448,815404,22.277497624,114.188323975
13315,834187,822290,22.339681533,114.156673326
13316,834335,822152,22.338435487,114.158110183
13318,822487,824641,22.360858384,114.043076953
13319,818013,826292,22.375726022,113.999620909
13320,820989,834580,22.450599533,114.028437889
13322,832064,822511,22.341673414,114.136063998
13324,820329,833604,22.441779820,114.022035745
13325,838880,821096,22.328898287,114.202228070
13326,838860,821088,22.328826073,114.202033924
13327,834401,819951,22.318559244,114.158753425
13328,811842,818383,22.304227141,113.939822472
13329,838910,823019,22.346264034,114.202522450
13330,838749,810584,22.233968438,114.200940219
13331,839984,808937,22.219092664,114.212916004
13332,838270,821523,22.332755165,114.196307564
13333,818283,826131,22.374274963,114.002244375
13334,819686,824838,22.362612645,114.015880545
13335,820021,824817,22.362426205,114.019133247
13336,818376,826028,22.373345794,114.003148533
13337,841795,820311,22.321802376,114.230520165
13338,815731,830632,22.414892412,113.977407224
13339,830951,839594,22.495938026,114.125202545
13341,834994,818696,22.307226379,114.164510024
13342,835202,818341,22.304020653,114.166528926
13345,812957,819701,22.316144831,113.950624197
13346,812923,819828,22.317291248,113.950292354
13347,811156,815543,22.278570538,113.933209412
13348,831093,823949,22.354656712,114.126633358
13349,821213,834695,22.451640017,114.030612970
13350,821259,834433,22.449274452,114.031062338
13351,839156,821158,22.329457742,114.204907210
13352,839599,821388,22.331533973,114.209207742
13353,818544,834070,22.445970436,114.004690313
13354,819104,818363,22.304134183,114.010299390
13355,819157,818420,22.304649453,114.010813140
13356,819147,818555,22.305868480,114.010714649
13357,833677,838427,22.485405858,114.151696359
13358,831343,841024,22.508852656,114.129007652
13359,815688,826927,22.381434075,113.977037402
13360,846127,815741,22.280513147,114.272538984
13362,833893,845485,22.549142546,114.153784768
13363,833874,845494,22.549223793,114.153600037
13364,835442,817694,22.298177977,114.168858435
13365,833392,820945,22.327534263,114.148958379
13366,832953,821203,22.329863364,114.144696679
13367,833882,821270,22.330469950,114.153714096
13368,837431,827116,22.383263814,114.188167567
13369,841119,829585,22.405553666,114.223987008
13370,841577,830956,22.417933107,114.228439648
13371,842110,818734,22.307560086,114.233571840
13372,819669,824847,22.362693756,114.015715400
13373,820050,824301,22.357766734,114.019420042
13374,837489,813976,22.264601830,114.188720711
13375,835683,824835,22.362665462,114.171194630
13376,819949,824393,22.358596585,114.018438536
13377,834892,824402,22.358754785,114.163515211
13378,834816,824550,22.360091244,114.162777216
13379,832260,826900,22.381308946,114.137955670
13380,832218,826957,22.381823587,114.137547695
13381,838807,826891,22.381230458,114.201528708
13384,835530,833820,22.443804457,114.169705020
13385,830947,839767,22.497500272,114.125163092
13386,838121,822434,22.340982186,114.194862294
13387,840869,818734,22.307563852,114.221527752
13388,815347,828447,22.395156252,113.973706291
13389,824588,831229,22.420366866,114.063426948
13390,824692,831292,22.420936491,114.064436637
13391,820424,834624,22.450991731,114.022948453
13392,839634,827697,22.388507633,114.209560788
13393,831306,824150,22.356472480,114.128700625
13394,848779,828082,22.391942028,114.298368584
13395,833031,821117,22.329086883,114.145453975
13396,811820,816802,22.289949545,113.939633067
13398,840188,819656,22.315891752,114.214920805
13399,821261,834471,22.449617625,114.031081409
13400,821090,834694,22.451629900,114.029418020
13401,817488,832433,22.431176380,113.994450908
13402,836844,818684,22.307118382,114.182464506
13403,835387,819303,22.312708201,114.168323807
13404,836104,821446,22.332060974,114.175282442
13405,838145,822017,22.337216412,114.195094783
13408,840253,821037,22.328362847,114.215555118
13409,830624,824396,22.358691892,114.122078539
13410,830417,824686,22.361310058,114.120067780
13413,843024,814892,22.272861094,114.242426149
13414,837444,819264,22.312355826,114.188288005
13415,837655,818754,22.307750060,114.190335419
13416,837819,819991,22.318920773,114.191928267
13417,838840,822120,22.338145660,114.201841454
13418,842888,840828,22.507076942,114.241214288
13419,842947,840699,22.505911792,114.241787165
13420,838781,821191,22.329756341,114.201267263
13421,839434,819204,22.311811475,114.207601794
13422,839457,819224,22.311992045,114.207825059
13423,839932,821358,22.331262378,114.212440039
13424,842177,817260,22.294248737,114.234216647
13425,835121,818877,22.308861008,114.165742446
10000001,837993,828730,22.397838591,114.193626557
10000002,837625,828872,22.399121254,114.190052881
10000003,842819,819673,22.316037264,114.240456630
10000004,832982,822003,22.337087882,114.144976532
10000005,834009,821564,22.333125112,114.154946437
10000006,842699,817318,22.294770642,114.239282486
10000007,812659,825519,22.368680194,113.947646040
10000008,812788,825508,22.368582627,113.948898702
10000009,814791,826388,22.376555663,113.968334602
10000010,814805,826397,22.376637112,113.968470419
10000011,815174,830412,22.412898950,113.972000258
10000012,814831,830402,22.412804389,113.968669044
10000013,815013,830337,22.412219679,113.970437564
10000014,815334,830549,22.414138082,113.973552440
10000015,815685,830565,22.414286821,113.976961313
10000016,840068,830731,22.415905264,114.213782497
10000017,839162,832142,22.428649042,114.204985396
10000018,840085,830744,22.416022622,114.213947643
10000019,845040,819875,22.317851552,114.262014159
10000166,830005,825647,22.369986953,114.116063962
10000167,828590,825770,22.371091966,114.102324478
10000168,815197,827179,22.383703795,113.972266365
10000169,821819,833970,22.445098187,114.036506918
10000170,820863,834454,22.449460570,114.027215015
10000171,842211,820112,22.320003902,114.234557176
10000172,831295,824156,22.356526632,114.128593813
10000173,833926,816306,22.285642081,114.154148433
10000174,837993,820271,22.321449173,114.193617402
10000175,820342,833813,22.443667300,114.022159940
10000176,831188,840260,22.501952988,114.127503633
10000177,832513,839198,22.492366138,114.140383364
10000178,830785,840827,22.507071969,114.123585055
10000179,833927,845804,22.552023271,114.154114842
10000180,832503,839105,22.491526289,114.140286405
10000181,837842,822929,22.345452596,114.192154401
10000182,839281,828070,22.391876672,114.206133597
10000183,846270,826977,22.381979792,114.273996808
10000184,841675,819574,22.315147211,114.229352938
10000185,835478,834874,22.453322529,114.169199339
10000186,839675,821665,22.334035295,114.209946049
10000187,821609,833884,22.444319784,114.034467632
10000188,841412,820918,22.327285130,114.226804668
10000189,844790,820556,22.324002636,114.259591322
10000190,832245,838039,22.481899288,114.137781881
10000191,832396,838271,22.483994692,114.139248621
10000192,843758,814010,22.264893034,114.249543850
10000194,840158,820003,22.319025437,114.214630477
10000195,841008,819399,22.313568824,114.222878737
10000196,829931,825274,22.366618292,114.115346941
10000197,832505,822262,22.339425823,114.140345594
10000198,814085,826492,22.377485853,113.961477996
10000199,838150,826421,22.376986958,114.195148518
10000200,835393,821771,22.334995699,114.168380699
10000201,842367,819755,22.316779434,114.236069952
10000202,839549,816934,22.291311768,114.208713267
10000203,839918,821043,22.328417775,114.212303425
10000204,839756,816361,22.286136812,114.210720753
10000205,838960,823276,22.348584811,114.203008274
10000206,829063,822486,22.341437701,114.106931888
10000207,829078,822555,22.342060872,114.107077191
10000219,812730,817520,22.296446144,113.948453038
10000220,812559,817408,22.295432379,113.946795257
10000222,839103,820974,22.327796203,114.204392431
10000223,839089,820990,22.327940715,114.204256567
10000224,837468,826961,22.381864057,114.188526734
10000225,824095,823602,22.351487804,114.058696639
10000226,829597,825481,22.368486348,114.112103193
10000227,833651,821111,22.329033752,114.151472100
10000228,838853,821692,22.334280554,114.201966955
10000229,838834,821706,22.334407011,114.201782545
10000230,838021,822725,22.343610187,114.193891868
10000231,811096,815531,22.278461296,113.932627416
10000233,831188,824981,22.363976519,114.127552378
10000234,820332,833360,22.439576424,114.022067332
10000235,833184,821994,22.337006980,114.146937402
10000236,833363,822061,22.337612340,114.148674867
10000237,835833,835753,22.461260413,114.172648020
10000238,835850,835545,22.459382086,114.172813243
10000239,835693,835745,22.461188128,114.171287808
10000242,838766,821179,22.329647995,114.201121644
10000243,819337,817823,22.299259977,114.012566327
10000244,817712,833080,22.437021505,113.996619226
10000245,836516,816000,22.282880273,114.179280803
10000246,838261,828620,22.396844944,114.196229076
10000247,835208,818330,22.303921320,114.166587163
10000248,815552,828092,22.391952928,113.975701689
10000249,834926,815991,22.282798497,114.163852331
10000250,841568,815765,22.280749933,114.228301830
10000251,833250,821479,22.332356350,114.147579047
10000252,841694,818397,22.304518134,114.229533357
10000253,841724,818293,22.303578855,114.229824151
10000254,812858,817156,22.293160767,113.949700501
10000255,806887,811788,22.244593410,113.891855783
10000256,833127,821941,22.336528257,114.146384197
10000257,821535,833889,22.444364301,114.033748705
10000258,811990,819750,22.316573963,113.941238078
10000259,812560,817399,22.295351118,113.946805095
10000260,838855,826468,22.377410473,114.201994114
10000262,806922,811865,22.245289359,113.892193902
10000263,806823,811839,22.245052880,113.891234005
10000264,843950,820673,22.325063171,114.251438610
10000265,832428,839249,22.492826499,114.139557212
10000268,841581,817892,22.299958028,114.228435024
10000269,838969,822097,22.337937758,114.203093652
10000271,824308,823239,22.348211213,114.060767194
10000275,836175,835946,22.463003339,114.175970819
10000276,838421,821324,22.330957897,114.197773036
10000278,840120,820399,22.322601637,114.214262605
10000279,840883,818967,22.309667945,114.221664296
10000280,840852,818974,22.309731242,114.221363452
10000281,839514,822508,22.341648379,114.208384938
10000282,839504,822546,22.341991560,114.208287940
10000283,838910,832053,22.427845738,114.202537434
10000285,835013,815511,22.278463857,114.164696905
10000286,835005,815587,22.279150179,114.164619220
10000287,811885,815722,22.280197466,113.940280226
10000288,845427,831972,22.427091795,114.265839751
10000289,841428,830441,22.413282863,114.226990771
10000290,841153,830274,22.411775579,114.224319328
10000292,814986,827669,22.388126117,113.970210944
10000293,814839,827793,22.389244063,113.968781810
10000294,815129,828047,22.391541397,113.971594560
10000295,836179,835926,22.462822731,114.176009683
10000296,845105,821922,22.336336808,114.262656346
10000297,845141,821642,22.333808064,114.263004249
10000298,816669,826213,22.374997797,113.986571883
10000299,828245,832302,22.430077586,114.098941827
10000300,828239,832308,22.430131741,114.098883515
10000301,838576,821498,22.332529017,114.199277837
10000302,829138,822655,22.342964178,114.107659197
10000303,834354,818046,22.301355892,114.158299517
10000304,832095,812804,22.254013301,114.136390166
10000305,832361,812601,22.252180697,114.138971245
10000306,831277,816058,22.283396859,114.128444275
10000307,843718,813819,22.263168353,114.249154876
