ROUTE_ID,COMPANY_CODE,DISTRICT,ROUTE_NAMEC,ROUTE_NAMES,ROUTE_NAMEE,ROUTE_TYPE,SERVICE_MODE,SPECIAL_TYPE,JOURNEY_TIME,LOC_START_NAMEC,LOC_START_NAMES,LOC_START_NAMEE,LOC_END_NAMEC,LOC_END_NAMES,LOC_END_NAMEE,HYPERLINK_C,HYPERLINK_S,HYPERLINK_E,FULL_FARE,LAST_UPDATE_DATE
1001,"KMB",,"1","1","1",1,"R",0,4.0000000000000000e+01,"竹園邨","竹园邨","CHUK YUEN ESTATE","尖沙咀碼頭","尖沙咀码头","STAR FERRY","https://search.kmb.hk/KMBWebSite/?action=routesearch&route=1&lang=zh-hk","https://search.kmb.hk/KMBWebSite/?action=routesearch&route=1&lang=zh-cn","https://search.kmb.hk/KMBWebSite/?action=routesearch&route=1&lang=en",6.7000,"01/02/25 00:00:00"
1002,"KMB",,"10","10","10",1,"R",0,5.5000000000000000e+01,"彩雲","彩云","CHOI WAN","大角咀(循環線)","大角咀(循环线)","TAI KOK TSUI (CIRCULAR)","https://search.kmb.hk/KMBWebSite/?action=routesearch&route=10&lang=zh-hk","https://search.kmb.hk/KMBWebSite/?action=routesearch&route=10&lang=zh-cn","https://search.kmb.hk/KMBWebSite/?action=routesearch&route=10&lang=en",5.6000,"12/13/24 00:00:00"
1006,"KMB+CTB",,"102P","102P","102P",1,"T",1,6.4000000000000000e+01,"筲箕灣","筲箕湾","SHAU KEI WAN","美孚","美孚","MEI FOO","https://search.kmb.hk/KMBWebSite/?action=routesearch&route=102P&lang=zh-hk","https://search.kmb.hk/KMBWebSite/?action=routesearch&route=102P&lang=zh-cn","https://search.kmb.hk/KMBWebSite/?action=routesearch&route=102P&lang=en",12.9000,"06/18/23 00:00:00"
1008,"KMB+CTB",,"103","103","103",1,"R",0,5.9000000000000000e+01,"竹園邨","竹园邨","CHUK YUEN ESTATE","蒲飛路","蒲飞路","POKFIELD RD","https://search.kmb.hk/KMBWebSite/?action=routesearch&route=103&lang=zh-hk","https://search.kmb.hk/KMBWebSite/?action=routesearch&route=103&lang=zh-cn","https://search.kmb.hk/KMBWebSite/?action=routesearch&route=103&lang=en",12.9000,"11/04/24 00:00:00"
1010,"KMB+CTB",,"106","106","106",1,"R",0,8.2000000000000000e+01,"黃大仙","黄大仙","Wong Tai Sin","小西灣(藍灣半島)","小西湾(蓝湾半岛)","Siu Sai Wan (Island Resort)","https://search.kmb.hk/KMBWebSite/?action=routesearch&route=106&lang=zh-hk","https://search.kmb.hk/KMBWebSite/?action=routesearch&route=106&lang=zh-cn","https://search.kmb.hk/KMBWebSite/?action=routesearch&route=106&lang=en",12.9000,"09/30/24 00:00:00"
1014,"KMB",,"108","108","108",1,"R",0,5.0000000000000000e+01,"啟業","启业","KAI YIP","寶馬山","宝马山","BRAEMAR HILL","https://search.kmb.hk/KMBWebSite/?action=routesearch&route=108&lang=zh-hk","https://search.kmb.hk/KMBWebSite/?action=routesearch&route=108&lang=zh-cn","https://search.kmb.hk/KMBWebSite/?action=routesearch&route=108&lang=en",12.4000,"01/02/25 00:00:00"
1015,"KMB+CTB",,"109","109","109",1,"R",0,3.8000000000000000e+01,"何文田","何文田","Ho Man Tin","中環(港澳碼頭)","中环(港澳码头)","Central (Macau Ferry)","https://search.kmb.hk/KMBWebSite/?action=routesearch&route=109&lang=zh-hk","https://search.kmb.hk/KMBWebSite/?action=routesearch&route=109&lang=zh-cn","https://search.kmb.hk/KMBWebSite/?action=routesearch&route=109&lang=en",12.2000,"05/10/24 00:00:00"
1016,"KMB",,"11","11","11",1,"R",0,4.5000000000000000e+01,"鑽石山站","钻石山站","DIAMOND HILL STATION","九龍站","九龙站","KOWLOON STATION","https://search.kmb.hk/KMBWebSite/?action=routesearch&route=11&lang=zh-hk","https://search.kmb.hk/KMBWebSite/?action=routesearch&route=11&lang=zh-cn","https://search.kmb.hk/KMBWebSite/?action=routesearch&route=11&lang=en",5.8000,"05/24/24 00:00:00"
1017,"KMB+CTB",,"110","110","110",1,"T",0,8.4000000000000000e+01,"筲箕灣","筲箕湾","SHAU KEI WAN","尖沙咀(循環線)","尖沙咀(循环线)","TSIM SHA TSUI (CIRCULAR)","https://search.kmb.hk/KMBWebSite/?action=routesearch&route=110&lang=zh-hk","https://search.kmb.hk/KMBWebSite/?action=routesearch&route=110&lang=zh-cn","https://search.kmb.hk/KMBWebSite/?action=routesearch&route=110&lang=en",12.2000,"06/28/24 00:00:00"
1019,"KMB+CTB",,"112","112","112",1,"R",0,5.2000000000000000e+01,"北角","北角","North Point","蘇屋","苏屋","So Uk","https://search.kmb.hk/KMBWebSite/?action=routesearch&route=112&lang=zh-hk","https://search.kmb.hk/KMBWebSite/?action=routesearch&route=112&lang=zh-cn","https://search.kmb.hk/KMBWebSite/?action=routesearch&route=112&lang=en",12.2000,"09/20/24 00:00:00"
1021,"KMB+CTB",,"115","115","115",1,"R",0,3.9000000000000000e+01,"九龍城碼頭","九龙城码头","Kowloon City Ferry","中環(港澳碼頭)","中环(港澳码头)","Central (Macau Ferry)","https://search.kmb.hk/KMBWebSite/?action=routesearch&route=115&lang=zh-hk","https://search.kmb.hk/KMBWebSite/?action=routesearch&route=115&lang=zh-cn","https://search.kmb.hk/KMBWebSite/?action=routesearch&route=115&lang=en",12.2000,"05/31/24 00:00:00"
1022,"KMB+CTB",,"115P","115P","115P",1,"T",1,2.8000000000000000e+01,"海逸豪園","海逸豪园","LAGUNA VERDE","中環(港澳碼頭)","中环(港澳码头)","Central (Macau Ferry)","https://search.kmb.hk/KMBWebSite/?action=routesearch&route=115P&lang=zh-hk","https://search.kmb.hk/KMBWebSite/?action=routesearch&route=115P&lang=zh-cn","https://search.kmb.hk/KMBWebSite/?action=routesearch&route=115P&lang=en",12.2000,"05/31/24 00:00:00"
1023,"KMB+CTB",,"116","116","116",1,"R",0,6.1000000000000000e+01,"慈雲山(中)","慈云山(中)","Tsz Wan Shan (Central)","鰂魚涌","鲗鱼涌","Quarry Bay","https://search.kmb.hk/KMBWebSite/?action=routesearch&route=116&lang=zh-hk","https://search.kmb.hk/KMBWebSite/?action=routesearch&route=116&lang=zh-cn","https://search.kmb.hk/KMBWebSite/?action=routesearch&route=116&lang=en",12.9000,"10/22/24 00:00:00"
1024,"KMB+CTB",,"117","117","117",1,"R",0,4.3000000000000000e+01,"深水埗(欽州街)","深水埗(钦州街)","SHAM SHUI PO (YEN CHOW ST)","跑馬地(下)","跑马地(下)","HAPPY VALLEY (LOWER)","https://search.kmb.hk/KMBWebSite/?action=routesearch&route=117&lang=zh-hk","https://search.kmb.hk/KMBWebSite/?action=routesearch&route=117&lang=zh-cn","https://search.kmb.hk/KMBWebSite/?action=routesearch&route=117&lang=en",12.2000,"06/18/23 00:00:00"
1027,"KMB",,"11B","11B","11B",1,"R",0,2.7000000000000000e+01,"觀塘(翠屏道)","观塘(翠屏道)","KWUN TONG (TSUI PING ROAD)","九龍城碼頭","九龙城码头","KOWLOON CITY FERRY","https://search.kmb.hk/KMBWebSite/?action=routesearch&route=11B&lang=zh-hk","https://search.kmb.hk/KMBWebSite/?action=routesearch&route=11B&lang=zh-cn","https://search.kmb.hk/KMBWebSite/?action=routesearch&route=11B&lang=en",5.8000,"07/19/24 00:00:00"
1028,"KMB",,"11C","11C","11C",1,"R",0,4.1000000000000000e+01,"竹園邨","竹园邨","CHUK YUEN ESTATE","上秀茂坪","上秀茂坪","SAU MAU PING (UPPER)","https://search.kmb.hk/KMBWebSite/?action=routesearch&route=11C&lang=zh-hk","https://search.kmb.hk/KMBWebSite/?action=routesearch&route=11C&lang=zh-cn","https://search.kmb.hk/KMBWebSite/?action=routesearch&route=11C&lang=en",6.7000,"06/12/24 00:00:00"
1029,"KMB",,"11D","11D","11D",1,"R",0,2.9000000000000000e+01,"樂富","乐富","LOK FU","觀塘碼頭","观塘码头","KWUN TONG FERRY","https://search.kmb.hk/KMBWebSite/?action=routesearch&route=11D&lang=zh-hk","https://search.kmb.hk/KMBWebSite/?action=routesearch&route=11D&lang=zh-cn","https://search.kmb.hk/KMBWebSite/?action=routesearch&route=11D&lang=en",5.8000,"10/18/23 00:00:00"
1030,"KMB",,"11K","11K","11K",1,"R",0,3.9000000000000000e+01,"竹園邨","竹园邨","CHUK YUEN ESTATE","紅磡站","红磡站","HUNG HOM STATION","https://search.kmb.hk/KMBWebSite/?action=routesearch&route=11K&lang=zh-hk","https://search.kmb.hk/KMBWebSite/?action=routesearch&route=11K&lang=zh-cn","https://search.kmb.hk/KMBWebSite/?action=routesearch&route=11K&lang=en",5.8000,"07/12/24 00:00:00"
1031,"KMB",,"11X","11X","11X",1,"R",0,4.7000000000000000e+01,"安泰(北)","安泰(北)","ON TAI (NORTH)","紅磡站","红磡站","HUNG HOM STATION","https://search.kmb.hk/KMBWebSite/?action=routesearch&route=11X&lang=zh-hk","https://search.kmb.hk/KMBWebSite/?action=routesearch&route=11X&lang=zh-cn","https://search.kmb.hk/KMBWebSite/?action=routesearch&route=11X&lang=en",8.6000,"01/02/25 00:00:00"
1032,"KMB",,"12","12","12",1,"R",0,3.7000000000000000e+01,"海麗邨","海丽邨","HOI LAI ESTATE","尖沙咀東(麼地道)","尖沙咀东(么地道)","TSIM SHA TSUI EAST (MODY ROAD)","https://search.kmb.hk/KMBWebSite/?action=routesearch&route=12&lang=zh-hk","https://search.kmb.hk/KMBWebSite/?action=routesearch&route=12&lang=zh-cn","https://search.kmb.hk/KMBWebSite/?action=routesearch&route=12&lang=en",5.6000,"05/03/24 00:00:00"
1033,"KMB",,"12A","12A","12A",1,"R",0,4.2000000000000000e+01,"黃埔花園","黄埔花园","WHAMPOA GARDEN","長沙灣(海達邨)","长沙湾(海达邨)","CHEUNG SHA WAN (HOI TAT ESTATE)","https://search.kmb.hk/KMBWebSite/?action=routesearch&route=12A&lang=zh-hk","https://search.kmb.hk/KMBWebSite/?action=routesearch&route=12A&lang=zh-cn","https://search.kmb.hk/KMBWebSite/?action=routesearch&route=12A&lang=en",5.8000,"06/18/23 00:00:00"
1034,"KMB",,"13D","13D","13D",1,"T",1,5.6000000000000000e+01,"寶達","宝达","PO TAT","維港灣","维港湾","ISLAND HARBOURVIEW","https://search.kmb.hk/KMBWebSite/?action=routesearch&route=13D&lang=zh-hk","https://search.kmb.hk/KMBWebSite/?action=routesearch&route=13D&lang=zh-cn","https://search.kmb.hk/KMBWebSite/?action=routesearch&route=13D&lang=en",7.8000,"11/15/24 00:00:00"
1035,"KMB",,"13M","13M","13M",1,"R",0,1.9000000000000000e+01,"觀塘(雅麗道)","观塘(雅丽道)","KWUN TONG (ELEGANCE ROAD)","寶達(循環線)","宝达(循环线)","PO TAT (CIRCULAR)","https://search.kmb.hk/KMBWebSite/?action=routesearch&route=13M&lang=zh-hk","https://search.kmb.hk/KMBWebSite/?action=routesearch&route=13M&lang=zh-cn","https://search.kmb.hk/KMBWebSite/?action=routesearch&route=13M&lang=en",5.1000,"06/14/24 00:00:00"
1036,"KMB",,"13P","13P","13P",1,"T",1,5.3000000000000000e+01,"寶達","宝达","PO TAT","長沙灣(麗閣邨)","长沙湾(丽阁邨)","CHEUNG SHA WAN (LAI KOK ESTATE)","https://search.kmb.hk/KMBWebSite/?action=routesearch&route=13P&lang=zh-hk","https://search.kmb.hk/KMBWebSite/?action=routesearch&route=13P&lang=zh-cn","https://search.kmb.hk/KMBWebSite/?action=routesearch&route=13P&lang=en",7.8000,"10/06/23 00:00:00"
1037,"KMB",,"13X","13X","13X",1,"R",0,5.3000000000000000e+01,"寶達","宝达","PO TAT","尖沙咀東","尖沙咀东","TSIM SHA TSUI EAST","https://search.kmb.hk/KMBWebSite/?action=routesearch&route=13X&lang=zh-hk","https://search.kmb.hk/KMBWebSite/?action=routesearch&route=13X&lang=zh-cn","https://search.kmb.hk/KMBWebSite/?action=routesearch&route=13X&lang=en",8.6000,"09/13/24 00:00:00"
1038,"KMB",,"14","14","14",1,"R",0,4.5000000000000000e+01,"鯉魚門邨","鲤鱼门邨","LEI YUE MUN ESTATE","中港碼頭","中港码头","CHINA FERRY TERMINAL","https://search.kmb.hk/KMBWebSite/?action=routesearch&route=14&lang=zh-hk","https://search.kmb.hk/KMBWebSite/?action=routesearch&route=14&lang=zh-cn","https://search.kmb.hk/KMBWebSite/?action=routesearch&route=14&lang=en",7.8000,"11/15/24 00:00:00"
1039,"KMB",,"14B","14B","14B",1,"R",0,2.4000000000000000e+01,"牛頭角","牛头角","NGAU TAU KOK","藍田(廣田邨)","蓝田(广田邨)","LAM TIN (KWONG TIN ESTATE)","https://search.kmb.hk/KMBWebSite/?action=routesearch&route=14B&lang=zh-hk","https://search.kmb.hk/KMBWebSite/?action=routesearch&route=14B&lang=zh-cn","https://search.kmb.hk/KMBWebSite/?action=routesearch&route=14B&lang=en",5.8000,"07/19/24 00:00:00"
1040,"KMB",,"14X","14X","14X",1,"R",0,4.2000000000000000e+01,"油塘(祟德圍)","油塘(祟德围)","YAU TONG (SHUNG TAK WAI)","尖沙咀(循環線)","尖沙咀(循环线)","TSIM SHA TSUI (CIRCULAR)","https://search.kmb.hk/KMBWebSite/?action=routesearch&route=14X&lang=zh-hk","https://search.kmb.hk/KMBWebSite/?action=routesearch&route=14X&lang=zh-cn","https://search.kmb.hk/KMBWebSite/?action=routesearch&route=14X&lang=en",8.6000,"01/02/25 00:00:00"
1041,"KMB",,"15","15","15",1,"R",0,4.2000000000000000e+01,"平田","平田","PING TIN","紅磡(紅鸞道)","红磡(红鸾道)","HUNG HOM (HUNG LUEN ROAD)","https://search.kmb.hk/KMBWebSite/?action=routesearch&route=15&lang=zh-hk","https://search.kmb.hk/KMBWebSite/?action=routesearch&route=15&lang=zh-cn","https://search.kmb.hk/KMBWebSite/?action=routesearch&route=15&lang=en",7.8000,"08/16/24 00:00:00"
1042,"KMB",,"15A","15A","15A",1,"R",0,4.9000000000000000e+01,"平田","平田","PING TIN","慈雲山(北)","慈云山(北)","TSZ WAN SHAN (NORTH)","https://search.kmb.hk/KMBWebSite/?action=routesearch&route=15A&lang=zh-hk","https://search.kmb.hk/KMBWebSite/?action=routesearch&route=15A&lang=zh-cn","https://search.kmb.hk/KMBWebSite/?action=routesearch&route=15A&lang=en",6.7000,"12/23/24 00:00:00"
1044,"KMB",,"16","16","16",1,"R",0,4.4000000000000000e+01,"藍田(廣田邨)","蓝田(广田邨)","LAM TIN (KWONG TIN ESTATE)","旺角(柏景灣)","旺角(柏景湾)","MONG KOK (PARK AVENUE)","https://search.kmb.hk/KMBWebSite/?action=routesearch&route=16&lang=zh-hk","https://search.kmb.hk/KMBWebSite/?action=routesearch&route=16&lang=zh-cn","https://search.kmb.hk/KMBWebSite/?action=routesearch&route=16&lang=en",7.8000,"09/16/24 00:00:00"
1045,"KMB",,"16M","16M","16M",1,"R",0,1.8000000000000000e+01,"觀塘(裕民坊)","观塘(裕民坊)","KWUN TONG (YUE MAN SQUARE)","藍田(康華苑) (循環線)","蓝田(康华苑) (循环线)","LAM TIN (HONG WAH COURT) (CIRCULAR)","https://search.kmb.hk/KMBWebSite/?action=routesearch&route=16M&lang=zh-hk","https://search.kmb.hk/KMBWebSite/?action=routesearch&route=16M&lang=zh-cn","https://search.kmb.hk/KMBWebSite/?action=routesearch&route=16M&lang=en",5.2000,"08/09/24 00:00:00"
1046,"KMB",,"17","17","17",1,"R",0,3.6000000000000000e+01,"觀塘(裕民坊)","观塘(裕民坊)","KWUN TONG (YUE MAN SQUARE)","何文田(愛民邨)","何文田(爱民邨)","HO MAN TIN (OI MAN ESTATE)","https://search.kmb.hk/KMBWebSite/?action=routesearch&route=17&lang=zh-hk","https://search.kmb.hk/KMBWebSite/?action=routesearch&route=17&lang=zh-cn","https://search.kmb.hk/KMBWebSite/?action=routesearch&route=17&lang=en",6.7000,"09/27/24 00:00:00"
1047,"KMB+CTB",,"170","170","170",1,"R",0,5.2000000000000000e+01,"沙田站","沙田站","SHATIN STATION","華富(中)","华富(中)","WAH FU (CENTRAL)","https://search.kmb.hk/KMBWebSite/?action=routesearch&route=170&lang=zh-hk","https://search.kmb.hk/KMBWebSite/?action=routesearch&route=170&lang=zh-cn","https://search.kmb.hk/KMBWebSite/?action=routesearch&route=170&lang=en",20.8000,"06/18/23 00:00:00"
1050,"KMB",,"18","18","18",1,"R",0,4.5000000000000000e+01,"往長沙灣(海達邨)","往长沙湾(海达邨)","CHEUNG SHA WAN (HOI TAT ESTATE)","愛民(循環線)","爱民(循环线)","OI MAN(CIRCULAR)","https://search.kmb.hk/KMBWebSite/?action=routesearch&route=18&lang=zh-hk","https://search.kmb.hk/KMBWebSite/?action=routesearch&route=18&lang=zh-cn","https://search.kmb.hk/KMBWebSite/?action=routesearch&route=18&lang=en",5.6000,"11/17/23 00:00:00"
1051,"KMB+CTB",,"182","182","182",1,"R",0,5.6000000000000000e+01,"愉翠苑","愉翠苑","Yu Chui Court","中環(港澳碼頭)","中环(港澳码头)","Central (Macau Ferry)","https://search.kmb.hk/KMBWebSite/?action=routesearch&route=182&lang=zh-hk","https://search.kmb.hk/KMBWebSite/?action=routesearch&route=182&lang=zh-cn","https://search.kmb.hk/KMBWebSite/?action=routesearch&route=182&lang=en",20.8000,"03/22/24 00:00:00"
1053,"KMB",,"1A","1A","1A",1,"R",0,5.4000000000000000e+01,"中秀茂坪","中秀茂坪","SAU MAU PING (CENTRAL)","尖沙咀碼頭","尖沙咀码头","STAR FERRY","https://search.kmb.hk/KMBWebSite/?action=routesearch&route=1A&lang=zh-hk","https://search.kmb.hk/KMBWebSite/?action=routesearch&route=1A&lang=zh-cn","https://search.kmb.hk/KMBWebSite/?action=routesearch&route=1A&lang=en",8.2000,"09/27/24 00:00:00"
1054,"KMB",,"2","2","2",1,"R",0,3.5000000000000000e+01,"尖沙咀碼頭","尖沙咀码头","STAR FERRY","長沙灣(蘇屋邨)","长沙湾(苏屋邨)","CHEUNG SHA WAN (SO UK ESTATE)","https://search.kmb.hk/KMBWebSite/?action=routesearch&route=2&lang=zh-hk","https://search.kmb.hk/KMBWebSite/?action=routesearch&route=2&lang=zh-cn","https://search.kmb.hk/KMBWebSite/?action=routesearch&route=2&lang=en",5.6000,"06/18/23 00:00:00"
1056,"KMB",,"203E","203E","203E",1,"R",0,4.7000000000000000e+01,"彩虹","彩虹","CHOI HUNG","九龍站","九龙站","KOWLOON STATION","https://search.kmb.hk/KMBWebSite/?action=routesearch&route=203E&lang=zh-hk","https://search.kmb.hk/KMBWebSite/?action=routesearch&route=203E&lang=zh-cn","https://search.kmb.hk/KMBWebSite/?action=routesearch&route=203E&lang=en",6.7000,"03/08/24 00:00:00"
1057,"KMB",,"208","208","208",1,"R",0,3.8000000000000000e+01,"廣播道","广播道","BROADCAST DRIVE","尖沙咀東","尖沙咀东","TSIM SHA TSUI EAST","https://search.kmb.hk/KMBWebSite/?action=routesearch&route=208&lang=zh-hk","https://search.kmb.hk/KMBWebSite/?action=routesearch&route=208&lang=zh-cn","https://search.kmb.hk/KMBWebSite/?action=routesearch&route=208&lang=en",9.3000,"06/10/23 00:00:00"
1058,"KMB",,"21","21","21",1,"R",0,3.5000000000000000e+01,"彩雲","彩云","CHOI WAN","紅磡站","红磡站","HUNG HOM STATION","https://search.kmb.hk/KMBWebSite/?action=routesearch&route=21&lang=zh-hk","https://search.kmb.hk/KMBWebSite/?action=routesearch&route=21&lang=zh-cn","https://search.kmb.hk/KMBWebSite/?action=routesearch&route=21&lang=en",5.6000,"01/17/25 00:00:00"
1059,"KMB",,"211","211","211",1,"R",0,1.3000000000000000e+01,"翠竹花園","翠竹花园","TSUI CHUK GARDEN","黃大仙站(循環線)","黄大仙站(循环线)","WONG TAI SIN STATION (CIRCULAR)","https://search.kmb.hk/KMBWebSite/?action=routesearch&route=211&lang=zh-hk","https://search.kmb.hk/KMBWebSite/?action=routesearch&route=211&lang=zh-cn","https://search.kmb.hk/KMBWebSite/?action=routesearch&route=211&lang=en",4.6000,"06/18/23 00:00:00"
1061,"KMB",,"215X","215X","215X",1,"R",0,4.2000000000000000e+01,"藍田(廣田邨)","蓝田(广田邨)","LAM TIN (KWONG TIN ESTATE)","九龍站","九龙站","KOWLOON STATION","https://search.kmb.hk/KMBWebSite/?action=routesearch&route=215X&lang=zh-hk","https://search.kmb.hk/KMBWebSite/?action=routesearch&route=215X&lang=zh-cn","https://search.kmb.hk/KMBWebSite/?action=routesearch&route=215X&lang=en",8.6000,"01/02/25 00:00:00"
1062,"KMB",,"216M","216M","216M",1,"R",0,2.0000000000000000e+01,"藍田站","蓝田站","LAM TIN STATION","油塘站(循環線)","油塘站(循环线)","YAU TONG STATION (CIRCULAR)","https://search.kmb.hk/KMBWebSite/?action=routesearch&route=216M&lang=zh-hk","https://search.kmb.hk/KMBWebSite/?action=routesearch&route=216M&lang=zh-cn","https://search.kmb.hk/KMBWebSite/?action=routesearch&route=216M&lang=en",4.0000,"08/19/24 00:00:00"
1064,"KMB",,"219X","219X","219X",1,"R",0,3.4000000000000000e+01,"麗港城","丽港城","LAGUNA CITY","尖沙咀(循環線)","尖沙咀(循环线)","TSIM SHA TSUI(CIRCULAR)","https://search.kmb.hk/KMBWebSite/?action=routesearch&route=219X&lang=zh-hk","https://search.kmb.hk/KMBWebSite/?action=routesearch&route=219X&lang=zh-cn","https://search.kmb.hk/KMBWebSite/?action=routesearch&route=219X&lang=en",8.6000,"01/02/25 00:00:00"
1066,"KMB",,"224X","224X","224X",1,"T",1,2.9000000000000000e+01,"啟業","启业","KAI YIP","尖沙咀東(循環線)","尖沙咀东(循环线)","TSIM SHA TSUI EAST (CIRCULAR)","https://search.kmb.hk/KMBWebSite/?action=routesearch&route=224X&lang=zh-hk","https://search.kmb.hk/KMBWebSite/?action=routesearch&route=224X&lang=zh-cn","https://search.kmb.hk/KMBWebSite/?action=routesearch&route=224X&lang=en",8.6000,"01/19/24 00:00:00"
1067,"KMB",,"23","23","23",1,"R",0,2.5000000000000000e+01,"觀塘碼頭","观塘码头","KWUN TONG FERRY","順利(循環線)","顺利(循环线)","SHUN LEE (CIRCULAR)","https://search.kmb.hk/KMBWebSite/?action=routesearch&route=23&lang=zh-hk","https://search.kmb.hk/KMBWebSite/?action=routesearch&route=23&lang=zh-cn","https://search.kmb.hk/KMBWebSite/?action=routesearch&route=23&lang=en",5.2000,"04/05/24 00:00:00"
1068,"KMB",,"230X","230X","230X",1,"T",1,5.0000000000000000e+01,"荃灣(荃威花園)","荃湾(荃威花园)","TSUEN WAN (ALLWAY GARDENS)","黃埔花園","黄埔花园","WHAMPOA GARDEN","https://search.kmb.hk/KMBWebSite/?action=routesearch&route=230X&lang=zh-hk","https://search.kmb.hk/KMBWebSite/?action=routesearch&route=230X&lang=zh-cn","https://search.kmb.hk/KMBWebSite/?action=routesearch&route=230X&lang=en",11.0000,"06/18/23 00:00:00"
1069,"KMB",,"234A","234A","234A",1,"R",0,2.5000000000000000e+01,"深井(浪翠園)","深井(浪翠园)","SHAM TSENG (SEA CREST VILLA)","荃灣西站","荃湾西站","TSUEN WAN WEST STATION","https://search.kmb.hk/KMBWebSite/?action=routesearch&route=234A&lang=zh-hk","https://search.kmb.hk/KMBWebSite/?action=routesearch&route=234A&lang=zh-cn","https://search.kmb.hk/KMBWebSite/?action=routesearch&route=234A&lang=en",7.1000,"11/22/24 00:00:00"
1070,"KMB",,"234B","234B","234B",1,"R",0,3.0000000000000000e+01,"荃灣西站","荃湾西站","TSUEN WAN WEST STATION","深井(浪翠園)","深井(浪翠园)","SHAM TSENG (SEA CREST VILLA)","https://search.kmb.hk/KMBWebSite/?action=routesearch&route=234B&lang=zh-hk","https://search.kmb.hk/KMBWebSite/?action=routesearch&route=234B&lang=zh-cn","https://search.kmb.hk/KMBWebSite/?action=routesearch&route=234B&lang=en",5.8000,"01/02/25 00:00:00"
1071,"KMB",,"234P","234P","234P",1,"T",1,5.6000000000000000e+01,"荃灣(灣景花園)","荃湾(湾景花园)","TSUEN WAN (BAYVIEW GARDEN)","尖沙咀碼頭","尖沙咀码头","STAR FERRY","https://search.kmb.hk/KMBWebSite/?action=routesearch&route=234P&lang=zh-hk","https://search.kmb.hk/KMBWebSite/?action=routesearch&route=234P&lang=zh-cn","https://search.kmb.hk/KMBWebSite/?action=routesearch&route=234P&lang=en",10.2000,"06/18/23 00:00:00"
1073,"KMB",,"234X","234X","234X",1,"R",0,5.9000000000000000e+01,"尖沙咀東(麼地道)","尖沙咀东(麽地道)","TSIM SHA TSUI EAST (MODY ROAD)","荃灣(灣景花園)","荃湾(湾景花园)","TSUEN WAN (BAYVIEW GARDEN)","https://search.kmb.hk/KMBWebSite/?action=routesearch&route=234X&lang=zh-hk","https://search.kmb.hk/KMBWebSite/?action=routesearch&route=234X&lang=zh-cn","https://search.kmb.hk/KMBWebSite/?action=routesearch&route=234X&lang=en",10.2000,"01/02/25 00:00:00"
1074,"KMB",,"235","235","235",1,"R",0,3.2000000000000000e+01,"葵涌(安蔭邨)","葵涌(安荫邨)","KWAI CHUNG (ON YAM ESTATE)","荃灣(循環線)","荃湾(循环线)","TSUEN WAN (CIRCULAR)","https://search.kmb.hk/KMBWebSite/?action=routesearch&route=235&lang=zh-hk","https://search.kmb.hk/KMBWebSite/?action=routesearch&route=235&lang=zh-cn","https://search.kmb.hk/KMBWebSite/?action=routesearch&route=235&lang=en",5.1000,"09/27/24 00:00:00"
1075,"KMB",,"235M","235M","235M",1,"R",0,1.7000000000000000e+01,"葵涌安蔭邨","葵涌安荫邨","KWAI CHUNG (ON YAM ESTATE)","葵芳站","葵芳站","KWAI FONG STATION","https://search.kmb.hk/KMBWebSite/?action=routesearch&route=235M&lang=zh-hk","https://search.kmb.hk/KMBWebSite/?action=routesearch&route=235M&lang=zh-cn","https://search.kmb.hk/KMBWebSite/?action=routesearch&route=235M&lang=en",4.8000,"10/25/24 00:00:00"
1077,"KMB",,"238M","238M","238M",1,"R",0,1.5000000000000000e+01,"荃灣(海濱花園)","荃湾(海滨花园)","TSUEN WAN (RIVIERA GARDENS)","荃灣站","荃湾站","TSUEN WAN STATION","https://search.kmb.hk/KMBWebSite/?action=routesearch&route=238M&lang=zh-hk","https://search.kmb.hk/KMBWebSite/?action=routesearch&route=238M&lang=zh-cn","https://search.kmb.hk/KMBWebSite/?action=routesearch&route=238M&lang=en",4.3000,"04/22/24 00:00:00"
1078,"KMB",,"238P","238P","238P",1,"T",1,3.3000000000000000e+01,"荃灣(海濱花園)","荃湾(海滨花园)","TSUEN WAN (RIVIERA GARDENS)","中港碼頭","中港码头","CHINA FERRY TERMINAL","https://search.kmb.hk/KMBWebSite/?action=routesearch&route=238P&lang=zh-hk","https://search.kmb.hk/KMBWebSite/?action=routesearch&route=238P&lang=zh-cn","https://search.kmb.hk/KMBWebSite/?action=routesearch&route=238P&lang=en",9.3000,"05/10/24 00:00:00"
1079,"KMB",,"238X","238X","238X",1,"R",0,4.4000000000000000e+01,"荃灣(海濱花園)","荃湾(海滨花园)","TSUEN WAN (RIVIERA GARDENS)","中港碼頭","中港码头","CHINA FERRY TERMINAL","https://search.kmb.hk/KMBWebSite/?action=routesearch&route=238X&lang=zh-hk","https://search.kmb.hk/KMBWebSite/?action=routesearch&route=238X&lang=zh-cn","https://search.kmb.hk/KMBWebSite/?action=routesearch&route=238X&lang=en",9.3000,"05/10/24 00:00:00"
1081,"KMB",,"24","24","24",1,"R",0,3.5000000000000000e+01,"啟業","启业","KAI YIP","旺角(循環線)","旺角(循环线)","MONG KOK (CIRCULAR)","https://search.kmb.hk/KMBWebSite/?action=routesearch&route=24&lang=zh-hk","https://search.kmb.hk/KMBWebSite/?action=routesearch&route=24&lang=zh-cn","https://search.kmb.hk/KMBWebSite/?action=routesearch&route=24&lang=en",5.8000,"06/14/24 00:00:00"
1083,"KMB",,"243M","243M","243M",1,"R",0,3.4000000000000000e+01,"青衣(美景花園)","青衣(美景花园)","TSING YI (MAYFAIR GARDEN)","荃灣(愉景新城)","荃湾(愉景新城)","TSUEN WAN (DISCOVERY PARK)","https://search.kmb.hk/KMBWebSite/?action=routesearch&route=243M&lang=zh-hk","https://search.kmb.hk/KMBWebSite/?action=routesearch&route=243M&lang=zh-cn","https://search.kmb.hk/KMBWebSite/?action=routesearch&route=243M&lang=en",5.8000,"11/01/24 00:00:00"
1084,"KMB",,"243P","243P","243P",1,"T",1,3.4000000000000000e+01,"青衣(美景花園)","青衣(美景花园)","TSING YI (MAYFAIR GARDEN)","荃灣(荃威花園)","荃湾(荃威花园)","TSUEN WAN (ALLWAY GARDENS)","https://search.kmb.hk/KMBWebSite/?action=routesearch&route=243P&lang=zh-hk","https://search.kmb.hk/KMBWebSite/?action=routesearch&route=243P&lang=zh-cn","https://search.kmb.hk/KMBWebSite/?action=routesearch&route=243P&lang=en",5.8000,"08/04/23 00:00:00"
1085,"KMB",,"248M","248M","248M",1,"R",0,9.0000000000000000e+00,"青衣站","青衣站","TSING YI STATION","長宏(循環線)","长宏(循环线)","CHEUNG WANG (CIRCULAR)","https://search.kmb.hk/KMBWebSite/?action=routesearch&route=248M&lang=zh-hk","https://search.kmb.hk/KMBWebSite/?action=routesearch&route=248M&lang=zh-cn","https://search.kmb.hk/KMBWebSite/?action=routesearch&route=248M&lang=en",4.8000,"12/13/24 00:00:00"
1087,"KMB",,"249M","249M","249M",1,"R",0,1.6000000000000000e+01,"青衣站","青衣站","TSING YI STATION","美景花園(循環線)","美景花园(循环线)","MAYFAIR GARDENS (CIRCULAR)","https://search.kmb.hk/KMBWebSite/?action=routesearch&route=249M&lang=zh-hk","https://search.kmb.hk/KMBWebSite/?action=routesearch&route=249M&lang=zh-cn","https://search.kmb.hk/KMBWebSite/?action=routesearch&route=249M&lang=en",4.8000,"12/13/24 00:00:00"
1088,"KMB",,"249X","249X","249X",1,"R",0,4.7000000000000000e+01,"博康","博康","POK HONG","青衣站","青衣站","TSING YI STATION","https://search.kmb.hk/KMBWebSite/?action=routesearch&route=249X&lang=zh-hk","https://search.kmb.hk/KMBWebSite/?action=routesearch&route=249X&lang=zh-cn","https://search.kmb.hk/KMBWebSite/?action=routesearch&route=249X&lang=en",10.4000,"01/04/24 00:00:00"
1089,"KMB",,"252B","252B","252B",1,"T",1,5.3000000000000000e+01,"恒順園","恒顺园","HANDSOME COURT","尖沙咀","尖沙咀","TSIM SHA TSUI","https://search.kmb.hk/KMBWebSite/?action=routesearch&route=252B&lang=zh-hk","https://search.kmb.hk/KMBWebSite/?action=routesearch&route=252B&lang=zh-cn","https://search.kmb.hk/KMBWebSite/?action=routesearch&route=252B&lang=en",14.7000,"06/18/23 00:00:00"
1090,"KMB",,"258P","258P","258P",1,"T",1,7.9000000000000000e+01,"洪水橋(洪福邨)","洪水桥(洪福邨)","HUNG SHUI KIU (HUNG FUK ESTATE)","藍田站","蓝田站","LAM TIN STATION","https://search.kmb.hk/KMBWebSite/?action=routesearch&route=258P&lang=zh-hk","https://search.kmb.hk/KMBWebSite/?action=routesearch&route=258P&lang=zh-cn","https://search.kmb.hk/KMBWebSite/?action=routesearch&route=258P&lang=en",18.8000,"06/10/23 00:00:00"
1091,"KMB",,"258D","258D","258D",1,"R",0,6.9000000000000000e+01,"屯門(寶田邨)","屯门(宝田邨)","TUEN MUN (PO TIN ESTATE)","藍田站","蓝田站","LAM TIN STATION","https://search.kmb.hk/KMBWebSite/?action=routesearch&route=258D&lang=zh-hk","https://search.kmb.hk/KMBWebSite/?action=routesearch&route=258D&lang=zh-cn","https://search.kmb.hk/KMBWebSite/?action=routesearch&route=258D&lang=en",18.8000,"10/25/24 00:00:00"
1092,"KMB",,"259B","259B","259B",1,"T",1,7.6000000000000000e+01,"屯門碼頭","屯门码头","TUEN MUN PIER HEAD","尖沙咀","尖沙咀","TSIM SHA TSUI","https://search.kmb.hk/KMBWebSite/?action=routesearch&route=259B&lang=zh-hk","https://search.kmb.hk/KMBWebSite/?action=routesearch&route=259B&lang=zh-cn","https://search.kmb.hk/KMBWebSite/?action=routesearch&route=259B&lang=en",16.3000,"01/02/25 00:00:00"
1093,"KMB",,"259C","259C","259C",1,"T",1,7.1000000000000000e+01,"新屯門中心","新屯门中心","SUN TUEN MUN CENTRE","尖沙咀","尖沙咀","TSIM SHA TSUI","https://search.kmb.hk/KMBWebSite/?action=routesearch&route=259C&lang=zh-hk","https://search.kmb.hk/KMBWebSite/?action=routesearch&route=259C&lang=zh-cn","https://search.kmb.hk/KMBWebSite/?action=routesearch&route=259C&lang=en",15.5000,"01/02/25 00:00:00"
1094,"KMB",,"259D","259D","259D",1,"R",0,7.1000000000000000e+01,"屯門(龍門居)","屯门(龙门居)","TUEN MUN (LUNG MUN OASIS)","鯉魚門邨","鲤鱼门邨","LEI YUE MUN ESTATE","https://search.kmb.hk/KMBWebSite/?action=routesearch&route=259D&lang=zh-hk","https://search.kmb.hk/KMBWebSite/?action=routesearch&route=259D&lang=zh-cn","https://search.kmb.hk/KMBWebSite/?action=routesearch&route=259D&lang=en",18.8000,"12/08/23 00:00:00"
1095,"KMB",,"259E","259E","259E",1,"T",1,3.2000000000000000e+01,"屯門(龍門居)","屯门(龙门居)","TUEN MUN (LUNG MUN OASIS)","荃灣站","荃湾站","TSUEN WAN STATION","https://search.kmb.hk/KMBWebSite/?action=routesearch&route=259E&lang=zh-hk","https://search.kmb.hk/KMBWebSite/?action=routesearch&route=259E&lang=zh-cn","https://search.kmb.hk/KMBWebSite/?action=routesearch&route=259E&lang=en",10.2000,"04/05/24 00:00:00"
1096,"KMB",,"26","26","26",1,"R",0,4.2000000000000000e+01,"順天","顺天","SHUN TIN","尖沙咀東","尖沙咀东","TSIM SHA TSUI EAST","https://search.kmb.hk/KMBWebSite/?action=routesearch&route=26&lang=zh-hk","https://search.kmb.hk/KMBWebSite/?action=routesearch&route=26&lang=zh-cn","https://search.kmb.hk/KMBWebSite/?action=routesearch&route=26&lang=en",7.8000,"09/30/24 00:00:00"
1098,"KMB",,"260B","260B","260B",1,"T",1,6.8000000000000000e+01,"屯門市中心","屯门市中心","TUEN MUN CENTRAL","尖沙咀","尖沙咀","TSIM SHA TSUI","https://search.kmb.hk/KMBWebSite/?action=routesearch&route=260B&lang=zh-hk","https://search.kmb.hk/KMBWebSite/?action=routesearch&route=260B&lang=zh-cn","https://search.kmb.hk/KMBWebSite/?action=routesearch&route=260B&lang=en",15.5000,"01/02/25 00:00:00"
1099,"KMB",,"260C","260C","260C",1,"T",1,4.9000000000000000e+01,"屯門(三聖邨)","屯门(三圣邨)","TUEN MUN (SAM SHING ESTATE)","葵芳站","葵芳站","KWAI FONG STATION","https://search.kmb.hk/KMBWebSite/?action=routesearch&route=260C&lang=zh-hk","https://search.kmb.hk/KMBWebSite/?action=routesearch&route=260C&lang=zh-cn","https://search.kmb.hk/KMBWebSite/?action=routesearch&route=260C&lang=en",11.0000,"06/18/23 00:00:00"
1101,"KMB",,"260X","260X","260X",1,"R",0,6.5000000000000000e+01,"屯門(寶田邨)","屯门(宝田邨)","TUEN MUN (PO TIN ESTATE)","紅磡站","红磡站","HUNG HOM STATION","https://search.kmb.hk/KMBWebSite/?action=routesearch&route=260X&lang=zh-hk","https://search.kmb.hk/KMBWebSite/?action=routesearch&route=260X&lang=zh-cn","https://search.kmb.hk/KMBWebSite/?action=routesearch&route=260X&lang=en",17.2000,"01/02/25 00:00:00"
1102,"KMB",,"261","261","261",1,"R",0,6.9000000000000000e+01,"屯門(三聖邨)","屯门(三圣邨)","TUEN MUN (SAM SHING ESTATE)","粉嶺(祥華)","粉岭(祥华)","FANLING (CHEUNG WAH)","https://search.kmb.hk/KMBWebSite/?action=routesearch&route=261&lang=zh-hk","https://search.kmb.hk/KMBWebSite/?action=routesearch&route=261&lang=zh-cn","https://search.kmb.hk/KMBWebSite/?action=routesearch&route=261&lang=en",15.4000,"01/02/25 00:00:00"
1103,"KMB",,"261B","261B","261B",1,"T",1,7.4000000000000000e+01,"屯門(三聖邨)","屯门(三圣邨)","TUEN MUN (SAM SHING ESTATE)","九龍站","九龙站","KOWLOON STATION","https://search.kmb.hk/KMBWebSite/?action=routesearch&route=261B&lang=zh-hk","https://search.kmb.hk/KMBWebSite/?action=routesearch&route=261B&lang=zh-cn","https://search.kmb.hk/KMBWebSite/?action=routesearch&route=261B&lang=en",15.5000,"01/02/25 00:00:00"
1104,"KMB",,"261P","261P","261P",1,"T",1,4.1000000000000000e+01,"屯門(兆康苑)","屯门(兆康苑)","TUEN MUN (SIU HONG COURT)","上水(天平)","上水(天平)","SHEUNG SHUI (TIN PING)","https://search.kmb.hk/KMBWebSite/?action=routesearch&route=261P&lang=zh-hk","https://search.kmb.hk/KMBWebSite/?action=routesearch&route=261P&lang=zh-cn","https://search.kmb.hk/KMBWebSite/?action=routesearch&route=261P&lang=en",15.4000,"06/18/23 00:00:00"
1105,"KMB",,"263","263","263",1,"R",0,4.4000000000000000e+01,"屯門站","屯门站","TUEN MUN STATION","沙田站","沙田站","SHATIN STATION","https://search.kmb.hk/KMBWebSite/?action=routesearch&route=263&lang=zh-hk","https://search.kmb.hk/KMBWebSite/?action=routesearch&route=263&lang=zh-cn","https://search.kmb.hk/KMBWebSite/?action=routesearch&route=263&lang=en",16.9000,"06/18/23 00:00:00"
1108,"KMB",,"265B","265B","265B",1,"R",0,7.6000000000000000e+01,"天恒邨","天恒邨","TIN HENG ESTATE","旺角(柏景灣)","旺角(柏景湾)","MONG KOK (PARK AVENUE)","https://search.kmb.hk/KMBWebSite/?action=routesearch&route=265B&lang=zh-hk","https://search.kmb.hk/KMBWebSite/?action=routesearch&route=265B&lang=zh-cn","https://search.kmb.hk/KMBWebSite/?action=routesearch&route=265B&lang=en",17.2000,"07/23/24 00:00:00"
1109,"KMB",,"265M","265M","265M",1,"R",0,4.7000000000000000e+01,"天恒邨","天恒邨","TIN HENG ESTATE","葵涌(麗瑤邨)","葵涌(丽瑶邨)","LAI YIU","https://search.kmb.hk/KMBWebSite/?action=routesearch&route=265M&lang=zh-hk","https://search.kmb.hk/KMBWebSite/?action=routesearch&route=265M&lang=zh-cn","https://search.kmb.hk/KMBWebSite/?action=routesearch&route=265M&lang=en",12.5000,"07/05/24 00:00:00"
1111,"KMB",,"265S","265S","265S",1,"T",1,7.7000000000000000e+01,"天水圍市中心","天水围市中心","TIN SHUI WAI TOWN CENTRE","香港教育大學","香港教育大学","EDUCATION UNIVERSITY OF HONG KONG","https://search.kmb.hk/KMBWebSite/?action=routesearch&route=265S&lang=zh-hk","https://search.kmb.hk/KMBWebSite/?action=routesearch&route=265S&lang=zh-cn","https://search.kmb.hk/KMBWebSite/?action=routesearch&route=265S&lang=en",17.2000,"12/13/24 00:00:00"
1113,"KMB",,"268B","268B","268B",1,"R",0,6.8000000000000000e+01,"朗屏站","朗屏站","LONG PING STATION","紅磡(紅鸞道)","红磡(红鸾道)","HUNG HOM (HUNG LUEN ROAD)","https://search.kmb.hk/KMBWebSite/?action=routesearch&route=268B&lang=zh-hk","https://search.kmb.hk/KMBWebSite/?action=routesearch&route=268B&lang=zh-cn","https://search.kmb.hk/KMBWebSite/?action=routesearch&route=268B&lang=en",20.8000,"01/02/25 00:00:00"
1114,"KMB",,"268C","268C","268C",1,"R",0,7.1000000000000000e+01,"朗屏站","朗屏站","LONG PING STATION","觀塘碼頭","观塘码头","KWUN TONG FERRY","https://search.kmb.hk/KMBWebSite/?action=routesearch&route=268C&lang=zh-hk","https://search.kmb.hk/KMBWebSite/?action=routesearch&route=268C&lang=zh-cn","https://search.kmb.hk/KMBWebSite/?action=routesearch&route=268C&lang=en",20.8000,"01/02/25 00:00:00"
1115,"KMB",,"269B","269B","269B",1,"R",0,7.2000000000000000e+01,"天水圍市中心","天水围市中心","TIN SHUI WAI TOWN CENTRE","紅磡(紅鸞道)","红磡(红鸾道)","HUNG HOM (HUNG LUEN ROAD)","https://search.kmb.hk/KMBWebSite/?action=routesearch&route=269B&lang=zh-hk","https://search.kmb.hk/KMBWebSite/?action=routesearch&route=269B&lang=zh-cn","https://search.kmb.hk/KMBWebSite/?action=routesearch&route=269B&lang=en",20.8000,"01/02/25 00:00:00"
1116,"KMB",,"269C","269C","269C",1,"R",0,7.5000000000000000e+01,"天水圍市中心","天水围市中心","TIN SHUI WAI TOWN CENTRE","觀塘碼頭","观塘码头","KWUN TONG FERRY","https://search.kmb.hk/KMBWebSite/?action=routesearch&route=269C&lang=zh-hk","https://search.kmb.hk/KMBWebSite/?action=routesearch&route=269C&lang=zh-cn","https://search.kmb.hk/KMBWebSite/?action=routesearch&route=269C&lang=en",20.8000,"02/23/24 00:00:00"
1117,"KMB",,"269D","269D","269D",1,"R",0,7.5000000000000000e+01,"天富","天富","TIN FU","瀝源","沥源","LEK YUEN","https://search.kmb.hk/KMBWebSite/?action=routesearch&route=269D&lang=zh-hk","https://search.kmb.hk/KMBWebSite/?action=routesearch&route=269D&lang=zh-cn","https://search.kmb.hk/KMBWebSite/?action=routesearch&route=269D&lang=en",18.5000,"01/02/25 00:00:00"
1118,"KMB",,"269M","269M","269M",1,"R",0,5.7000000000000000e+01,"天恩邨","天恩邨","TIN YAN ESTATE","祖堯","祖尧","CHO YIU","https://search.kmb.hk/KMBWebSite/?action=routesearch&route=269M&lang=zh-hk","https://search.kmb.hk/KMBWebSite/?action=routesearch&route=269M&lang=zh-cn","https://search.kmb.hk/KMBWebSite/?action=routesearch&route=269M&lang=en",12.5000,"05/17/24 00:00:00"
1119,"KMB",,"26M","26M","26M",1,"R",0,2.4000000000000000e+01,"彩虹","彩虹","CHOI HUNG","觀塘(循環線)","观塘(循环线)","KWUN TONG (CIRCULAR)","https://search.kmb.hk/KMBWebSite/?action=routesearch&route=26M&lang=zh-hk","https://search.kmb.hk/KMBWebSite/?action=routesearch&route=26M&lang=zh-cn","https://search.kmb.hk/KMBWebSite/?action=routesearch&route=26M&lang=en",5.6000,"11/01/24 00:00:00"
1120,"KMB",,"27","27","27",1,"R",0,3.7000000000000000e+01,"順天","顺天","SHUN TIN","旺角(循環線)","旺角(循环线)","MONG KOK (CIRCULAR)","https://search.kmb.hk/KMBWebSite/?action=routesearch&route=27&lang=zh-hk","https://search.kmb.hk/KMBWebSite/?action=routesearch&route=27&lang=zh-cn","https://search.kmb.hk/KMBWebSite/?action=routesearch&route=27&lang=en",5.6000,"09/20/24 00:00:00"
1121,"KMB",,"270","270","270",1,"R",0,1.5000000000000000e+01,"翠麗花園","翠丽花园","TSUI LAI GARDEN","天平(循環線)","天平(循环线)","TIN PING (CIRCULAR)","https://search.kmb.hk/KMBWebSite/?action=routesearch&route=270&lang=zh-hk","https://search.kmb.hk/KMBWebSite/?action=routesearch&route=270&lang=zh-cn","https://search.kmb.hk/KMBWebSite/?action=routesearch&route=270&lang=en",4.3000,"06/18/23 00:00:00"
1122,"KMB",,"270A","270A","270A",1,"R",0,7.3000000000000000e+01,"上水","上水","SHEUNG SHUI","尖沙咀東(麼地道)","尖沙咀东(么地道)","TSIM SHA TSUI EAST (MODY ROAD)","https://search.kmb.hk/KMBWebSite/?action=routesearch&route=270A&lang=zh-hk","https://search.kmb.hk/KMBWebSite/?action=routesearch&route=270A&lang=zh-cn","https://search.kmb.hk/KMBWebSite/?action=routesearch&route=270A&lang=en",16.9000,"01/02/25 00:00:00"
1123,"KMB",,"271","271","271",1,"T",1,6.8000000000000000e+01,"大埔(富亨)","大埔(富亨)","TAI PO (FU HENG)","佐敦(西九龍站)","佐敦(西九龙站)","JORDAN (WEST KOWLOON STATION)","https://search.kmb.hk/KMBWebSite/?action=routesearch&route=271&lang=zh-hk","https://search.kmb.hk/KMBWebSite/?action=routesearch&route=271&lang=zh-cn","https://search.kmb.hk/KMBWebSite/?action=routesearch&route=271&lang=en",12.5000,"01/06/25 00:00:00"
1124,"KMB",,"272K","272K","272K",1,"T",1,5.0000000000000000e+00,"大學站","大学站","UNIVERSITY STATION","香港科學園(循環線)","香港科学园(循环线)","HONG KONG SCIENCE PARK (CIRCULAR)","https://search.kmb.hk/KMBWebSite/?action=routesearch&route=272K&lang=zh-hk","https://search.kmb.hk/KMBWebSite/?action=routesearch&route=272K&lang=zh-cn","https://search.kmb.hk/KMBWebSite/?action=routesearch&route=272K&lang=en",4.6000,"01/17/25 00:00:00"
1125,"KMB",,"272P","272P","272P",1,"T",1,7.1000000000000000e+01,"大埔(富亨)","大埔(富亨)","TAI PO (FU HENG)","葵興站","葵兴站","KWAI HING STATION","https://search.kmb.hk/KMBWebSite/?action=routesearch&route=272P&lang=zh-hk","https://search.kmb.hk/KMBWebSite/?action=routesearch&route=272P&lang=zh-cn","https://search.kmb.hk/KMBWebSite/?action=routesearch&route=272P&lang=en",12.5000,"08/23/24 00:00:00"
1126,"KMB",,"272S","272S","272S",1,"T",1,1.7000000000000000e+01,"鑽石山站","钻石山站","DIAMOND HILL STATION","香港科學園","香港科学园","HONG KONG SCIENCE PARK","https://search.kmb.hk/KMBWebSite/?action=routesearch&route=272S&lang=zh-hk","https://search.kmb.hk/KMBWebSite/?action=routesearch&route=272S&lang=zh-cn","https://search.kmb.hk/KMBWebSite/?action=routesearch&route=272S&lang=en",8.6000,"08/13/24 00:00:00"
1127,"KMB",,"273","273","273",1,"R",0,1.1000000000000000e+01,"粉嶺(華明)","粉岭(华明)","FANLING (WAH MING)","粉嶺站(循環線)","粉岭站(循环线)","FANLING STATION (CIRCULAR)","https://search.kmb.hk/KMBWebSite/?action=routesearch&route=273&lang=zh-hk","https://search.kmb.hk/KMBWebSite/?action=routesearch&route=273&lang=zh-cn","https://search.kmb.hk/KMBWebSite/?action=routesearch&route=273&lang=en",4.3000,"06/21/24 00:00:00"
1128,"KMB",,"273A","273A","273A",1,"R",0,2.4000000000000000e+01,"上水(彩園)","上水(彩园)","SHEUNG SHUI (CHOI YUEN)","華明(循環線)","华明(循环线)","WAH MING (CIRCULAR)","https://search.kmb.hk/KMBWebSite/?action=routesearch&route=273A&lang=zh-hk","https://search.kmb.hk/KMBWebSite/?action=routesearch&route=273A&lang=zh-cn","https://search.kmb.hk/KMBWebSite/?action=routesearch&route=273A&lang=en",5.1000,"01/22/25 00:00:00"
1129,"KMB",,"273B","273B","273B",1,"R",0,6.0000000000000000e+00,"上水(清河)","上水(清河)","SHEUNG SHUI (CHING HO)","上水站(循環線)","上水站(循环线)","SHEUNG SHUI STATION (CIRCULAR)","https://search.kmb.hk/KMBWebSite/?action=routesearch&route=273B&lang=zh-hk","https://search.kmb.hk/KMBWebSite/?action=routesearch&route=273B&lang=zh-cn","https://search.kmb.hk/KMBWebSite/?action=routesearch&route=273B&lang=en",4.3000,"06/18/23 00:00:00"
1130,"KMB",,"273C","273C","273C",1,"T",1,6.3000000000000000e+01,"九龍坑","九龙坑","KAU LUNG HANG","荃灣西站","荃湾西站","TSUEN WAN WEST STATION","https://search.kmb.hk/KMBWebSite/?action=routesearch&route=273C&lang=zh-hk","https://search.kmb.hk/KMBWebSite/?action=routesearch&route=273C&lang=zh-cn","https://search.kmb.hk/KMBWebSite/?action=routesearch&route=273C&lang=en",14.7000,"12/15/23 00:00:00"
1131,"KMB",,"273P","273P","273P",1,"T",1,5.5000000000000000e+01,"大埔(太和)","大埔(太和)","TAI PO (TAI WO)","荃灣西站","荃湾西站","TSUEN WAN WEST STATION","https://search.kmb.hk/KMBWebSite/?action=routesearch&route=273P&lang=zh-hk","https://search.kmb.hk/KMBWebSite/?action=routesearch&route=273P&lang=zh-cn","https://search.kmb.hk/KMBWebSite/?action=routesearch&route=273P&lang=en",11.5000,"08/26/24 00:00:00"
1132,"KMB",,"273S","273S","273S",1,"T",1,9.0000000000000000e+00,"粉嶺(暉明路)","粉岭(晖明路)","FANLING (FAI MING ROAD)","粉嶺站","粉岭站","FANLING STATION","https://search.kmb.hk/KMBWebSite/?action=routesearch&route=273S&lang=zh-hk","https://search.kmb.hk/KMBWebSite/?action=routesearch&route=273S&lang=zh-cn","https://search.kmb.hk/KMBWebSite/?action=routesearch&route=273S&lang=en",4.3000,"06/18/23 00:00:00"
1133,"KMB",,"274P","274P","274P",1,"T",1,4.3000000000000000e+01,"烏溪沙站","乌溪沙站","WU KAI SHA STATION","大埔工業邨","大埔工业邨","TAI PO INDUSTRIAL ESTATE","https://search.kmb.hk/KMBWebSite/?action=routesearch&route=274P&lang=zh-hk","https://search.kmb.hk/KMBWebSite/?action=routesearch&route=274P&lang=zh-cn","https://search.kmb.hk/KMBWebSite/?action=routesearch&route=274P&lang=en",9.1000,"03/15/24 00:00:00"
1135,"KMB",,"275R","275R","275R",1,"T",1,3.7000000000000000e+01,"大埔墟站","大埔墟站","TAI PO MARKET STATION","烏蛟騰","乌蛟腾","WU KAU TANG","https://search.kmb.hk/KMBWebSite/?action=routesearch&route=275R&lang=zh-hk","https://search.kmb.hk/KMBWebSite/?action=routesearch&route=275R&lang=zh-cn","https://search.kmb.hk/KMBWebSite/?action=routesearch&route=275R&lang=en",12.7000,"06/18/23 00:00:00"
1137,"KMB",,"276","276","276",1,"R",0,5.0000000000000000e+01,"天慈","天慈","TIN TSZ","上水","上水","SHEUNG SHUI","https://search.kmb.hk/KMBWebSite/?action=routesearch&route=276&lang=zh-hk","https://search.kmb.hk/KMBWebSite/?action=routesearch&route=276&lang=zh-cn","https://search.kmb.hk/KMBWebSite/?action=routesearch&route=276&lang=en",10.5000,"07/12/24 00:00:00"
1138,"KMB",,"276A","276A","276A",1,"R",0,4.2000000000000000e+01,"天恒邨","天恒邨","TIN HENG ESTATE","上水(太平)","上水(太平)","SHEUNG SHUI (TAI PING)","https://search.kmb.hk/KMBWebSite/?action=routesearch&route=276A&lang=zh-hk","https://search.kmb.hk/KMBWebSite/?action=routesearch&route=276A&lang=zh-cn","https://search.kmb.hk/KMBWebSite/?action=routesearch&route=276A&lang=en",10.5000,"10/04/24 00:00:00"
1139,"KMB",,"276B","276B","276B",1,"R",0,4.4000000000000000e+01,"天富","天富","TIN FU","上水(彩園)","上水(彩园)","SHEUNG SHUI (CHOI YUEN)","https://search.kmb.hk/KMBWebSite/?action=routesearch&route=276B&lang=zh-hk","https://search.kmb.hk/KMBWebSite/?action=routesearch&route=276B&lang=zh-cn","https://search.kmb.hk/KMBWebSite/?action=routesearch&route=276B&lang=en",10.5000,"06/18/23 00:00:00"
1140,"KMB",,"276P","276P","276P",1,"R",0,4.7000000000000000e+01,"天水圍站","天水围站","TIN SHUI WAI STATION","上水","上水","SHEUNG SHUI","https://search.kmb.hk/KMBWebSite/?action=routesearch&route=276P&lang=zh-hk","https://search.kmb.hk/KMBWebSite/?action=routesearch&route=276P&lang=zh-cn","https://search.kmb.hk/KMBWebSite/?action=routesearch&route=276P&lang=en",10.5000,"07/12/24 00:00:00"
1142,"KMB",,"277X","277X","277X",1,"R",0,5.7000000000000000e+01,"粉嶺(聯和墟)","粉岭(联和墟)","FANLING (LUEN WO HUI)","藍田站","蓝田站","LAM TIN STATION","https://search.kmb.hk/KMBWebSite/?action=routesearch&route=277X&lang=zh-hk","https://search.kmb.hk/KMBWebSite/?action=routesearch&route=277X&lang=zh-cn","https://search.kmb.hk/KMBWebSite/?action=routesearch&route=277X&lang=en",16.9000,"01/02/25 00:00:00"
1143,"KMB",,"278K","278K","278K",1,"R",0,8.0000000000000000e+00,"粉嶺(聯和墟)","粉岭(联和墟)","FANLING (LUEN WO HUI)","粉嶺站(循環線)","粉岭站(循环线)","FANLING STATION (CIRCULAR)","https://search.kmb.hk/KMBWebSite/?action=routesearch&route=278K&lang=zh-hk","https://search.kmb.hk/KMBWebSite/?action=routesearch&route=278K&lang=zh-cn","https://search.kmb.hk/KMBWebSite/?action=routesearch&route=278K&lang=en",4.3000,"02/05/24 00:00:00"
1144,"KMB",,"278P","278P","278P",1,"T",1,6.2000000000000000e+01,"上水(太平)","上水(太平)","SHEUNG SHUI (TAI PING)","荃灣(如心廣場)","荃湾(如心广场)","TSUEN WAN (NINA TOWER)","https://search.kmb.hk/KMBWebSite/?action=routesearch&route=278P&lang=zh-hk","https://search.kmb.hk/KMBWebSite/?action=routesearch&route=278P&lang=zh-cn","https://search.kmb.hk/KMBWebSite/?action=routesearch&route=278P&lang=en",14.7000,"06/18/23 00:00:00"
1145,"KMB",,"278X","278X","278X",1,"R",0,6.2000000000000000e+01,"上水","上水","SHEUNG SHUI","荃灣(如心廣場)","荃湾(如心广场)","TSUEN WAN (NINA TOWER)","https://search.kmb.hk/KMBWebSite/?action=routesearch&route=278X&lang=zh-hk","https://search.kmb.hk/KMBWebSite/?action=routesearch&route=278X&lang=zh-cn","https://search.kmb.hk/KMBWebSite/?action=routesearch&route=278X&lang=en",14.7000,"01/02/25 00:00:00"
1146,"KMB",,"279X","279X","279X",1,"R",0,6.8000000000000000e+01,"粉嶺(聯和墟)","粉岭(联和墟)","FANLING (LUEN WO HUI)","青衣站","青衣站","TSING YI STATION","https://search.kmb.hk/KMBWebSite/?action=routesearch&route=279X&lang=zh-hk","https://search.kmb.hk/KMBWebSite/?action=routesearch&route=279X&lang=zh-cn","https://search.kmb.hk/KMBWebSite/?action=routesearch&route=279X&lang=en",17.1000,"01/02/25 00:00:00"
1147,"KMB",,"28","28","28",1,"R",0,3.4000000000000000e+01,"樂華","乐华","LOK WAH","尖沙咀碼頭","尖沙咀码头","STAR FERRY","https://search.kmb.hk/KMBWebSite/?action=routesearch&route=28&lang=zh-hk","https://search.kmb.hk/KMBWebSite/?action=routesearch&route=28&lang=zh-cn","https://search.kmb.hk/KMBWebSite/?action=routesearch&route=28&lang=en",6.7000,"01/02/25 00:00:00"
1149,"KMB",,"281A","281A","281A",1,"R",0,5.7000000000000000e+01,"廣源","广源","KWONG YUEN","九龍站","九龙站","KOWLOON STATION","https://search.kmb.hk/KMBWebSite/?action=routesearch&route=281A&lang=zh-hk","https://search.kmb.hk/KMBWebSite/?action=routesearch&route=281A&lang=zh-cn","https://search.kmb.hk/KMBWebSite/?action=routesearch&route=281A&lang=en",9.0000,"06/18/23 00:00:00"
1150,"KMB",,"282","282","282",1,"R",0,1.1000000000000000e+01,"沙田市中心","沙田市中心","SHA TIN CENTRAL","新田圍(循環線)","新田围(循环线)","SUN TIN WAI (CIRCULAR)","https://search.kmb.hk/KMBWebSite/?action=routesearch&route=282&lang=zh-hk","https://search.kmb.hk/KMBWebSite/?action=routesearch&route=282&lang=zh-cn","https://search.kmb.hk/KMBWebSite/?action=routesearch&route=282&lang=en",4.6000,"05/06/24 00:00:00"
1151,"KMB",,"283","283","283",1,"R",0,1.6000000000000000e+01,"沙田市中心","沙田市中心","SHA TIN CENTRAL","美松苑(循環線)","美松苑(循环线)","MEI CHUNG COURT (CIRCULAR)","https://search.kmb.hk/KMBWebSite/?action=routesearch&route=283&lang=zh-hk","https://search.kmb.hk/KMBWebSite/?action=routesearch&route=283&lang=zh-cn","https://search.kmb.hk/KMBWebSite/?action=routesearch&route=283&lang=en",5.1000,"05/06/24 00:00:00"
1152,"KMB",,"284","284","284",1,"R",0,1.2000000000000000e+01,"沙田市中心","沙田市中心","SHATIN CENTRAL","濱景花園(循環線)","滨景花园(循环线)","RAVANA GARDEN (CIRCULAR)","https://search.kmb.hk/KMBWebSite/?action=routesearch&route=284&lang=zh-hk","https://search.kmb.hk/KMBWebSite/?action=routesearch&route=284&lang=zh-cn","https://search.kmb.hk/KMBWebSite/?action=routesearch&route=284&lang=en",4.6000,"06/18/23 00:00:00"
1154,"KMB",,"289K","289K","289K",1,"R",0,1.2000000000000000e+01,"大學站","大学站","UNIVERSITY STATION","富安花園(循環線)","富安花园(循环线)","CHEVALIER GARDEN (CIRCULAR)","https://search.kmb.hk/KMBWebSite/?action=routesearch&route=289K&lang=zh-hk","https://search.kmb.hk/KMBWebSite/?action=routesearch&route=289K&lang=zh-cn","https://search.kmb.hk/KMBWebSite/?action=routesearch&route=289K&lang=en",5.3000,"08/12/24 00:00:00"
1156,"KMB",,"292P","292P","292P",1,"T",1,5.1000000000000000e+01,"西貢","西贡","SAI KUNG","觀塘","观塘","KWUN TONG","https://search.kmb.hk/KMBWebSite/?action=routesearch&route=292P&lang=zh-hk","https://search.kmb.hk/KMBWebSite/?action=routesearch&route=292P&lang=zh-cn","https://search.kmb.hk/KMBWebSite/?action=routesearch&route=292P&lang=en",9.0000,"06/18/23 00:00:00"
1157,"KMB",,"296A","296A","296A",1,"R",0,1.9000000000000000e+01,"尚德","尚德","SHEUNG TAK","牛頭角站(循環線)","牛头角站(循环线)","NGAU TAU KOK STATION(CIRCULAR)","https://search.kmb.hk/KMBWebSite/?action=routesearch&route=296A&lang=zh-hk","https://search.kmb.hk/KMBWebSite/?action=routesearch&route=296A&lang=zh-cn","https://search.kmb.hk/KMBWebSite/?action=routesearch&route=296A&lang=en",5.8000,"12/17/24 00:00:00"
1158,"KMB",,"296C","296C","296C",1,"R",0,5.0000000000000000e+01,"尚德","尚德","SHEUNG TAK","長沙灣(海盈邨)","长沙湾(海盈邨)","CHEUNG SHA WAN (HOI YING ESTATE)","https://search.kmb.hk/KMBWebSite/?action=routesearch&route=296C&lang=zh-hk","https://search.kmb.hk/KMBWebSite/?action=routesearch&route=296C&lang=zh-cn","https://search.kmb.hk/KMBWebSite/?action=routesearch&route=296C&lang=en",9.6000,"01/02/25 00:00:00"
1160,"KMB",,"296M","296M","296M",1,"R",0,3.9000000000000000e+01,"康盛花園","康盛花园","HONG SING GARDEN","坑口站","坑口站","HANG HAU STATION","https://search.kmb.hk/KMBWebSite/?action=routesearch&route=296M&lang=zh-hk","https://search.kmb.hk/KMBWebSite/?action=routesearch&route=296M&lang=zh-cn","https://search.kmb.hk/KMBWebSite/?action=routesearch&route=296M&lang=en",5.8000,"06/18/23 00:00:00"
1161,"KMB",,"297","297","297",1,"R",0,4.7000000000000000e+01,"寶林","宝林","PO LAM","紅磡(紅鸞道)","红磡(红鸾道)","HUNG HOM (HUNG LUEN ROAD)","https://search.kmb.hk/KMBWebSite/?action=routesearch&route=297&lang=zh-hk","https://search.kmb.hk/KMBWebSite/?action=routesearch&route=297&lang=zh-cn","https://search.kmb.hk/KMBWebSite/?action=routesearch&route=297&lang=en",11.3000,"01/02/25 00:00:00"
1162,"KMB",,"298E","298E","298E",1,"T",1,1.8000000000000000e+01,"坑口站","坑口站","HANG HAU STATION","將軍澳工業邨(循環線)","将军澳工业邨(循环线)","TSEUNG KWAN O INDUSTRIAL ESTATE(CIRCULAR)","https://search.kmb.hk/KMBWebSite/?action=routesearch&route=298E&lang=zh-hk","https://search.kmb.hk/KMBWebSite/?action=routesearch&route=298E&lang=zh-cn","https://search.kmb.hk/KMBWebSite/?action=routesearch&route=298E&lang=en",5.8000,"11/22/23 00:00:00"
1163,"KMB",,"299X","299X","299X",1,"R",0,3.8000000000000000e+01,"沙田市中心","沙田市中心","SHATIN CENTRAL","西貢","西贡","SAI KUNG","https://search.kmb.hk/KMBWebSite/?action=routesearch&route=299X&lang=zh-hk","https://search.kmb.hk/KMBWebSite/?action=routesearch&route=299X&lang=zh-cn","https://search.kmb.hk/KMBWebSite/?action=routesearch&route=299X&lang=en",11.7000,"06/18/23 00:00:00"
1164,"KMB",,"29M","29M","29M",1,"R",0,2.0000000000000000e+01,"順利","顺利","SHUN LEE","新蒲崗(循環線)","新蒲岗(循环线)","SAN PO KONG (CIRCULAR)","https://search.kmb.hk/KMBWebSite/?action=routesearch&route=29M&lang=zh-hk","https://search.kmb.hk/KMBWebSite/?action=routesearch&route=29M&lang=zh-cn","https://search.kmb.hk/KMBWebSite/?action=routesearch&route=29M&lang=en",5.1000,"07/02/24 00:00:00"
1165,"KMB",,"2A","2A","2A",1,"R",0,5.5000000000000000e+01,"樂華","乐华","LOK WAH","美孚","美孚","MEI FOO","https://search.kmb.hk/KMBWebSite/?action=routesearch&route=2A&lang=zh-hk","https://search.kmb.hk/KMBWebSite/?action=routesearch&route=2A&lang=zh-cn","https://search.kmb.hk/KMBWebSite/?action=routesearch&route=2A&lang=en",6.7000,"01/30/24 00:00:00"
1166,"KMB",,"2B","2B","2B",1,"R",0,3.9000000000000000e+01,"竹園邨","竹园邨","CHUK YUEN ESTATE","長沙灣","长沙湾","CHEUNG SHA WAN","https://search.kmb.hk/KMBWebSite/?action=routesearch&route=2B&lang=zh-hk","https://search.kmb.hk/KMBWebSite/?action=routesearch&route=2B&lang=zh-cn","https://search.kmb.hk/KMBWebSite/?action=routesearch&route=2B&lang=en",5.6000,"06/18/23 00:00:00"
1168,"KMB",,"2D","2D","2D",1,"R",0,4.0000000000000000e+01,"澤安邨","泽安邨","CHAK ON ESTATE","黃大仙","黄大仙","WONG TAI SIN","https://search.kmb.hk/KMBWebSite/?action=routesearch&route=2D&lang=zh-hk","https://search.kmb.hk/KMBWebSite/?action=routesearch&route=2D&lang=zh-cn","https://search.kmb.hk/KMBWebSite/?action=routesearch&route=2D&lang=en",5.6000,"06/18/23 00:00:00"
1169,"KMB",,"2E","2E","2E",1,"R",0,5.5000000000000000e+01,"白田(北)","白田(北)","PAK TIN (NORTH)","九龍城碼頭","九龙城码头","KOWLOON CITY FERRY","https://search.kmb.hk/KMBWebSite/?action=routesearch&route=2E&lang=zh-hk","https://search.kmb.hk/KMBWebSite/?action=routesearch&route=2E&lang=zh-cn","https://search.kmb.hk/KMBWebSite/?action=routesearch&route=2E&lang=en",5.8000,"06/10/23 00:00:00"
1170,"KMB",,"2F","2F","2F",1,"R",0,5.1000000000000000e+01,"慈雲山(北)","慈云山(北)","TSZ WAN SHAN (NORTH)","長沙灣","长沙湾","CHEUNG SHA WAN","https://search.kmb.hk/KMBWebSite/?action=routesearch&route=2F&lang=zh-hk","https://search.kmb.hk/KMBWebSite/?action=routesearch&route=2F&lang=zh-cn","https://search.kmb.hk/KMBWebSite/?action=routesearch&route=2F&lang=en",6.7000,"06/18/23 00:00:00"
1171,"KMB",,"30","30","30",1,"R",0,5.2000000000000000e+01,"荃灣(荃威花園)","荃湾(荃威花园)","TSUEN WAN (ALLWAY GARDENS)","長沙灣","长沙湾","CHEUNG SHA WAN","https://search.kmb.hk/KMBWebSite/?action=routesearch&route=30&lang=zh-hk","https://search.kmb.hk/KMBWebSite/?action=routesearch&route=30&lang=zh-cn","https://search.kmb.hk/KMBWebSite/?action=routesearch&route=30&lang=en",7.4000,"06/18/23 00:00:00"
1174,"KMB+CTB",,"985","985","985",1,"T",1,5.9000000000000000e+01,"美田(美致樓)","美田(美致楼)","MEI TIN (MEI CHI HOUSE)","灣仔","湾仔","WAN CHAI","https://search.kmb.hk/KMBWebSite/?action=routesearch&route=985&lang=zh-hk","https://search.kmb.hk/KMBWebSite/?action=routesearch&route=985&lang=zh-cn","https://search.kmb.hk/KMBWebSite/?action=routesearch&route=985&lang=en",20.8000,"08/23/24 00:00:00"
1176,"KMB",,"30X","30X","30X",1,"R",0,5.6000000000000000e+01,"荃灣(荃威花園)","荃湾(荃威花园)","TSUEN WAN (ALLWAY GARDENS)","黃埔花園","黄埔花园","WHAMPOA GARDEN","https://search.kmb.hk/KMBWebSite/?action=routesearch&route=30X&lang=zh-hk","https://search.kmb.hk/KMBWebSite/?action=routesearch&route=30X&lang=zh-cn","https://search.kmb.hk/KMBWebSite/?action=routesearch&route=30X&lang=en",10.2000,"01/06/25 00:00:00"
1177,"KMB",,"31","31","31",1,"R",0,3.8000000000000000e+01,"荃灣西站","荃湾西站","TSUEN WAN WEST STATION","石籬(循環線)","石篱(循环线)","SHEK LEI (CIRCULAR)","https://search.kmb.hk/KMBWebSite/?action=routesearch&route=31&lang=zh-hk","https://search.kmb.hk/KMBWebSite/?action=routesearch&route=31&lang=zh-cn","https://search.kmb.hk/KMBWebSite/?action=routesearch&route=31&lang=en",5.1000,"12/20/24 00:00:00"
1178,"KMB",,"31B","31B","31B",1,"R",0,3.8000000000000000e+01,"石籬(大隴街)","石篱(大陇街)","SHEK LEI (TAI LOONG STREET)","奧運站","奥运站","OLYMPIC STATION","https://search.kmb.hk/KMBWebSite/?action=routesearch&route=31B&lang=zh-hk","https://search.kmb.hk/KMBWebSite/?action=routesearch&route=31B&lang=zh-cn","https://search.kmb.hk/KMBWebSite/?action=routesearch&route=31B&lang=en",6.7000,"12/13/24 00:00:00"
1179,"KMB",,"31M","31M","31M",1,"R",0,2.0000000000000000e+01,"石籬(梨貝街)","石篱(梨贝街)","SHEK LEI (LEI PUI ST)","葵芳站","葵芳站","KWAI FONG STATION","https://search.kmb.hk/KMBWebSite/?action=routesearch&route=31M&lang=zh-hk","https://search.kmb.hk/KMBWebSite/?action=routesearch&route=31M&lang=zh-cn","https://search.kmb.hk/KMBWebSite/?action=routesearch&route=31M&lang=en",4.8000,"12/06/24 00:00:00"
1180,"KMB",,"32","32","32",1,"R",0,4.7000000000000000e+01,"荃灣(石圍角)","荃湾(石围角)","TSUEN WAN (SHEK WAI KOK)","奧運站","奥运站","OLYMPIC STATION","https://search.kmb.hk/KMBWebSite/?action=routesearch&route=32&lang=zh-hk","https://search.kmb.hk/KMBWebSite/?action=routesearch&route=32&lang=zh-cn","https://search.kmb.hk/KMBWebSite/?action=routesearch&route=32&lang=en",7.8000,"09/15/23 00:00:00"
1182,"KMB",,"32M","32M","32M",1,"R",0,1.7000000000000000e+01,"葵芳站","葵芳站","KWAI FONG STATION","象山(循環線)","象山(循环线)","CHEUNG SHAN (CIRCULAR)","https://search.kmb.hk/KMBWebSite/?action=routesearch&route=32M&lang=zh-hk","https://search.kmb.hk/KMBWebSite/?action=routesearch&route=32M&lang=zh-cn","https://search.kmb.hk/KMBWebSite/?action=routesearch&route=32M&lang=en",5.4000,"06/21/24 00:00:00"
1184,"KMB",,"33A","33A","33A",1,"R",0,5.9000000000000000e+01,"荃灣(如心廣場)","荃湾(如心广场)","TSUEN WAN (NINA TOWER)","旺角(柏景灣)","旺角(柏景湾)","MONG KOK (PARK AVENUE)","https://search.kmb.hk/KMBWebSite/?action=routesearch&route=33A&lang=zh-hk","https://search.kmb.hk/KMBWebSite/?action=routesearch&route=33A&lang=zh-cn","https://search.kmb.hk/KMBWebSite/?action=routesearch&route=33A&lang=en",7.4000,"12/13/24 00:00:00"
1185,"KMB",,"34","34","34",1,"R",0,5.0000000000000000e+01,"葵盛(中)","葵盛(中)","KWAI SHING(CENTRAL)","荃灣(灣景花園)","荃湾(湾景花园)","TSUEN WAN (BAYVIEW GARDEN)","https://search.kmb.hk/KMBWebSite/?action=routesearch&route=34&lang=zh-hk","https://search.kmb.hk/KMBWebSite/?action=routesearch&route=34&lang=zh-cn","https://search.kmb.hk/KMBWebSite/?action=routesearch&route=34&lang=en",5.7000,"12/02/24 00:00:00"
1186,"KMB",,"34M","34M","34M",1,"R",0,8.0000000000000000e+00,"荃灣(灣景花園)","荃湾(湾景花园)","TSUEN WAN (BAYVIEW GARDEN)","荃灣站(循環線)","荃湾站(循环线)","TSUEN WAN STATION (CIRCULAR)","https://search.kmb.hk/KMBWebSite/?action=routesearch&route=34M&lang=zh-hk","https://search.kmb.hk/KMBWebSite/?action=routesearch&route=34M&lang=zh-cn","https://search.kmb.hk/KMBWebSite/?action=routesearch&route=34M&lang=en",4.6000,"10/08/24 00:00:00"
1187,"KMB",,"35A","35A","35A",1,"R",0,5.6000000000000000e+01,"葵涌(安蔭邨)","葵涌(安荫邨)","KWAI CHUNG (ON YAM ESTATE)","尖沙咀東","尖沙咀东","TSIM SHA TSUI EAST","https://search.kmb.hk/KMBWebSite/?action=routesearch&route=35A&lang=zh-hk","https://search.kmb.hk/KMBWebSite/?action=routesearch&route=35A&lang=zh-cn","https://search.kmb.hk/KMBWebSite/?action=routesearch&route=35A&lang=en",8.8000,"09/25/24 00:00:00"
1189,"KMB",,"36","36","36",1,"R",0,3.5000000000000000e+01,"荃灣西站","荃湾西站","TSUEN WAN WEST STATION","梨木樹(循環線)","梨木树(循环线)","LEI MUK SHUE (CIRCULAR)","https://search.kmb.hk/KMBWebSite/?action=routesearch&route=36&lang=zh-hk","https://search.kmb.hk/KMBWebSite/?action=routesearch&route=36&lang=zh-cn","https://search.kmb.hk/KMBWebSite/?action=routesearch&route=36&lang=en",5.1000,"04/26/24 00:00:00"
1191,"KMB",,"36B","36B","36B",1,"R",0,5.3000000000000000e+01,"梨木樹","梨木树","LEI MUK SHUE","佐敦(西九龍站)","佐敦(西九龙站)","JORDAN (WEST KOWLOON STATION)","https://search.kmb.hk/KMBWebSite/?action=routesearch&route=36B&lang=zh-hk","https://search.kmb.hk/KMBWebSite/?action=routesearch&route=36B&lang=zh-cn","https://search.kmb.hk/KMBWebSite/?action=routesearch&route=36B&lang=en",7.8000,"05/31/24 00:00:00"
1192,"KMB",,"36M","36M","36M",1,"R",0,1.1000000000000000e+01,"梨木樹","梨木树","LEI MUK SHUE","葵芳站","葵芳站","KWAI FONG STATION","https://search.kmb.hk/KMBWebSite/?action=routesearch&route=36M&lang=zh-hk","https://search.kmb.hk/KMBWebSite/?action=routesearch&route=36M&lang=zh-cn","https://search.kmb.hk/KMBWebSite/?action=routesearch&route=36M&lang=en",4.8000,"10/10/24 00:00:00"
1193,"KMB",,"37","37","37",1,"R",0,4.4000000000000000e+01,"奧運站","奥运站","OLYMPIC STATION","葵盛(中)","葵盛(中)","KWAI SHING (CENTRAL)","https://search.kmb.hk/KMBWebSite/?action=routesearch&route=37&lang=zh-hk","https://search.kmb.hk/KMBWebSite/?action=routesearch&route=37&lang=zh-cn","https://search.kmb.hk/KMBWebSite/?action=routesearch&route=37&lang=en",6.7000,"08/16/24 00:00:00"
1201,"KMB",,"39M","39M","39M",1,"R",0,7.0000000000000000e+00,"荃灣(荃威花園)","荃湾(荃威花园)","TSUEN WAN (ALLWAY GARDENS)","荃灣站(循環線)","荃湾站(循环线)","TSUEN WAN STATION (CIRCULAR)","https://search.kmb.hk/KMBWebSite/?action=routesearch&route=39M&lang=zh-hk","https://search.kmb.hk/KMBWebSite/?action=routesearch&route=39M&lang=zh-cn","https://search.kmb.hk/KMBWebSite/?action=routesearch&route=39M&lang=en",4.3000,"09/27/24 00:00:00"
1202,"KMB",,"3B","3B","3B",1,"R",0,4.3000000000000000e+01,"慈雲山(中)","慈云山(中)","TSZ WAN SHAN (CENTRAL)","紅磡(紅鸞道)","红磡(红鸾道)","HUNG HOM (HUNG LUEN ROAD)","https://search.kmb.hk/KMBWebSite/?action=routesearch&route=3B&lang=zh-hk","https://search.kmb.hk/KMBWebSite/?action=routesearch&route=3B&lang=zh-cn","https://search.kmb.hk/KMBWebSite/?action=routesearch&route=3B&lang=en",5.8000,"06/18/23 00:00:00"
1203,"KMB",,"3C","3C","3C",1,"R",0,4.8000000000000000e+01,"慈雲山(北)","慈云山(北)","TSZ WAN SHAN (NORTH)","中港碼頭","中港码头","CHINA FERRY TERMINAL","https://search.kmb.hk/KMBWebSite/?action=routesearch&route=3C&lang=zh-hk","https://search.kmb.hk/KMBWebSite/?action=routesearch&route=3C&lang=zh-cn","https://search.kmb.hk/KMBWebSite/?action=routesearch&route=3C&lang=en",6.7000,"09/20/24 00:00:00"
1204,"KMB",,"3D","3D","3D",1,"R",0,2.1000000000000000e+01,"慈雲山(中)","慈云山(中)","TSZ WAN SHAN (CENTRAL)","觀塘(裕民坊)","观塘(裕民坊)","KWUN TONG (YUE MAN SQUARE)","https://search.kmb.hk/KMBWebSite/?action=routesearch&route=3D&lang=zh-hk","https://search.kmb.hk/KMBWebSite/?action=routesearch&route=3D&lang=zh-cn","https://search.kmb.hk/KMBWebSite/?action=routesearch&route=3D&lang=en",5.8000,"09/20/24 00:00:00"
1205,"KMB",,"3M","3M","3M",1,"R",0,1.7000000000000000e+01,"慈雲山(北)","慈云山(北)","TSZ WAN SHAN (NORTH)","彩雲","彩云","CHOI WAN","https://search.kmb.hk/KMBWebSite/?action=routesearch&route=3M&lang=zh-hk","https://search.kmb.hk/KMBWebSite/?action=routesearch&route=3M&lang=zh-cn","https://search.kmb.hk/KMBWebSite/?action=routesearch&route=3M&lang=en",5.1000,"08/30/24 00:00:00"
1207,"KMB",,"40","40","40",1,"R",0,6.1000000000000000e+01,"荃灣(麗城花園)","荃湾(丽城花园)","TSUEN WAN (BELVEDERE GARDEN)","麗港城","丽港城","LAGUNA CITY","https://search.kmb.hk/KMBWebSite/?action=routesearch&route=40&lang=zh-hk","https://search.kmb.hk/KMBWebSite/?action=routesearch&route=40&lang=zh-cn","https://search.kmb.hk/KMBWebSite/?action=routesearch&route=40&lang=en",10.1000,"01/02/25 00:00:00"
1216,"KMB",,"42M","42M","42M",1,"R",0,2.4000000000000000e+01,"青衣(長宏邨)","青衣(长宏邨)","TSING YI (CHEUNG WANG ESTATE)","荃灣(愉景新城)","荃湾(愉景新城)","TSUEN WAN (DISCOVERY PARK)","https://search.kmb.hk/KMBWebSite/?action=routesearch&route=42M&lang=zh-hk","https://search.kmb.hk/KMBWebSite/?action=routesearch&route=42M&lang=zh-cn","https://search.kmb.hk/KMBWebSite/?action=routesearch&route=42M&lang=en",5.4000,"06/18/23 00:00:00"
1217,"KMB",,"43","43","43",1,"R",0,3.6000000000000000e+01,"青衣(長康邨)","青衣(长康邨)","TSING YI (CHEUNG HONG ESTATE)","荃灣西站","荃湾西站","TSUEN WAN WEST STATION","https://search.kmb.hk/KMBWebSite/?action=routesearch&route=43&lang=zh-hk","https://search.kmb.hk/KMBWebSite/?action=routesearch&route=43&lang=zh-cn","https://search.kmb.hk/KMBWebSite/?action=routesearch&route=43&lang=en",5.4000,"06/18/23 00:00:00"
1218,"KMB",,"43A","43A","43A",1,"R",0,3.0000000000000000e+01,"青衣(長宏邨)","青衣(长宏邨)","TSING YI (CHEUNG WANG ESTATE)","石籬(大隴街)","石篱(大陇街)","SHEK LEI (TAI LOONG STREET)","https://search.kmb.hk/KMBWebSite/?action=routesearch&route=43A&lang=zh-hk","https://search.kmb.hk/KMBWebSite/?action=routesearch&route=43A&lang=zh-cn","https://search.kmb.hk/KMBWebSite/?action=routesearch&route=43A&lang=en",5.4000,"06/18/23 00:00:00"
1219,"KMB",,"43B","43B","43B",1,"R",0,2.9000000000000000e+01,"青衣長青邨","青衣长青邨","TSING YI (CHEUNG CHING ESTATE)","荃灣西站","荃湾西站","TSUEN WAN WEST STATION","https://search.kmb.hk/KMBWebSite/?action=routesearch&route=43B&lang=zh-hk","https://search.kmb.hk/KMBWebSite/?action=routesearch&route=43B&lang=zh-cn","https://search.kmb.hk/KMBWebSite/?action=routesearch&route=43B&lang=en",5.4000,"11/03/23 00:00:00"
1220,"KMB",,"43C","43C","43C",1,"T",1,2.7000000000000000e+01,"青衣(長康邨)","青衣(长康邨)","TSING YI (CHEUNG HONG ESTATE)","維港灣","维港湾","ISLAND HARBOURVIEW","https://search.kmb.hk/KMBWebSite/?action=routesearch&route=43C&lang=zh-hk","https://search.kmb.hk/KMBWebSite/?action=routesearch&route=43C&lang=zh-cn","https://search.kmb.hk/KMBWebSite/?action=routesearch&route=43C&lang=en",7.8000,"09/15/23 00:00:00"
1229,"KMB",,"46","46","46",1,"R",0,4.9000000000000000e+01,"佐敦(西九龍站)","佐敦(西九龙站)","JORDAN (WEST KOWLOON STATION)","葵涌(麗瑤邨)","葵涌(丽瑶邨)","KWAI CHUNG (LAI YIU ESTATE)","https://search.kmb.hk/KMBWebSite/?action=routesearch&route=46&lang=zh-hk","https://search.kmb.hk/KMBWebSite/?action=routesearch&route=46&lang=zh-cn","https://search.kmb.hk/KMBWebSite/?action=routesearch&route=46&lang=en",6.7000,"06/10/23 00:00:00"
1232,"KMB",,"46X","46X","46X",1,"R",0,4.3000000000000000e+01,"顯徑","显径","HIN KENG","美孚","美孚","MEI FOO","https://search.kmb.hk/KMBWebSite/?action=routesearch&route=46X&lang=zh-hk","https://search.kmb.hk/KMBWebSite/?action=routesearch&route=46X&lang=zh-cn","https://search.kmb.hk/KMBWebSite/?action=routesearch&route=46X&lang=en",9.3000,"06/12/24 00:00:00"
1233,"KMB",,"47X","47X","47X",1,"R",0,5.2000000000000000e+01,"秦石","秦石","CHUN SHEK","葵盛(東)","葵盛(东)","KWAI SHING (EAST)","https://search.kmb.hk/KMBWebSite/?action=routesearch&route=47X&lang=zh-hk","https://search.kmb.hk/KMBWebSite/?action=routesearch&route=47X&lang=zh-cn","https://search.kmb.hk/KMBWebSite/?action=routesearch&route=47X&lang=en",9.3000,"12/27/24 00:00:00"
1234,"KMB",,"48X","48X","48X",1,"R",0,4.2000000000000000e+01,"禾輋","禾輋","WO CHE","荃灣(灣景花園)","荃湾(湾景花园)","TSUEN WAN (BAYVIEW GARDEN)","https://search.kmb.hk/KMBWebSite/?action=routesearch&route=48X&lang=zh-hk","https://search.kmb.hk/KMBWebSite/?action=routesearch&route=48X&lang=zh-cn","https://search.kmb.hk/KMBWebSite/?action=routesearch&route=48X&lang=en",9.3000,"11/05/24 00:00:00"
1235,"KMB",,"49P","49P","49P",1,"T",1,2.6000000000000000e+01,"沙田市中心","沙田市中心","SHATIN CENTRAL","青衣碼頭","青衣码头","TSING YI FERRY","https://search.kmb.hk/KMBWebSite/?action=routesearch&route=49P&lang=zh-hk","https://search.kmb.hk/KMBWebSite/?action=routesearch&route=49P&lang=zh-cn","https://search.kmb.hk/KMBWebSite/?action=routesearch&route=49P&lang=en",10.4000,"12/22/23 00:00:00"
1236,"KMB",,"49X","49X","49X",1,"R",0,5.8000000000000000e+01,"廣源","广源","KWONG YUEN","青衣碼頭","青衣码头","TSING YI FERRY","https://search.kmb.hk/KMBWebSite/?action=routesearch&route=49X&lang=zh-hk","https://search.kmb.hk/KMBWebSite/?action=routesearch&route=49X&lang=zh-cn","https://search.kmb.hk/KMBWebSite/?action=routesearch&route=49X&lang=en",10.4000,"12/15/23 00:00:00"
1244,"KMB",,"58P","58P","58P",1,"T",1,4.5000000000000000e+01,"葵芳站","葵芳站","KWAI FONG STATION","田景邨(田裕樓)","田景邨(田裕楼)","TIN KING ESTATE (TIN YUE HOUSE)","https://search.kmb.hk/KMBWebSite/?action=routesearch&route=58P&lang=zh-hk","https://search.kmb.hk/KMBWebSite/?action=routesearch&route=58P&lang=zh-cn","https://search.kmb.hk/KMBWebSite/?action=routesearch&route=58P&lang=en",10.8000,"01/02/25 00:00:00"
1245,"KMB",,"58X","58X","58X",1,"R",0,5.6000000000000000e+01,"屯門(良景邨)","屯门(良景邨)","TUEN MUN (LEUNG KING ESTATE)","旺角東站","旺角东站","MONG KOK EAST STATION","https://search.kmb.hk/KMBWebSite/?action=routesearch&route=58X&lang=zh-hk","https://search.kmb.hk/KMBWebSite/?action=routesearch&route=58X&lang=zh-cn","https://search.kmb.hk/KMBWebSite/?action=routesearch&route=58X&lang=en",14.6000,"09/27/24 00:00:00"
1246,"KMB",,"59A","59A","59A",1,"T",1,4.3000000000000000e+01,"屯門碼頭","屯门码头","TUEN MUN PIER HEAD","葵芳(葵翠邨)","葵芳(葵翠邨)","KWAI FONG (KWAI TSUI ESTATE)","https://search.kmb.hk/KMBWebSite/?action=routesearch&route=59A&lang=zh-hk","https://search.kmb.hk/KMBWebSite/?action=routesearch&route=59A&lang=zh-cn","https://search.kmb.hk/KMBWebSite/?action=routesearch&route=59A&lang=en",10.8000,"06/18/23 00:00:00"
1247,"KMB",,"59M","59M","59M",1,"R",0,3.1000000000000000e+01,"屯門碼頭","屯门码头","TUEN MUN PIER HEAD","荃灣站","荃湾站","TSUEN WAN STATION","https://search.kmb.hk/KMBWebSite/?action=routesearch&route=59M&lang=zh-hk","https://search.kmb.hk/KMBWebSite/?action=routesearch&route=59M&lang=zh-cn","https://search.kmb.hk/KMBWebSite/?action=routesearch&route=59M&lang=en",9.6000,"01/02/25 00:00:00"
1249,"KMB",,"59X","59X","59X",1,"R",0,5.4000000000000000e+01,"屯門碼頭","屯门码头","TUEN MUN PIER HEAD","旺角東站","旺角东站","MONG KOK EAST STATION","https://search.kmb.hk/KMBWebSite/?action=routesearch&route=59X&lang=zh-hk","https://search.kmb.hk/KMBWebSite/?action=routesearch&route=59X&lang=zh-cn","https://search.kmb.hk/KMBWebSite/?action=routesearch&route=59X&lang=en",14.6000,"07/19/24 00:00:00"
1250,"KMB",,"5A","5A","5A",1,"T",1,2.6000000000000000e+01,"啟德(啟晴邨)","启德(启晴邨)","KAI TAK (KAI CHING ESTATE)","尖沙咀碼頭","尖沙咀码头","STAR FERRY","https://search.kmb.hk/KMBWebSite/?action=routesearch&route=5A&lang=zh-hk","https://search.kmb.hk/KMBWebSite/?action=routesearch&route=5A&lang=zh-cn","https://search.kmb.hk/KMBWebSite/?action=routesearch&route=5A&lang=en",5.1000,"12/23/24 00:00:00"
1259,"KMB+CTB",,"606","606","606",1,"T",0,7.3000000000000000e+01,"彩雲","彩云","Choi Wan","小西灣(藍灣半島)","小西湾(蓝湾半岛)","Siu Sai Wan (Island Resort)","https://search.kmb.hk/KMBWebSite/?action=routesearch&route=606&lang=zh-hk","https://search.kmb.hk/KMBWebSite/?action=routesearch&route=606&lang=zh-cn","https://search.kmb.hk/KMBWebSite/?action=routesearch&route=606&lang=en",12.9000,"01/02/25 00:00:00"
1261,"KMB",,"60M","60M","60M",1,"R",0,3.4000000000000000e+01,"屯門站","屯门站","TUEN MUN STATION","荃灣站","荃湾站","TSUEN WAN STATION","https://search.kmb.hk/KMBWebSite/?action=routesearch&route=60M&lang=zh-hk","https://search.kmb.hk/KMBWebSite/?action=routesearch&route=60M&lang=zh-cn","https://search.kmb.hk/KMBWebSite/?action=routesearch&route=60M&lang=en",9.6000,"01/02/25 00:00:00"
1262,"KMB",,"60X","60X","60X",1,"R",0,5.9000000000000000e+01,"屯門市中心","屯门市中心","TUEN MUN CENTRAL","佐敦(西九龍站)","佐敦(西九龙站)","JORDAN (WEST KOWLOON STATION)","https://search.kmb.hk/KMBWebSite/?action=routesearch&route=60X&lang=zh-hk","https://search.kmb.hk/KMBWebSite/?action=routesearch&route=60X&lang=zh-cn","https://search.kmb.hk/KMBWebSite/?action=routesearch&route=60X&lang=en",14.6000,"10/18/24 00:00:00"
1263,"KMB+CTB",,"619","619","619",1,"R",0,5.3000000000000000e+01,"順利","顺利","Shun Lee","中環(港澳碼頭)","中环(港澳码头)","Central (Macau Ferry)","https://search.kmb.hk/KMBWebSite/?action=routesearch&route=619&lang=zh-hk","https://search.kmb.hk/KMBWebSite/?action=routesearch&route=619&lang=zh-cn","https://search.kmb.hk/KMBWebSite/?action=routesearch&route=619&lang=en",12.9000,"10/22/24 00:00:00"
1264,"KMB+CTB",,"619P","619P","619P",1,"T",1,4.4000000000000000e+01,"順利","顺利","Shun Lee","中環(港澳碼頭)","中环(港澳码头)","Central (Macau Ferry)","https://search.kmb.hk/KMBWebSite/?action=routesearch&route=619P&lang=zh-hk","https://search.kmb.hk/KMBWebSite/?action=routesearch&route=619P&lang=zh-cn","https://search.kmb.hk/KMBWebSite/?action=routesearch&route=619P&lang=en",12.9000,"06/18/23 00:00:00"
1265,"KMB",,"61M","61M","61M",1,"R",0,6.3000000000000000e+01,"屯門(友愛南)","屯门(友爱南)","TUEN MUN (YAU OI SOUTH)","荔景(北)","荔景(北)","LAI KING (NORTH)","https://search.kmb.hk/KMBWebSite/?action=routesearch&route=61M&lang=zh-hk","https://search.kmb.hk/KMBWebSite/?action=routesearch&route=61M&lang=zh-cn","https://search.kmb.hk/KMBWebSite/?action=routesearch&route=61M&lang=en",10.4000,"01/02/25 00:00:00"
1273,"KMB",,"65K","65K","65K",1,"T",1,2.1000000000000000e+01,"梧桐寨(白牛石)","梧桐寨(白牛石)","NG TUNG CHAI (PAK NGAU SHEK)","大埔中心","大埔中心","TAI PO CENTRAL","https://search.kmb.hk/KMBWebSite/?action=routesearch&route=65K&lang=zh-hk","https://search.kmb.hk/KMBWebSite/?action=routesearch&route=65K&lang=zh-cn","https://search.kmb.hk/KMBWebSite/?action=routesearch&route=65K&lang=en",6.7000,"10/10/24 00:00:00"
1275,"KMB",,"66M","66M","66M",1,"R",0,3.5000000000000000e+01,"屯門(大興邨)","屯门(大兴邨)","TUEN MUN (TAI HING ESTATE)","荃灣(如心廣場)","荃湾(如心广场)","TSUEN WAN (NINA TOWER)","https://search.kmb.hk/KMBWebSite/?action=routesearch&route=66M&lang=zh-hk","https://search.kmb.hk/KMBWebSite/?action=routesearch&route=66M&lang=zh-cn","https://search.kmb.hk/KMBWebSite/?action=routesearch&route=66M&lang=en",9.6000,"01/02/25 00:00:00"
1277,"KMB",,"66X","66X","66X",1,"R",0,5.8000000000000000e+01,"屯門(大興邨)","屯门(大兴邨)","TUEN MUN (TAI HING ESTATE)","奧運站","奥运站","OLYMPIC STATION","https://search.kmb.hk/KMBWebSite/?action=routesearch&route=66X&lang=zh-hk","https://search.kmb.hk/KMBWebSite/?action=routesearch&route=66X&lang=zh-cn","https://search.kmb.hk/KMBWebSite/?action=routesearch&route=66X&lang=en",14.6000,"12/22/23 00:00:00"
1278,"KMB+CTB",,"671","671","671",1,"T",1,7.1000000000000000e+01,"鑽石山站","钻石山站","DIAMOND HILL STATION","鴨脷洲(利樂街)","鸭脷洲(利乐街)","AP LEI CHAU LEE LOK ST","https://search.kmb.hk/KMBWebSite/?action=routesearch&route=671&lang=zh-hk","https://search.kmb.hk/KMBWebSite/?action=routesearch&route=671&lang=zh-cn","https://search.kmb.hk/KMBWebSite/?action=routesearch&route=671&lang=en",14.7000,"05/17/24 00:00:00"
1279,"KMB",,"67M","67M","67M",1,"R",0,5.1000000000000000e+01,"屯門(兆康苑)","屯门(兆康苑)","TUEN MUN (SIU HONG COURT)","葵芳站","葵芳站","KWAI FONG STATION","https://search.kmb.hk/KMBWebSite/?action=routesearch&route=67M&lang=zh-hk","https://search.kmb.hk/KMBWebSite/?action=routesearch&route=67M&lang=zh-cn","https://search.kmb.hk/KMBWebSite/?action=routesearch&route=67M&lang=en",10.8000,"01/02/25 00:00:00"
1280,"KMB",,"67X","67X","67X",1,"R",0,6.2000000000000000e+01,"屯門(兆康苑)","屯门(兆康苑)","TUEN MUN (SIU HONG COURT)","旺角東站","旺角东站","MONG KOK EAST STATION","https://search.kmb.hk/KMBWebSite/?action=routesearch&route=67X&lang=zh-hk","https://search.kmb.hk/KMBWebSite/?action=routesearch&route=67X&lang=zh-cn","https://search.kmb.hk/KMBWebSite/?action=routesearch&route=67X&lang=en",14.6000,"01/02/25 00:00:00"
1290,"KMB+CTB",,"690P","690P","690P",1,"T",1,4.1000000000000000e+01,"康盛花園","康盛花园","HONG SING GARDEN","交易廣場","交易广场","CENTRAL (EXCHANGE SQUARE)","https://search.kmb.hk/KMBWebSite/?action=routesearch&route=690P&lang=zh-hk","https://search.kmb.hk/KMBWebSite/?action=routesearch&route=690P&lang=zh-cn","https://search.kmb.hk/KMBWebSite/?action=routesearch&route=690P&lang=en",17.8000,"06/18/23 00:00:00"
1293,"KMB",,"69M","69M","69M",1,"R",0,5.2000000000000000e+01,"葵芳站","葵芳站","KWAI FONG STATION","天水圍市中心","天水围市中心","TIN SHUI WAI TOWN CENTRE","https://search.kmb.hk/KMBWebSite/?action=routesearch&route=69M&lang=zh-hk","https://search.kmb.hk/KMBWebSite/?action=routesearch&route=69M&lang=zh-cn","https://search.kmb.hk/KMBWebSite/?action=routesearch&route=69M&lang=en",12.5000,"11/01/24 00:00:00"
1294,"KMB",,"69P","69P","69P",1,"T",1,5.1000000000000000e+01,"天水圍站","天水围站","TIN SHUI WAI STATION","葵芳站","葵芳站","KWAI FONG STATION","https://search.kmb.hk/KMBWebSite/?action=routesearch&route=69P&lang=zh-hk","https://search.kmb.hk/KMBWebSite/?action=routesearch&route=69P&lang=zh-cn","https://search.kmb.hk/KMBWebSite/?action=routesearch&route=69P&lang=en",11.5000,"06/18/23 00:00:00"
1295,"KMB",,"69X","69X","69X",1,"R",0,6.6000000000000000e+01,"天瑞邨","天瑞邨","TIN SHUI ESTATE","佐敦(西九龍站)","佐敦(西九龙站)","JORDAN (WEST KOWLOON STATION)","https://search.kmb.hk/KMBWebSite/?action=routesearch&route=69X&lang=zh-hk","https://search.kmb.hk/KMBWebSite/?action=routesearch&route=69X&lang=zh-cn","https://search.kmb.hk/KMBWebSite/?action=routesearch&route=69X&lang=en",17.2000,"01/02/25 00:00:00"
1297,"KMB",,"6C","6C","6C",1,"R",0,4.7000000000000000e+01,"九龍城碼頭","九龙城码头","KOWLOON CITY FERRY","美孚","美孚","MEI FOO","https://search.kmb.hk/KMBWebSite/?action=routesearch&route=6C&lang=zh-hk","https://search.kmb.hk/KMBWebSite/?action=routesearch&route=6C&lang=zh-cn","https://search.kmb.hk/KMBWebSite/?action=routesearch&route=6C&lang=en",6.7000,"09/23/24 00:00:00"
1298,"KMB",,"6D","6D","6D",1,"R",0,4.8000000000000000e+01,"牛頭角","牛头角","NGAU TAU KOK","美孚","美孚","MEI FOO","https://search.kmb.hk/KMBWebSite/?action=routesearch&route=6D&lang=zh-hk","https://search.kmb.hk/KMBWebSite/?action=routesearch&route=6D&lang=zh-cn","https://search.kmb.hk/KMBWebSite/?action=routesearch&route=6D&lang=en",6.7000,"08/23/24 00:00:00"
1194,"KMB",,"373","373","373",1,"T",1,8.2000000000000000e+01,"上水","上水","SHEUNG SHUI","中環(香港站)","中环(香港站)","CENTRAL (HONG KONG STATION)","https://search.kmb.hk/KMBWebSite/?action=routesearch&route=373&lang=zh-hk","https://search.kmb.hk/KMBWebSite/?action=routesearch&route=373&lang=zh-cn","https://search.kmb.hk/KMBWebSite/?action=routesearch&route=373&lang=en",27.9000,"06/10/23 00:00:00"
1195,"KMB",,"978","978","978",1,"R",0,7.4000000000000000e+01,"粉嶺(華明)","粉岭(华明)","FANLING (WAH MING)","會展站","会展站","EXHIBITION CENTRE STATION","https://search.kmb.hk/KMBWebSite/?action=routesearch&route=978&lang=zh-hk","https://search.kmb.hk/KMBWebSite/?action=routesearch&route=978&lang=zh-cn","https://search.kmb.hk/KMBWebSite/?action=routesearch&route=978&lang=en",27.9000,"01/02/25 00:00:00"
1196,"KMB",,"37M","37M","37M",1,"R",0,1.4000000000000000e+01,"葵興站","葵兴站","KWAI HING STATION","葵盛(中)(循環線)","葵盛(中)(循环线)","KWAI SHING (CENTRAL) (CIRCULAR)","https://search.kmb.hk/KMBWebSite/?action=routesearch&route=37M&lang=zh-hk","https://search.kmb.hk/KMBWebSite/?action=routesearch&route=37M&lang=zh-cn","https://search.kmb.hk/KMBWebSite/?action=routesearch&route=37M&lang=en",4.6000,"12/20/24 00:00:00"
1197,"KMB",,"38","38","38",1,"R",0,5.8000000000000000e+01,"葵盛(東)","葵盛(东)","KWAI SHING (EAST)","平田","平田","PING TIN","https://search.kmb.hk/KMBWebSite/?action=routesearch&route=38&lang=zh-hk","https://search.kmb.hk/KMBWebSite/?action=routesearch&route=38&lang=zh-cn","https://search.kmb.hk/KMBWebSite/?action=routesearch&route=38&lang=en",10.0000,"11/08/24 00:00:00"
1198,"KMB",,"38A","38A","38A",1,"R",0,2.0000000000000000e+01,"荃灣(海濱花園)","荃湾(海滨花园)","TSUEN WAN (RIVIERA GARDENS)","美孚","美孚","MEI FOO","https://search.kmb.hk/KMBWebSite/?action=routesearch&route=38A&lang=zh-hk","https://search.kmb.hk/KMBWebSite/?action=routesearch&route=38A&lang=zh-cn","https://search.kmb.hk/KMBWebSite/?action=routesearch&route=38A&lang=en",5.4000,"06/18/23 00:00:00"
1200,"KMB",,"39A","39A","39A",1,"R",0,2.2000000000000000e+01,"荃灣西站","荃湾西站","TSUEN WAN WEST STATION","荃威花園(循環線)","荃威花园(循环线)","ALLWAY GARDENS (CIRCULAR)","https://search.kmb.hk/KMBWebSite/?action=routesearch&route=39A&lang=zh-hk","https://search.kmb.hk/KMBWebSite/?action=routesearch&route=39A&lang=zh-cn","https://search.kmb.hk/KMBWebSite/?action=routesearch&route=39A&lang=en",5.1000,"12/20/24 00:00:00"
1208,"KMB",,"40X","40X","40X",1,"R",0,5.8000000000000000e+01,"烏溪沙站","乌溪沙站","WU KAI SHA STATION","葵涌邨","葵涌邨","KWAI CHUNG ESTATE","https://search.kmb.hk/KMBWebSite/?action=routesearch&route=40X&lang=zh-hk","https://search.kmb.hk/KMBWebSite/?action=routesearch&route=40X&lang=zh-cn","https://search.kmb.hk/KMBWebSite/?action=routesearch&route=40X&lang=en",10.4000,"01/02/25 00:00:00"
1210,"KMB",,"41A","41A","41A",1,"R",0,4.6000000000000000e+01,"青衣(長安邨)","青衣(长安邨)","TSING YI (CHEUNG ON ESTATE)","尖沙咀東","尖沙咀东","TSIM SHA TSUI EAST","https://search.kmb.hk/KMBWebSite/?action=routesearch&route=41A&lang=zh-hk","https://search.kmb.hk/KMBWebSite/?action=routesearch&route=41A&lang=zh-cn","https://search.kmb.hk/KMBWebSite/?action=routesearch&route=41A&lang=en",10.2000,"09/27/24 00:00:00"
1211,"KMB",,"41M","41M","41M",1,"R",0,2.6000000000000000e+01,"青衣碼頭","青衣码头","TSING YI FERRY","荃灣站","荃湾站","TSUEN WAN STATION","https://search.kmb.hk/KMBWebSite/?action=routesearch&route=41M&lang=zh-hk","https://search.kmb.hk/KMBWebSite/?action=routesearch&route=41M&lang=zh-cn","https://search.kmb.hk/KMBWebSite/?action=routesearch&route=41M&lang=en",5.4000,"04/26/24 00:00:00"
1213,"KMB",,"42","42","42",1,"R",0,5.9000000000000000e+01,"青衣(長康邨)","青衣(长康邨)","TSING YI (CHEUNG HONG ESTATE)","順利","顺利","SHUN LEE","https://search.kmb.hk/KMBWebSite/?action=routesearch&route=42&lang=zh-hk","https://search.kmb.hk/KMBWebSite/?action=routesearch&route=42&lang=zh-cn","https://search.kmb.hk/KMBWebSite/?action=routesearch&route=42&lang=en",9.3000,"06/07/24 00:00:00"
1214,"KMB",,"42A","42A","42A",1,"R",0,5.1000000000000000e+01,"青衣(長亨邨)","青衣(长亨邨)","TSING YI (CHEUNG HANG ESTATE)","佐敦(西九龍站)","佐敦(西九龙站)","JORDAN (WEST KOWLOON STATION)","https://search.kmb.hk/KMBWebSite/?action=routesearch&route=42A&lang=zh-hk","https://search.kmb.hk/KMBWebSite/?action=routesearch&route=42A&lang=zh-cn","https://search.kmb.hk/KMBWebSite/?action=routesearch&route=42A&lang=en",7.8000,"10/10/24 00:00:00"
1215,"KMB",,"42C","42C","42C",1,"R",0,6.3000000000000000e+01,"青衣(長亨邨)","青衣(长亨邨)","TSING YI (CHEUNG HANG ESTATE)","藍田站","蓝田站","LAM TIN STATION","https://search.kmb.hk/KMBWebSite/?action=routesearch&route=42C&lang=zh-hk","https://search.kmb.hk/KMBWebSite/?action=routesearch&route=42C&lang=zh-cn","https://search.kmb.hk/KMBWebSite/?action=routesearch&route=42C&lang=en",11.0000,"12/20/24 00:00:00"
1221,"KMB",,"43M","43M","43M",1,"R",0,1.9000000000000000e+01,"葵芳站","葵芳站","KWAI FONG STATION","長青(循環線)","长青(循环线)","CHEUNG CHUNG (CIRCULAR)","https://search.kmb.hk/KMBWebSite/?action=routesearch&route=43M&lang=zh-hk","https://search.kmb.hk/KMBWebSite/?action=routesearch&route=43M&lang=zh-cn","https://search.kmb.hk/KMBWebSite/?action=routesearch&route=43M&lang=en",5.1000,"06/18/23 00:00:00"
1222,"KMB",,"43P","43P","43P",1,"T",1,4.1000000000000000e+01,"荃灣西站","荃湾西站","TSUEN WAN WEST STATION","香港科學園","香港科学园","HONG KONG SCIENCE PARK","https://search.kmb.hk/KMBWebSite/?action=routesearch&route=43P&lang=zh-hk","https://search.kmb.hk/KMBWebSite/?action=routesearch&route=43P&lang=zh-cn","https://search.kmb.hk/KMBWebSite/?action=routesearch&route=43P&lang=en",10.4000,"06/18/23 00:00:00"
1223,"KMB",,"43X","43X","43X",1,"R",0,5.1000000000000000e+01,"耀安","耀安","YIU ON","荃灣西站","荃湾西站","TSUEN WAN WEST STATION","https://search.kmb.hk/KMBWebSite/?action=routesearch&route=43X&lang=zh-hk","https://search.kmb.hk/KMBWebSite/?action=routesearch&route=43X&lang=zh-cn","https://search.kmb.hk/KMBWebSite/?action=routesearch&route=43X&lang=en",10.4000,"04/19/24 00:00:00"
1224,"KMB",,"44","44","44",1,"R",0,4.4000000000000000e+01,"青衣邨","青衣邨","TSING YI ESTATE","旺角東站","旺角东站","MONG KOK EAST STATION","https://search.kmb.hk/KMBWebSite/?action=routesearch&route=44&lang=zh-hk","https://search.kmb.hk/KMBWebSite/?action=routesearch&route=44&lang=zh-cn","https://search.kmb.hk/KMBWebSite/?action=routesearch&route=44&lang=en",7.4000,"11/08/24 00:00:00"
1225,"KMB",,"44M","44M","44M",1,"R",0,2.8000000000000000e+01,"青衣站","青衣站","TSING YI STATION","葵涌邨","葵涌邨","KWAI CHUNG ESTATE","https://search.kmb.hk/KMBWebSite/?action=routesearch&route=44M&lang=zh-hk","https://search.kmb.hk/KMBWebSite/?action=routesearch&route=44M&lang=zh-cn","https://search.kmb.hk/KMBWebSite/?action=routesearch&route=44M&lang=en",5.4000,"11/08/24 00:00:00"
1228,"KMB",,"45","45","45",1,"R",0,6.4000000000000000e+01,"九龍城碼頭","九龙城码头","KOWLOON CITY FERRY","葵涌(麗瑤邨)","葵涌(丽瑶邨)","KWAI CHUNG (LAI YIU ESTATE)","https://search.kmb.hk/KMBWebSite/?action=routesearch&route=45&lang=zh-hk","https://search.kmb.hk/KMBWebSite/?action=routesearch&route=45&lang=zh-cn","https://search.kmb.hk/KMBWebSite/?action=routesearch&route=45&lang=en",7.9000,"06/10/23 00:00:00"
1237,"KMB",,"5","5","5",1,"R",0,3.6000000000000000e+01,"富山邨","富山邨","FU SHAN ESTATE","尖沙咀碼頭","尖沙咀码头","STAR FERRY","https://search.kmb.hk/KMBWebSite/?action=routesearch&route=5&lang=zh-hk","https://search.kmb.hk/KMBWebSite/?action=routesearch&route=5&lang=zh-cn","https://search.kmb.hk/KMBWebSite/?action=routesearch&route=5&lang=en",6.7000,"09/13/24 00:00:00"
1238,"KMB",,"51","51","51",1,"R",0,2.9000000000000000e+01,"荃灣(如心廣場)","荃湾(如心广场)","TSUEN WAN (NINA TOWER)","上村(循環線)","上村(循环线)","SHEUNG TSUEN (CIRCULAR)","https://search.kmb.hk/KMBWebSite/?action=routesearch&route=51&lang=zh-hk","https://search.kmb.hk/KMBWebSite/?action=routesearch&route=51&lang=zh-cn","https://search.kmb.hk/KMBWebSite/?action=routesearch&route=51&lang=en",10.2000,"06/18/23 00:00:00"
1239,"KMB",,"52X","52X","52X",1,"R",0,7.7000000000000000e+01,"屯門市中心","屯门市中心","TUEN MUN CENTRAL","旺角(柏景灣)","旺角(柏景湾)","MONG KOK (PARK AVENUE)","https://search.kmb.hk/KMBWebSite/?action=routesearch&route=52X&lang=zh-hk","https://search.kmb.hk/KMBWebSite/?action=routesearch&route=52X&lang=zh-cn","https://search.kmb.hk/KMBWebSite/?action=routesearch&route=52X&lang=en",14.6000,"06/18/23 00:00:00"
1240,"KMB",,"53","53","53",1,"R",0,9.9000000000000000e+01,"元朗 形點","元朗 形点","YOHO MALL (YUEN LONG)","荃灣(如心廣場)","荃湾(如心广场)","TSUEN WAN (NINA TOWER)","https://search.kmb.hk/KMBWebSite/?action=routesearch&route=53&lang=zh-hk","https://search.kmb.hk/KMBWebSite/?action=routesearch&route=53&lang=zh-cn","https://search.kmb.hk/KMBWebSite/?action=routesearch&route=53&lang=en",12.2000,"01/02/25 00:00:00"
1242,"KMB",,"57M","57M","57M",1,"R",0,4.1000000000000000e+01,"屯門(山景邨)","屯门(山景邨)","TUEN MUN (SHAN KING ESTATE)","荔景(北)","荔景(北)","LAI KING (NORTH)","https://search.kmb.hk/KMBWebSite/?action=routesearch&route=57M&lang=zh-hk","https://search.kmb.hk/KMBWebSite/?action=routesearch&route=57M&lang=zh-cn","https://search.kmb.hk/KMBWebSite/?action=routesearch&route=57M&lang=en",10.8000,"01/02/25 00:00:00"
1243,"KMB",,"58M","58M","58M",1,"R",0,4.9000000000000000e+01,"屯門(良景邨)","屯门(良景邨)","TUEN MUN (LEUNG KING ESTATE)","葵芳站","葵芳站","KWAI FONG STATION","https://search.kmb.hk/KMBWebSite/?action=routesearch&route=58M&lang=zh-hk","https://search.kmb.hk/KMBWebSite/?action=routesearch&route=58M&lang=zh-cn","https://search.kmb.hk/KMBWebSite/?action=routesearch&route=58M&lang=en",10.8000,"01/02/25 00:00:00"
1251,"KMB",,"5C","5C","5C",1,"R",0,5.3000000000000000e+01,"慈雲山(中)","慈云山(中)","TSZ WAN SHAN (CENTRAL)","尖沙咀碼頭","尖沙咀码头","STAR FERRY","https://search.kmb.hk/KMBWebSite/?action=routesearch&route=5C&lang=zh-hk","https://search.kmb.hk/KMBWebSite/?action=routesearch&route=5C&lang=zh-cn","https://search.kmb.hk/KMBWebSite/?action=routesearch&route=5C&lang=en",6.7000,"08/11/23 00:00:00"
1252,"KMB",,"5D","5D","5D",1,"R",0,3.4000000000000000e+01,"德福花園","德福花园","TELFORD GARDENS","紅磡(循環線)","红磡(循环线)","HUNG HOM (CIRCULAR)","https://search.kmb.hk/KMBWebSite/?action=routesearch&route=5D&lang=zh-hk","https://search.kmb.hk/KMBWebSite/?action=routesearch&route=5D&lang=zh-cn","https://search.kmb.hk/KMBWebSite/?action=routesearch&route=5D&lang=en",6.7000,"03/15/24 00:00:00"
1253,"KMB",,"6","6","6",1,"R",0,4.2000000000000000e+01,"尖沙咀碼頭","尖沙咀码头","STAR FERRY","荔枝角","荔枝角","LAI CHI KOK","https://search.kmb.hk/KMBWebSite/?action=routesearch&route=6&lang=zh-hk","https://search.kmb.hk/KMBWebSite/?action=routesearch&route=6&lang=zh-cn","https://search.kmb.hk/KMBWebSite/?action=routesearch&route=6&lang=en",5.8000,"09/27/24 00:00:00"
1256,"KMB",,"603","603","603",1,"R",0,3.5000000000000000e+01,"平田","平田","PING TIN","中環(渡輪碼頭)","中环(渡轮码头)","CENTRAL FERRY PIERS","https://search.kmb.hk/KMBWebSite/?action=routesearch&route=603&lang=zh-hk","https://search.kmb.hk/KMBWebSite/?action=routesearch&route=603&lang=zh-cn","https://search.kmb.hk/KMBWebSite/?action=routesearch&route=603&lang=en",13.9000,"01/17/25 00:00:00"
1257,"KMB",,"603P","603P","603P",1,"T",1,5.8000000000000000e+01,"中環渡輪碼頭","中环渡轮码头","CENTRAL FERRY PIERS","平田","平田","PING TIN","https://search.kmb.hk/KMBWebSite/?action=routesearch&route=603P&lang=zh-hk","https://search.kmb.hk/KMBWebSite/?action=routesearch&route=603P&lang=zh-cn","https://search.kmb.hk/KMBWebSite/?action=routesearch&route=603P&lang=en",13.9000,"06/18/23 00:00:00"
1258,"KMB",,"603S","603S","603S",1,"T",1,3.1000000000000000e+01,"平田","平田","PING TIN","中環(機利文街)","中环(机利文街)","CENTRAL (GILMAN STREET)","https://search.kmb.hk/KMBWebSite/?action=routesearch&route=603S&lang=zh-hk","https://search.kmb.hk/KMBWebSite/?action=routesearch&route=603S&lang=zh-cn","https://search.kmb.hk/KMBWebSite/?action=routesearch&route=603S&lang=en",13.9000,"01/17/25 00:00:00"
1266,"KMB",,"61X","61X","61X",1,"R",0,5.8000000000000000e+01,"屯門市中心","屯门市中心","TUEN MUN CENTRAL","九龍城碼頭","九龙城码头","KOWLOON CITY FERRY","https://search.kmb.hk/KMBWebSite/?action=routesearch&route=61X&lang=zh-hk","https://search.kmb.hk/KMBWebSite/?action=routesearch&route=61X&lang=zh-cn","https://search.kmb.hk/KMBWebSite/?action=routesearch&route=61X&lang=en",15.8000,"09/05/24 00:00:00"
1267,"KMB+CTB",,"621","621","621",1,"T",1,2.8000000000000000e+01,"麗港城","丽港城","LAGUNA CITY","中環(香港站)","中环(香港站)","CENTRAL (HONG KONG STATION)","https://search.kmb.hk/KMBWebSite/?action=routesearch&route=621&lang=zh-hk","https://search.kmb.hk/KMBWebSite/?action=routesearch&route=621&lang=zh-cn","https://search.kmb.hk/KMBWebSite/?action=routesearch&route=621&lang=en",13.8000,"01/19/24 00:00:00"
1268,"KMB",,"62X","62X","62X",1,"R",0,7.4000000000000000e+01,"兆康站(南)","兆康站(南)","SIU HONG STATION (SOUTH)","鯉魚門邨","鲤鱼门邨","LEI YUE MUN ESTATE","https://search.kmb.hk/KMBWebSite/?action=routesearch&route=62X&lang=zh-hk","https://search.kmb.hk/KMBWebSite/?action=routesearch&route=62X&lang=zh-cn","https://search.kmb.hk/KMBWebSite/?action=routesearch&route=62X&lang=en",18.8000,"12/20/24 00:00:00"
1269,"KMB",,"63X","63X","63X",1,"R",0,6.4000000000000000e+01,"洪水橋(洪福邨)","洪水桥(洪福邨)","HUNG SHUI KIU (HUNG FUK ESTATE)","佐敦(西九龍站)","佐敦(西九龙站)","JORDAN (WEST KOWLOON STATION)","https://search.kmb.hk/KMBWebSite/?action=routesearch&route=63X&lang=zh-hk","https://search.kmb.hk/KMBWebSite/?action=routesearch&route=63X&lang=zh-cn","https://search.kmb.hk/KMBWebSite/?action=routesearch&route=63X&lang=en",16.2000,"10/04/24 00:00:00"
1270,"KMB+CTB",,"641","641","641",1,"T",1,4.5000000000000000e+01,"啟德(啟晴邨)","启德(启晴邨)","Kai Tak (Kai Ching Estate)","中環(港澳碼頭)","中环(港澳码头)","Central (Macau Ferry)","https://search.kmb.hk/KMBWebSite/?action=routesearch&route=641&lang=zh-hk","https://search.kmb.hk/KMBWebSite/?action=routesearch&route=641&lang=zh-cn","https://search.kmb.hk/KMBWebSite/?action=routesearch&route=641&lang=en",13.8000,"12/02/24 00:00:00"
1271,"KMB+CTB",,"619X","619X","619X",1,"T",1,4.0000000000000000e+01,"順利","顺利","SHUN LEE","中環(港澳碼頭)","中环(港澳码头)","CENTRAL (MACAU FERRY)","https://search.kmb.hk/KMBWebSite/?action=routesearch&route=619X&lang=zh-hk","https://search.kmb.hk/KMBWebSite/?action=routesearch&route=619X&lang=zh-cn","https://search.kmb.hk/KMBWebSite/?action=routesearch&route=619X&lang=en",12.9000,"06/18/23 00:00:00"
1284,"KMB+CTB",,"681","681","681",1,"R",0,6.3000000000000000e+01,"中環(香港站)","中环(香港站)","CENTRAL (HONG KONG STATION)","馬鞍山市中心","马鞍山市中心","MA ON SHAN TOWN CENTRE","https://search.kmb.hk/KMBWebSite/?action=routesearch&route=681&lang=zh-hk","https://search.kmb.hk/KMBWebSite/?action=routesearch&route=681&lang=zh-cn","https://search.kmb.hk/KMBWebSite/?action=routesearch&route=681&lang=en",24.4000,"06/14/24 00:00:00"
1285,"KMB+CTB",,"681P","681P","681P",1,"T",1,5.3000000000000000e+01,"耀安","耀安","YIU ON","上環","上环","SHEUNG WAN","https://search.kmb.hk/KMBWebSite/?action=routesearch&route=681P&lang=zh-hk","https://search.kmb.hk/KMBWebSite/?action=routesearch&route=681P&lang=zh-cn","https://search.kmb.hk/KMBWebSite/?action=routesearch&route=681P&lang=en",24.4000,"11/01/24 00:00:00"
1286,"KMB",,"68A","68A","68A",1,"R",0,6.3000000000000000e+01,"朗屏邨","朗屏邨","LONG PING ESTATE","青衣站","青衣站","TSING YI STATION","https://search.kmb.hk/KMBWebSite/?action=routesearch&route=68A&lang=zh-hk","https://search.kmb.hk/KMBWebSite/?action=routesearch&route=68A&lang=zh-cn","https://search.kmb.hk/KMBWebSite/?action=routesearch&route=68A&lang=en",12.6000,"01/02/25 00:00:00"
1287,"KMB",,"68M","68M","68M",1,"R",0,2.8000000000000000e+01,"荃灣站","荃湾站","TSUEN WAN STATION","元朗(西)總站","元朗(西)总站","YUEN LONG (WEST) B/T","https://search.kmb.hk/KMBWebSite/?action=routesearch&route=68M&lang=zh-hk","https://search.kmb.hk/KMBWebSite/?action=routesearch&route=68M&lang=zh-cn","https://search.kmb.hk/KMBWebSite/?action=routesearch&route=68M&lang=en",11.5000,"01/12/24 00:00:00"
1288,"KMB",,"68X","68X","68X",1,"R",0,7.1000000000000000e+01,"洪水橋(洪福邨)","洪水桥(洪福村)","HUNG SHUI KIU (HUNG FUK ESTATE)","旺角(柏景灣)","旺角(柏景湾)","MONG KOK (PARK AVENUE)","https://search.kmb.hk/KMBWebSite/?action=routesearch&route=68X&lang=zh-hk","https://search.kmb.hk/KMBWebSite/?action=routesearch&route=68X&lang=zh-cn","https://search.kmb.hk/KMBWebSite/?action=routesearch&route=68X&lang=en",16.2000,"01/02/25 00:00:00"
1289,"KMB+CTB",,"690","690","690",1,"R",0,5.4000000000000000e+01,"將軍澳 (康盛花園)","将军澳 (康盛花园)","Tseung Kwan O (Hong Sing Garden)","中環 (交易廣場)","中环 (交易广场)","Central (Exchange Square)","https://search.kmb.hk/KMBWebSite/?action=routesearch&route=690&lang=zh-hk","https://search.kmb.hk/KMBWebSite/?action=routesearch&route=690&lang=zh-cn","https://search.kmb.hk/KMBWebSite/?action=routesearch&route=690&lang=en",17.8000,"01/02/25 00:00:00"
1299,"KMB",,"6F","6F","6F",1,"R",0,3.5000000000000000e+01,"九龍城碼頭","九龙城码头","KOWLOON CITY FERRY","長沙灣(麗閣邨)","长沙湾(丽阁邨)","CHEUNG SHA WAN (LAI KOK ESTATE)","https://search.kmb.hk/KMBWebSite/?action=routesearch&route=6F&lang=zh-hk","https://search.kmb.hk/KMBWebSite/?action=routesearch&route=6F&lang=zh-cn","https://search.kmb.hk/KMBWebSite/?action=routesearch&route=6F&lang=en",5.6000,"06/10/23 00:00:00"
1300,"KMB",,"7","7","7",1,"R",0,3.2000000000000000e+01,"尖沙咀碼頭","尖沙咀码头","STAR FERRY","樂富","乐富","LOK FU","https://search.kmb.hk/KMBWebSite/?action=routesearch&route=7&lang=zh-hk","https://search.kmb.hk/KMBWebSite/?action=routesearch&route=7&lang=zh-cn","https://search.kmb.hk/KMBWebSite/?action=routesearch&route=7&lang=en",5.6000,"11/15/24 00:00:00"
1302,"KMB",,"70K","70K","70K",1,"R",0,3.6000000000000000e+01,"粉嶺(華明)","粉岭(华明)","FANLING (WAH MING)","清河(循環線)","清河(循环线)","CHING HO(CIRCULAR)","https://search.kmb.hk/KMBWebSite/?action=routesearch&route=70K&lang=zh-hk","https://search.kmb.hk/KMBWebSite/?action=routesearch&route=70K&lang=zh-cn","https://search.kmb.hk/KMBWebSite/?action=routesearch&route=70K&lang=en",5.6000,"02/16/24 00:00:00"
1304,"KMB",,"71A","71A","71A",1,"R",0,1.3000000000000000e+01,"大埔(富亨)","大埔(富亨)","TAI PO (FU HENG)","大埔墟站","大埔墟站","TAI PO MARKET STATION","https://search.kmb.hk/KMBWebSite/?action=routesearch&route=71A&lang=zh-hk","https://search.kmb.hk/KMBWebSite/?action=routesearch&route=71A&lang=zh-cn","https://search.kmb.hk/KMBWebSite/?action=routesearch&route=71A&lang=en",4.8000,"12/04/24 00:00:00"
1305,"KMB",,"71B","71B","71B",1,"R",0,6.0000000000000000e+00,"大埔(富亨)","大埔(富亨)","TAI PO (FU HENG)","大埔中心(循環線)","大埔中心(循环线)","TAI PO CENTRAL (CIRCULAR)","https://search.kmb.hk/KMBWebSite/?action=routesearch&route=71B&lang=zh-hk","https://search.kmb.hk/KMBWebSite/?action=routesearch&route=71B&lang=zh-cn","https://search.kmb.hk/KMBWebSite/?action=routesearch&route=71B&lang=en",2.6000,"09/23/24 00:00:00"
1306,"KMB",,"71K","71K","71K",1,"R",0,5.0000000000000000e+01,"大埔(太和)","大埔(太和)","TAI PO (TAI WO)","大埔墟站","大埔墟站","TAI PO MARKET STATION","https://search.kmb.hk/KMBWebSite/?action=routesearch&route=71K&lang=zh-hk","https://search.kmb.hk/KMBWebSite/?action=routesearch&route=71K&lang=zh-cn","https://search.kmb.hk/KMBWebSite/?action=routesearch&route=71K&lang=en",5.4000,"01/26/24 00:00:00"
1307,"KMB",,"71S","71S","71S",1,"T",1,1.6000000000000000e+01,"大埔(富善)","大埔(富善)","TAI PO (FU SHIN)","廣福(循環線)","广福(循环线)","KWONG FUK (CIRCULAR)","https://search.kmb.hk/KMBWebSite/?action=routesearch&route=71S&lang=zh-hk","https://search.kmb.hk/KMBWebSite/?action=routesearch&route=71S&lang=zh-cn","https://search.kmb.hk/KMBWebSite/?action=routesearch&route=71S&lang=en",5.1000,"10/04/24 00:00:00"
1308,"KMB",,"72","72","72",1,"R",0,6.6000000000000000e+01,"大埔(太和)","大埔(太和)","TAI PO (TAI WO)","長沙灣","长沙湾","CHEUNG SHA WAN","https://search.kmb.hk/KMBWebSite/?action=routesearch&route=72&lang=zh-hk","https://search.kmb.hk/KMBWebSite/?action=routesearch&route=72&lang=zh-cn","https://search.kmb.hk/KMBWebSite/?action=routesearch&route=72&lang=en",11.0000,"06/18/23 00:00:00"
1309,"KMB",,"72A","72A","72A",1,"R",0,5.5000000000000000e+01,"大圍站","大围站","TAI WAI STATION","大埔工業邨","大埔工业邨","TAI PO INDUSTRIAL ESTATE","https://search.kmb.hk/KMBWebSite/?action=routesearch&route=72A&lang=zh-hk","https://search.kmb.hk/KMBWebSite/?action=routesearch&route=72A&lang=zh-cn","https://search.kmb.hk/KMBWebSite/?action=routesearch&route=72A&lang=en",9.6000,"06/18/23 00:00:00"
1310,"KMB",,"72X","72X","72X",1,"R",0,4.9000000000000000e+01,"富蝶","富蝶","FU TIP","旺角(柏景灣)","旺角(柏景湾)","MONG KOK (PARK AVENUE)","https://search.kmb.hk/KMBWebSite/?action=routesearch&route=72X&lang=zh-hk","https://search.kmb.hk/KMBWebSite/?action=routesearch&route=72X&lang=zh-cn","https://search.kmb.hk/KMBWebSite/?action=routesearch&route=72X&lang=en",11.5000,"12/31/24 00:00:00"
1311,"KMB",,"73","73","73",1,"T",1,4.7000000000000000e+01,"粉嶺(華明)","粉岭(华明)","FANLING (WAH MING)","大埔工業邨","大埔工业邨","TAI PO INDUSTRIAL ESTATE","https://search.kmb.hk/KMBWebSite/?action=routesearch&route=73&lang=zh-hk","https://search.kmb.hk/KMBWebSite/?action=routesearch&route=73&lang=zh-cn","https://search.kmb.hk/KMBWebSite/?action=routesearch&route=73&lang=en",7.8000,"02/16/24 00:00:00"
1312,"KMB",,"73A","73A","73A",1,"R",0,6.1000000000000000e+01,"粉嶺(華明)","粉岭(华明)","FANLING (WAH MING)","愉翠苑","愉翠苑","YU CHUI COURT","https://search.kmb.hk/KMBWebSite/?action=routesearch&route=73A&lang=zh-hk","https://search.kmb.hk/KMBWebSite/?action=routesearch&route=73A&lang=zh-cn","https://search.kmb.hk/KMBWebSite/?action=routesearch&route=73A&lang=en",12.1000,"02/16/24 00:00:00"
1319,"KMB",,"75X","75X","75X",1,"T",1,6.7000000000000000e+01,"大埔(富善)","大埔(富善)","TAI PO (FU SHIN)","九龍城碼頭","九龙城码头","KOWLOON CITY FERRY","https://search.kmb.hk/KMBWebSite/?action=routesearch&route=75X&lang=zh-hk","https://search.kmb.hk/KMBWebSite/?action=routesearch&route=75X&lang=zh-cn","https://search.kmb.hk/KMBWebSite/?action=routesearch&route=75X&lang=en",11.5000,"08/31/23 00:00:00"
1320,"KMB",,"76K","76K","76K",1,"R",0,6.0000000000000000e+01,"上水(清河)","上水(清河)","SHEUNG SHUI (CHING HO)","朗屏邨","朗屏邨","LONG PING ESTATE","https://search.kmb.hk/KMBWebSite/?action=routesearch&route=76K&lang=zh-hk","https://search.kmb.hk/KMBWebSite/?action=routesearch&route=76K&lang=zh-cn","https://search.kmb.hk/KMBWebSite/?action=routesearch&route=76K&lang=en",9.6000,"09/23/24 00:00:00"
1322,"KMB",,"78K","78K","78K",1,"T",1,4.7000000000000000e+01,"上水(太平)","上水(太平)","SHEUNG SHUI (TAI PING)","沙頭角","沙头角","SHA TAU KOK","https://search.kmb.hk/KMBWebSite/?action=routesearch&route=78K&lang=zh-hk","https://search.kmb.hk/KMBWebSite/?action=routesearch&route=78K&lang=zh-cn","https://search.kmb.hk/KMBWebSite/?action=routesearch&route=78K&lang=en",8.6000,"02/16/24 00:00:00"
1323,"KMB",,"79K","79K","79K",1,"R",0,4.4000000000000000e+01,"上水","上水","SHEUNG SHUI","打鼓嶺(松園下)","打鼓岭(松园下)","TA KWU LING(TSUNG YUEN HA)","https://search.kmb.hk/KMBWebSite/?action=routesearch&route=79K&lang=zh-hk","https://search.kmb.hk/KMBWebSite/?action=routesearch&route=79K&lang=zh-cn","https://search.kmb.hk/KMBWebSite/?action=routesearch&route=79K&lang=en",6.9000,"09/29/23 00:00:00"
1324,"KMB",,"7B","7B","7B",1,"R",0,3.7000000000000000e+01,"紅磡(紅鸞道)","红磡(红鸾道)","HUNG HOM (HUNG LUEN ROAD)","樂富","乐富","LOK FU","https://search.kmb.hk/KMBWebSite/?action=routesearch&route=7B&lang=zh-hk","https://search.kmb.hk/KMBWebSite/?action=routesearch&route=7B&lang=zh-cn","https://search.kmb.hk/KMBWebSite/?action=routesearch&route=7B&lang=en",6.7000,"12/20/24 00:00:00"
1325,"KMB",,"7M","7M","7M",1,"R",0,1.1000000000000000e+01,"樂富","乐富","LOK FU","竹園邨(循環線)","竹园邨(循环线)","CHUK YUEN ESTATE (CIRCULAR)","https://search.kmb.hk/KMBWebSite/?action=routesearch&route=7M&lang=zh-hk","https://search.kmb.hk/KMBWebSite/?action=routesearch&route=7M&lang=zh-cn","https://search.kmb.hk/KMBWebSite/?action=routesearch&route=7M&lang=en",4.6000,"09/23/24 00:00:00"
1334,"KMB",,"81","81","81",1,"R",0,5.4000000000000000e+01,"禾輋","禾輋","WO CHE","佐敦(西九龍站)","佐敦(西九龙站)","JORDAN (WEST KOWLOON STATION)","https://search.kmb.hk/KMBWebSite/?action=routesearch&route=81&lang=zh-hk","https://search.kmb.hk/KMBWebSite/?action=routesearch&route=81&lang=zh-cn","https://search.kmb.hk/KMBWebSite/?action=routesearch&route=81&lang=en",7.8000,"08/12/24 00:00:00"
1336,"KMB",,"81C","81C","81C",1,"R",0,6.8000000000000000e+01,"耀安","耀安","YIU ON","尖沙咀東(麼地道)","尖沙咀东(么地道)","TSIM SHA TSUI EAST (MODY ROAD)","https://search.kmb.hk/KMBWebSite/?action=routesearch&route=81C&lang=zh-hk","https://search.kmb.hk/KMBWebSite/?action=routesearch&route=81C&lang=zh-cn","https://search.kmb.hk/KMBWebSite/?action=routesearch&route=81C&lang=en",10.2000,"07/19/24 00:00:00"
1337,"KMB",,"81K","81K","81K",1,"R",0,3.1000000000000000e+01,"新田圍","新田围","SUN TIN WAI","穗禾苑","穗禾苑","SUI WO COURT","https://search.kmb.hk/KMBWebSite/?action=routesearch&route=81K&lang=zh-hk","https://search.kmb.hk/KMBWebSite/?action=routesearch&route=81K&lang=zh-cn","https://search.kmb.hk/KMBWebSite/?action=routesearch&route=81K&lang=en",5.2000,"07/18/24 00:00:00"
1340,"KMB",,"81S","81S","81S",1,"T",1,4.3000000000000000e+01,"美田邨","美田邨","MEI TIN ESTATE","彌敦道(眾坊街)","弥敦道(众坊街)","NATHAN ROAD (PUBLIC SQUARE STREET)","https://search.kmb.hk/KMBWebSite/?action=routesearch&route=81S&lang=zh-hk","https://search.kmb.hk/KMBWebSite/?action=routesearch&route=81S&lang=zh-cn","https://search.kmb.hk/KMBWebSite/?action=routesearch&route=81S&lang=en",7.8000,"06/18/23 00:00:00"
1341,"KMB",,"82K","82K","82K",1,"R",0,4.2000000000000000e+01,"美田","美田","MEI TIN","愉翠苑","愉翠苑","YU CHUI COURT","https://search.kmb.hk/KMBWebSite/?action=routesearch&route=82K&lang=zh-hk","https://search.kmb.hk/KMBWebSite/?action=routesearch&route=82K&lang=zh-cn","https://search.kmb.hk/KMBWebSite/?action=routesearch&route=82K&lang=en",6.5000,"10/25/24 00:00:00"
1345,"KMB",,"82X","82X","82X",1,"R",0,4.6000000000000000e+01,"濱景花園","滨景花园","RAVANA GARDEN","黃大仙(循環線)","黄大仙(循环线)","WONG TAI SIN (CIRCULAR)","https://search.kmb.hk/KMBWebSite/?action=routesearch&route=82X&lang=zh-hk","https://search.kmb.hk/KMBWebSite/?action=routesearch&route=82X&lang=zh-cn","https://search.kmb.hk/KMBWebSite/?action=routesearch&route=82X&lang=en",6.5000,"09/25/23 00:00:00"
1352,"KMB",,"85B","85B","85B",1,"T",1,4.9000000000000000e+01,"秦石","秦石","CHUN SHEK","九龍城碼頭","九龙城码头","KOWLOON CITY FERRY","https://search.kmb.hk/KMBWebSite/?action=routesearch&route=85B&lang=zh-hk","https://search.kmb.hk/KMBWebSite/?action=routesearch&route=85B&lang=zh-cn","https://search.kmb.hk/KMBWebSite/?action=routesearch&route=85B&lang=en",7.8000,"09/20/24 00:00:00"
1354,"KMB",,"85K","85K","85K",1,"R",0,3.3000000000000000e+01,"恒安","恒安","HENG ON","沙田站","沙田站","SHATIN STATION","https://search.kmb.hk/KMBWebSite/?action=routesearch&route=85K&lang=zh-hk","https://search.kmb.hk/KMBWebSite/?action=routesearch&route=85K&lang=zh-cn","https://search.kmb.hk/KMBWebSite/?action=routesearch&route=85K&lang=en",5.8000,"12/02/24 00:00:00"
1355,"KMB",,"85M","85M","85M",1,"R",0,4.7000000000000000e+01,"錦英苑","锦英苑","KAM YING COURT","黃大仙(循環線)","黄大仙(循环线)","WONG TAI SIN (CIRCULAR)","https://search.kmb.hk/KMBWebSite/?action=routesearch&route=85M&lang=zh-hk","https://search.kmb.hk/KMBWebSite/?action=routesearch&route=85M&lang=zh-cn","https://search.kmb.hk/KMBWebSite/?action=routesearch&route=85M&lang=en",9.0000,"06/14/24 00:00:00"
1356,"KMB",,"85S","85S","85S",1,"T",1,6.1000000000000000e+01,"耀安","耀安","YIU ON","紅磡(紅鸞道)","红磡(红鸾道)","HUNG HOM (HUNG LUEN ROAD)","https://search.kmb.hk/KMBWebSite/?action=routesearch&route=85S&lang=zh-hk","https://search.kmb.hk/KMBWebSite/?action=routesearch&route=85S&lang=zh-cn","https://search.kmb.hk/KMBWebSite/?action=routesearch&route=85S&lang=en",9.8000,"01/02/25 00:00:00"
1357,"KMB",,"85X","85X","85X",1,"R",0,5.8000000000000000e+01,"馬鞍山市中心","马鞍山市中心","MA ON SHAN TOWN CENTRE","紅磡(紅鸞道)","红磡(红鸾道)","HUNG HOM (HUNG LUEN ROAD)","https://search.kmb.hk/KMBWebSite/?action=routesearch&route=85X&lang=zh-hk","https://search.kmb.hk/KMBWebSite/?action=routesearch&route=85X&lang=zh-cn","https://search.kmb.hk/KMBWebSite/?action=routesearch&route=85X&lang=en",9.8000,"01/02/25 00:00:00"
1358,"KMB",,"86","86","86",1,"R",0,6.2000000000000000e+01,"黃泥頭","黄泥头","WONG NAI TAU","美孚","美孚","MEI FOO","https://search.kmb.hk/KMBWebSite/?action=routesearch&route=86&lang=zh-hk","https://search.kmb.hk/KMBWebSite/?action=routesearch&route=86&lang=zh-cn","https://search.kmb.hk/KMBWebSite/?action=routesearch&route=86&lang=en",10.2000,"01/02/25 00:00:00"
1372,"KMB",,"87K","87K","87K",1,"R",0,2.3000000000000000e+01,"大學站","大学站","UNIVERSITY STATION","錦英苑(循環線)","锦英苑(循环线)","KAM YING COURT (CIRCULAR)","https://search.kmb.hk/KMBWebSite/?action=routesearch&route=87K&lang=zh-hk","https://search.kmb.hk/KMBWebSite/?action=routesearch&route=87K&lang=zh-cn","https://search.kmb.hk/KMBWebSite/?action=routesearch&route=87K&lang=en",5.1000,"06/14/24 00:00:00"
1373,"KMB",,"87P","87P","87P",1,"T",1,1.7000000000000000e+01,"利安","利安","LEE ON","頌安","颂安","CHUNG ON","https://search.kmb.hk/KMBWebSite/?action=routesearch&route=87P&lang=zh-hk","https://search.kmb.hk/KMBWebSite/?action=routesearch&route=87P&lang=zh-cn","https://search.kmb.hk/KMBWebSite/?action=routesearch&route=87P&lang=en",5.1000,"06/18/23 00:00:00"
1374,"KMB",,"87S","87S","87S",1,"T",1,1.0000000000000000e+01,"大學站","大学站","UNIVERSITY STATION","錦英苑(循環線)","锦英苑(循环线)","KAM YING COURT (CIRCULAR)","https://search.kmb.hk/KMBWebSite/?action=routesearch&route=87S&lang=zh-hk","https://search.kmb.hk/KMBWebSite/?action=routesearch&route=87S&lang=zh-cn","https://search.kmb.hk/KMBWebSite/?action=routesearch&route=87S&lang=en",5.1000,"04/29/24 00:00:00"
1380,"KMB",,"88K","88K","88K",1,"R",0,3.1000000000000000e+01,"顯徑","显径","HIN KENG","駿景園","骏景园","ROYAL ASCOT","https://search.kmb.hk/KMBWebSite/?action=routesearch&route=88K&lang=zh-hk","https://search.kmb.hk/KMBWebSite/?action=routesearch&route=88K&lang=zh-cn","https://search.kmb.hk/KMBWebSite/?action=routesearch&route=88K&lang=en",5.4000,"01/17/25 00:00:00"
1382,"KMB",,"89","89","89",1,"R",0,4.3000000000000000e+01,"瀝源","沥源","LEK YUEN","觀塘(翠屏北邨)","观塘(翠屏北邨)","KWUN TONG (TSUI PING NORTH ESTATE)","https://search.kmb.hk/KMBWebSite/?action=routesearch&route=89&lang=zh-hk","https://search.kmb.hk/KMBWebSite/?action=routesearch&route=89&lang=zh-cn","https://search.kmb.hk/KMBWebSite/?action=routesearch&route=89&lang=en",7.8000,"10/25/24 00:00:00"
1385,"KMB",,"89B","89B","89B",1,"R",0,3.2000000000000000e+01,"沙田圍","沙田围","SHATIN WAI","牛頭角","牛头角","NGAU TAU KOK","https://search.kmb.hk/KMBWebSite/?action=routesearch&route=89B&lang=zh-hk","https://search.kmb.hk/KMBWebSite/?action=routesearch&route=89B&lang=zh-cn","https://search.kmb.hk/KMBWebSite/?action=routesearch&route=89B&lang=en",7.8000,"08/12/24 00:00:00"
1392,"KMB",,"9","9","9",1,"R",0,5.4000000000000000e+01,"彩福","彩福","CHOI FOOK","尖沙咀東(麼地道)","尖沙咀东(麽地道)","TSIM SHA TSUI EAST (MODY ROAD)","https://search.kmb.hk/KMBWebSite/?action=routesearch&route=9&lang=zh-hk","https://search.kmb.hk/KMBWebSite/?action=routesearch&route=9&lang=zh-cn","https://search.kmb.hk/KMBWebSite/?action=routesearch&route=9&lang=en",6.7000,"06/21/24 00:00:00"
1393,"KMB+CTB",,"904","904","904",1,"R",0,4.8000000000000000e+01,"荔枝角","荔枝角","Lai Chi Kok","堅尼地城","坚尼地城","Kennedy Town","https://search.kmb.hk/KMBWebSite/?action=routesearch&route=904&lang=zh-hk","https://search.kmb.hk/KMBWebSite/?action=routesearch&route=904&lang=zh-cn","https://search.kmb.hk/KMBWebSite/?action=routesearch&route=904&lang=en",12.9000,"06/10/23 00:00:00"
1394,"KMB+CTB",,"905","905","905",1,"R",0,5.6000000000000000e+01,"荔枝角","荔枝角","Lai Chi Kok","會展站","会展站","Exhibition Centre Station","https://search.kmb.hk/KMBWebSite/?action=routesearch&route=905&lang=zh-hk","https://search.kmb.hk/KMBWebSite/?action=routesearch&route=905&lang=zh-cn","https://search.kmb.hk/KMBWebSite/?action=routesearch&route=905&lang=en",12.9000,"09/20/24 00:00:00"
1395,"KMB",,"91","91","91",1,"R",0,4.4000000000000000e+01,"清水灣","清水湾","CLEAR WATER BAY","鑽石山站","钻石山站","DIAMOND HILL STATION","https://search.kmb.hk/KMBWebSite/?action=routesearch&route=91&lang=zh-hk","https://search.kmb.hk/KMBWebSite/?action=routesearch&route=91&lang=zh-cn","https://search.kmb.hk/KMBWebSite/?action=routesearch&route=91&lang=en",8.4000,"06/18/23 00:00:00"
1396,"KMB+CTB",,"914","914","914",1,"R",0,6.3000000000000000e+01,"海麗邨","海丽邨","HOI LAI ESTATE","銅鑼灣(天后)","铜锣湾(天后)","CAUSEWAY BAY (TIN HAU)","https://search.kmb.hk/KMBWebSite/?action=routesearch&route=914&lang=zh-hk","https://search.kmb.hk/KMBWebSite/?action=routesearch&route=914&lang=zh-cn","https://search.kmb.hk/KMBWebSite/?action=routesearch&route=914&lang=en",12.2000,"06/18/23 00:00:00"
1397,"KMB+CTB",,"914X","914X","914X",1,"T",1,6.1000000000000000e+01,"海麗邨","海丽邨","HOI LAI ESTATE","銅鑼灣(天后)","铜锣湾(天后)","CAUSEWAY BAY (TIN HAU)","https://search.kmb.hk/KMBWebSite/?action=routesearch&route=914X&lang=zh-hk","https://search.kmb.hk/KMBWebSite/?action=routesearch&route=914X&lang=zh-cn","https://search.kmb.hk/KMBWebSite/?action=routesearch&route=914X&lang=en",12.2000,"06/18/23 00:00:00"
1404,"KMB",,"93M","93M","93M",1,"T",1,6.0000000000000000e+01,"將軍澳(彩明)","将军澳(彩明)","TSEUNG KWAN O (CHOI MING)","寶林","宝林","PO LAM","https://search.kmb.hk/KMBWebSite/?action=routesearch&route=93M&lang=zh-hk","https://search.kmb.hk/KMBWebSite/?action=routesearch&route=93M&lang=zh-cn","https://search.kmb.hk/KMBWebSite/?action=routesearch&route=93M&lang=en",7.1000,"01/02/25 00:00:00"
1405,"KMB",,"94","94","94",1,"R",0,2.8000000000000000e+01,"黃石碼頭","黄石码头","WONG SHEK PIER","西貢","西贡","SAI KUNG","https://search.kmb.hk/KMBWebSite/?action=routesearch&route=94&lang=zh-hk","https://search.kmb.hk/KMBWebSite/?action=routesearch&route=94&lang=zh-cn","https://search.kmb.hk/KMBWebSite/?action=routesearch&route=94&lang=en",7.8000,"03/01/24 00:00:00"
1407,"KMB+CTB",,"948P","948P","948P",1,"T",1,4.2000000000000000e+01,"長安邨","长安邨","Cheung On Estate","銅鑼灣(天后)","铜锣湾(天后)","Causeway Bay (Tin Hau)","https://search.kmb.hk/KMBWebSite/?action=routesearch&route=948P&lang=zh-hk","https://search.kmb.hk/KMBWebSite/?action=routesearch&route=948P&lang=zh-cn","https://search.kmb.hk/KMBWebSite/?action=routesearch&route=948P&lang=en",20.8000,"09/15/23 00:00:00"
1408,"KMB",,"95","95","95",1,"R",0,6.9000000000000000e+01,"翠林","翠林","TSUI LAM","九龍站","九龙站","KOWLOON STATION","https://search.kmb.hk/KMBWebSite/?action=routesearch&route=95&lang=zh-hk","https://search.kmb.hk/KMBWebSite/?action=routesearch&route=95&lang=zh-cn","https://search.kmb.hk/KMBWebSite/?action=routesearch&route=95&lang=en",8.4000,"03/22/24 00:00:00"
1409,"KMB",,"95M","95M","95M",1,"R",0,2.7000000000000000e+01,"翠林","翠林","TSUI LAM","觀塘(雅麗道)","观塘(雅丽道)","KWUN TONG (ELEGANCE ROAD)","https://search.kmb.hk/KMBWebSite/?action=routesearch&route=95M&lang=zh-hk","https://search.kmb.hk/KMBWebSite/?action=routesearch&route=95M&lang=zh-cn","https://search.kmb.hk/KMBWebSite/?action=routesearch&route=95M&lang=en",5.6000,"10/13/23 00:00:00"
1410,"KMB",,"960","960","960",1,"R",0,6.8000000000000000e+01,"屯門(建生邨)","屯门(建生邨)","TUEN MUN (KIN SANG ESTATE)","會展站","会展站","EXHIBITION CENTRE STATION","https://search.kmb.hk/KMBWebSite/?action=routesearch&route=960&lang=zh-hk","https://search.kmb.hk/KMBWebSite/?action=routesearch&route=960&lang=zh-cn","https://search.kmb.hk/KMBWebSite/?action=routesearch&route=960&lang=en",24.0000,"01/02/25 00:00:00"
1416,"KMB",,"96R","96R","96R",1,"T",1,6.9000000000000000e+01,"鑽石山站","钻石山站","DIAMOND HILL STATION","黃石碼頭","黄石码头","WONG SHEK PIER","https://search.kmb.hk/KMBWebSite/?action=routesearch&route=96R&lang=zh-hk","https://search.kmb.hk/KMBWebSite/?action=routesearch&route=96R&lang=zh-cn","https://search.kmb.hk/KMBWebSite/?action=routesearch&route=96R&lang=en",22.3000,"06/18/23 00:00:00"
1417,"KMB",,"98A","98A","98A",1,"R",0,3.1000000000000000e+01,"坑口(北) (將軍澳醫院)","坑口(北) (将军澳医院)","HANG HAU (NORTH) (TSEUNG KWAN O HOSPITAL)","牛頭角站(循環線)","牛头角站(循环线)","NGAU TAU KOK STATION (CIRCULAR)","https://search.kmb.hk/KMBWebSite/?action=routesearch&route=98A&lang=zh-hk","https://search.kmb.hk/KMBWebSite/?action=routesearch&route=98A&lang=zh-cn","https://search.kmb.hk/KMBWebSite/?action=routesearch&route=98A&lang=en",7.1000,"10/06/23 00:00:00"
1418,"KMB",,"98C","98C","98C",1,"R",0,6.2000000000000000e+01,"坑口(北)(將軍澳醫院)","坑口(北)(将军澳医院)","HANG HAU (NORTH) (TSEUNG KWAN O HOSPITAL)","美孚","美孚","MEI FOO","https://search.kmb.hk/KMBWebSite/?action=routesearch&route=98C&lang=zh-hk","https://search.kmb.hk/KMBWebSite/?action=routesearch&route=98C&lang=zh-cn","https://search.kmb.hk/KMBWebSite/?action=routesearch&route=98C&lang=en",12.1000,"10/10/24 00:00:00"
1419,"KMB",,"98D","98D","98D",1,"R",0,4.9000000000000000e+01,"坑口(北)(將軍澳醫院)","坑口(北)(将军澳医院)","HANG HAU (NORTH) (TSEUNG KWAN O HOSPITAL)","尖沙咀東","尖沙咀东","TSIM SHA TSUI EAST","https://search.kmb.hk/KMBWebSite/?action=routesearch&route=98D&lang=zh-hk","https://search.kmb.hk/KMBWebSite/?action=routesearch&route=98D&lang=zh-cn","https://search.kmb.hk/KMBWebSite/?action=routesearch&route=98D&lang=en",11.3000,"11/01/24 00:00:00"
1420,"KMB",,"98P","98P","98P",1,"T",1,5.0000000000000000e+01,"康盛花園","康盛花园","HONG SING GARDEN","尖沙咀東","尖沙咀东","TSIM SHA TSUI EAST","https://search.kmb.hk/KMBWebSite/?action=routesearch&route=98P&lang=zh-hk","https://search.kmb.hk/KMBWebSite/?action=routesearch&route=98P&lang=zh-cn","https://search.kmb.hk/KMBWebSite/?action=routesearch&route=98P&lang=en",11.3000,"06/10/23 00:00:00"
1313,"KMB",,"73K","73K","73K",1,"R",0,1.6000000000000000e+01,"上水","上水","SHEUNG SHUI","文錦渡(新屋嶺)","文锦渡(新屋岭)","MAN KAM TO(SAN UK LING)","https://search.kmb.hk/KMBWebSite/?action=routesearch&route=73K&lang=zh-hk","https://search.kmb.hk/KMBWebSite/?action=routesearch&route=73K&lang=zh-cn","https://search.kmb.hk/KMBWebSite/?action=routesearch&route=73K&lang=en",5.1000,"06/18/23 00:00:00"
1314,"KMB",,"73X","73X","73X",1,"T",1,4.6000000000000000e+01,"荃灣(如心廣場)","荃湾(如心广场)","TSUEN WAN (NINA TOWER)","大埔(富善)","大埔(富善)","TAI PO (FU SHIN)","https://search.kmb.hk/KMBWebSite/?action=routesearch&route=73X&lang=zh-hk","https://search.kmb.hk/KMBWebSite/?action=routesearch&route=73X&lang=zh-cn","https://search.kmb.hk/KMBWebSite/?action=routesearch&route=73X&lang=en",11.5000,"09/27/24 00:00:00"
1315,"KMB",,"74A","74A","74A",1,"R",0,7.4000000000000000e+01,"大埔(太和)","大埔(太和)","TAI PO (TAI WO)","啟業","启业","KAI YIP","https://search.kmb.hk/KMBWebSite/?action=routesearch&route=74A&lang=zh-hk","https://search.kmb.hk/KMBWebSite/?action=routesearch&route=74A&lang=zh-cn","https://search.kmb.hk/KMBWebSite/?action=routesearch&route=74A&lang=en",12.1000,"06/10/23 00:00:00"
1317,"KMB",,"74X","74X","74X",1,"R",0,4.5000000000000000e+01,"大埔中心","大埔中心","TAI PO CENTRAL","觀塘碼頭","观塘码头","KWUN TONG FERRY","https://search.kmb.hk/KMBWebSite/?action=routesearch&route=74X&lang=zh-hk","https://search.kmb.hk/KMBWebSite/?action=routesearch&route=74X&lang=zh-cn","https://search.kmb.hk/KMBWebSite/?action=routesearch&route=74X&lang=en",11.5000,"11/22/24 00:00:00"
1318,"KMB",,"75K","75K","75K",1,"R",0,3.6000000000000000e+01,"大美督","大美督","TAI MEI TUK","大埔墟站","大埔墟站","TAI PO MARKET STATION","https://search.kmb.hk/KMBWebSite/?action=routesearch&route=75K&lang=zh-hk","https://search.kmb.hk/KMBWebSite/?action=routesearch&route=75K&lang=zh-cn","https://search.kmb.hk/KMBWebSite/?action=routesearch&route=75K&lang=en",6.7000,"08/16/24 00:00:00"
1326,"KMB",,"8","8","8",1,"R",0,5.0000000000000000e+01,"尖沙咀碼頭","尖沙咀码头","STAR FERRY","九龍站","九龙站","KOWLOON STATION","https://search.kmb.hk/KMBWebSite/?action=routesearch&route=8&lang=zh-hk","https://search.kmb.hk/KMBWebSite/?action=routesearch&route=8&lang=zh-cn","https://search.kmb.hk/KMBWebSite/?action=routesearch&route=8&lang=en",5.8000,"08/18/23 00:00:00"
1327,"KMB",,"80","80","80",1,"R",0,4.8000000000000000e+01,"美林","美林","MEI LAM","觀塘碼頭","观塘码头","KWUN TONG FERRY","https://search.kmb.hk/KMBWebSite/?action=routesearch&route=80&lang=zh-hk","https://search.kmb.hk/KMBWebSite/?action=routesearch&route=80&lang=zh-cn","https://search.kmb.hk/KMBWebSite/?action=routesearch&route=80&lang=en",8.4000,"11/25/24 00:00:00"
1330,"KMB",,"80K","80K","80K",1,"R",0,3.4000000000000000e+01,"新翠","新翠","SUN CHUI","愉翠苑","愉翠苑","YU CHUI COURT","https://search.kmb.hk/KMBWebSite/?action=routesearch&route=80K&lang=zh-hk","https://search.kmb.hk/KMBWebSite/?action=routesearch&route=80K&lang=zh-cn","https://search.kmb.hk/KMBWebSite/?action=routesearch&route=80K&lang=en",5.8000,"12/15/23 00:00:00"
1331,"KMB",,"80M","80M","80M",1,"T",1,3.7000000000000000e+01,"穗禾苑","穗禾苑","SUI WO COURT","九龍塘站","九龙塘站","KOWLOON TONG STATION","https://search.kmb.hk/KMBWebSite/?action=routesearch&route=80M&lang=zh-hk","https://search.kmb.hk/KMBWebSite/?action=routesearch&route=80M&lang=zh-cn","https://search.kmb.hk/KMBWebSite/?action=routesearch&route=80M&lang=en",6.5000,"02/16/24 00:00:00"
1332,"KMB",,"80P","80P","80P",1,"T",1,3.7000000000000000e+01,"顯徑","显径","HIN KENG","觀塘碼頭","观塘码头","KWUN TONG FERRY","https://search.kmb.hk/KMBWebSite/?action=routesearch&route=80P&lang=zh-hk","https://search.kmb.hk/KMBWebSite/?action=routesearch&route=80P&lang=zh-cn","https://search.kmb.hk/KMBWebSite/?action=routesearch&route=80P&lang=en",8.4000,"11/22/24 00:00:00"
1333,"KMB",,"80X","80X","80X",1,"R",0,3.9000000000000000e+01,"秦石","秦石","CHUN SHEK","觀塘碼頭","观塘码头","KWUN TONG FERRY","https://search.kmb.hk/KMBWebSite/?action=routesearch&route=80X&lang=zh-hk","https://search.kmb.hk/KMBWebSite/?action=routesearch&route=80X&lang=zh-cn","https://search.kmb.hk/KMBWebSite/?action=routesearch&route=80X&lang=en",8.1000,"05/24/24 00:00:00"
1346,"KMB",,"83K","83K","83K",1,"R",0,2.8000000000000000e+01,"黃泥頭","黄泥头","WONG NAI TAU","沙田市中心(循環線)","沙田市中心(循环线)","SHA TIN CENTRAL (CIRCULAR)","https://search.kmb.hk/KMBWebSite/?action=routesearch&route=83K&lang=zh-hk","https://search.kmb.hk/KMBWebSite/?action=routesearch&route=83K&lang=zh-cn","https://search.kmb.hk/KMBWebSite/?action=routesearch&route=83K&lang=en",5.2000,"12/15/23 00:00:00"
1347,"KMB",,"83S","83S","83S",1,"T",1,1.4000000000000000e+01,"黃泥頭","黄泥头","WONG NAI TAU","沙田市中心","沙田市中心","SHATIN CENTRAL","https://search.kmb.hk/KMBWebSite/?action=routesearch&route=83S&lang=zh-hk","https://search.kmb.hk/KMBWebSite/?action=routesearch&route=83S&lang=zh-cn","https://search.kmb.hk/KMBWebSite/?action=routesearch&route=83S&lang=en",5.2000,"12/15/23 00:00:00"
1348,"KMB",,"83X","83X","83X",1,"T",1,2.9000000000000000e+01,"黃泥頭","黄泥头","WONG NAI TAU","觀塘碼頭","观塘码头","KWUN TONG FERRY","https://search.kmb.hk/KMBWebSite/?action=routesearch&route=83X&lang=zh-hk","https://search.kmb.hk/KMBWebSite/?action=routesearch&route=83X&lang=zh-cn","https://search.kmb.hk/KMBWebSite/?action=routesearch&route=83X&lang=en",8.1000,"12/20/24 00:00:00"
1349,"KMB",,"84M","84M","84M",1,"R",0,3.5000000000000000e+01,"富安花園","富安花园","CHEVALIER GARDEN","樂富","乐富","LOK FU","https://search.kmb.hk/KMBWebSite/?action=routesearch&route=84M&lang=zh-hk","https://search.kmb.hk/KMBWebSite/?action=routesearch&route=84M&lang=zh-cn","https://search.kmb.hk/KMBWebSite/?action=routesearch&route=84M&lang=en",7.5000,"01/02/25 00:00:00"
1350,"KMB",,"85","85","85",1,"R",0,5.4000000000000000e+01,"火炭駿洋邨","火炭骏洋邨","FO TAN CHUN YEUNG ESTATE","九龍城碼頭","九龙城码头","KOWLOON CITY FERRY","https://search.kmb.hk/KMBWebSite/?action=routesearch&route=85&lang=zh-hk","https://search.kmb.hk/KMBWebSite/?action=routesearch&route=85&lang=zh-cn","https://search.kmb.hk/KMBWebSite/?action=routesearch&route=85&lang=en",7.8000,"02/16/24 00:00:00"
1351,"KMB",,"85A","85A","85A",1,"R",0,5.2000000000000000e+01,"廣源","广源","KWONG YUEN","九龍城碼頭","九龙城码头","KOWLOON CITY FERRY","https://search.kmb.hk/KMBWebSite/?action=routesearch&route=85A&lang=zh-hk","https://search.kmb.hk/KMBWebSite/?action=routesearch&route=85A&lang=zh-cn","https://search.kmb.hk/KMBWebSite/?action=routesearch&route=85A&lang=en",7.8000,"09/27/24 00:00:00"
1361,"KMB",,"86A","86A","86A",1,"R",0,4.4000000000000000e+01,"沙田圍","沙田围","SHATIN WAI","長沙灣(甘泉街)","长沙湾(甘泉街)","CHEUNG SHA WAN (KOM TSUN STREET)","https://search.kmb.hk/KMBWebSite/?action=routesearch&route=86A&lang=zh-hk","https://search.kmb.hk/KMBWebSite/?action=routesearch&route=86A&lang=zh-cn","https://search.kmb.hk/KMBWebSite/?action=routesearch&route=86A&lang=en",7.8000,"05/03/24 00:00:00"
1363,"KMB",,"86C","86C","86C",1,"R",0,6.7000000000000000e+01,"利安","利安","LEE ON","長沙灣","长沙湾","CHEUNG SHA WAN","https://search.kmb.hk/KMBWebSite/?action=routesearch&route=86C&lang=zh-hk","https://search.kmb.hk/KMBWebSite/?action=routesearch&route=86C&lang=zh-cn","https://search.kmb.hk/KMBWebSite/?action=routesearch&route=86C&lang=en",10.2000,"01/02/25 00:00:00"
1364,"KMB",,"86K","86K","86K",1,"R",0,3.4000000000000000e+01,"錦英苑","锦英苑","KAM YING COURT","沙田站","沙田站","SHATIN STATION","https://search.kmb.hk/KMBWebSite/?action=routesearch&route=86K&lang=zh-hk","https://search.kmb.hk/KMBWebSite/?action=routesearch&route=86K&lang=zh-cn","https://search.kmb.hk/KMBWebSite/?action=routesearch&route=86K&lang=en",7.1000,"06/14/24 00:00:00"
1366,"KMB",,"86S","86S","86S",1,"T",1,3.0000000000000000e+01,"錦英苑","锦英苑","KAM YING COURT","沙田站","沙田站","SHATIN STATION","https://search.kmb.hk/KMBWebSite/?action=routesearch&route=86S&lang=zh-hk","https://search.kmb.hk/KMBWebSite/?action=routesearch&route=86S&lang=zh-cn","https://search.kmb.hk/KMBWebSite/?action=routesearch&route=86S&lang=en",7.1000,"04/05/24 00:00:00"
1370,"KMB",,"87B","87B","87B",1,"R",0,5.4000000000000000e+01,"新田圍","新田围","SUN TIN WAI","維港灣","维港湾","ISLAND HARBOURVIEW","https://search.kmb.hk/KMBWebSite/?action=routesearch&route=87B&lang=zh-hk","https://search.kmb.hk/KMBWebSite/?action=routesearch&route=87B&lang=zh-cn","https://search.kmb.hk/KMBWebSite/?action=routesearch&route=87B&lang=en",7.8000,"07/28/23 00:00:00"
1371,"KMB",,"87D","87D","87D",1,"R",0,6.1000000000000000e+01,"錦英苑","锦英苑","KAM YING COURT","紅磡站","红磡站","HUNG HOM STATION","https://search.kmb.hk/KMBWebSite/?action=routesearch&route=87D&lang=zh-hk","https://search.kmb.hk/KMBWebSite/?action=routesearch&route=87D&lang=zh-cn","https://search.kmb.hk/KMBWebSite/?action=routesearch&route=87D&lang=en",10.8000,"01/02/25 00:00:00"
1386,"KMB",,"89C","89C","89C",1,"R",0,5.3000000000000000e+01,"恒安","恒安","HENG ON","觀塘(翠屏道)","观塘(翠屏道)","KWUN TONG (TSUI PING ROAD)","https://search.kmb.hk/KMBWebSite/?action=routesearch&route=89C&lang=zh-hk","https://search.kmb.hk/KMBWebSite/?action=routesearch&route=89C&lang=zh-cn","https://search.kmb.hk/KMBWebSite/?action=routesearch&route=89C&lang=en",9.8000,"01/02/25 00:00:00"
1387,"KMB",,"89D","89D","89D",1,"R",0,4.4000000000000000e+01,"烏溪沙站","乌溪沙站","WU KAI SHA STATION","藍田站","蓝田站","LAM TIN STATION","https://search.kmb.hk/KMBWebSite/?action=routesearch&route=89D&lang=zh-hk","https://search.kmb.hk/KMBWebSite/?action=routesearch&route=89D&lang=zh-cn","https://search.kmb.hk/KMBWebSite/?action=routesearch&route=89D&lang=en",10.2000,"01/02/25 00:00:00"
1388,"KMB",,"89P","89P","89P",1,"T",1,3.0000000000000000e+01,"馬鞍山市中心","马鞍山市中心","MA ON SHAN TOWN CENTRE","藍田站","蓝田站","LAM TIN STATION","https://search.kmb.hk/KMBWebSite/?action=routesearch&route=89P&lang=zh-hk","https://search.kmb.hk/KMBWebSite/?action=routesearch&route=89P&lang=zh-cn","https://search.kmb.hk/KMBWebSite/?action=routesearch&route=89P&lang=en",10.2000,"12/06/24 00:00:00"
1389,"KMB",,"89X","89X","89X",1,"R",0,4.7000000000000000e+01,"沙田站","沙田站","SHATIN STATION","觀塘(翠屏道)","观塘(翠屏道)","KWUN TONG (TSUI PING ROAD)","https://search.kmb.hk/KMBWebSite/?action=routesearch&route=89X&lang=zh-hk","https://search.kmb.hk/KMBWebSite/?action=routesearch&route=89X&lang=zh-cn","https://search.kmb.hk/KMBWebSite/?action=routesearch&route=89X&lang=en",8.6000,"08/02/23 00:00:00"
1390,"KMB",,"8A","8A","8A",1,"R",0,1.9000000000000000e+01,"黃埔花園","黄埔花园","WHAMPOA GARDEN","尖沙咀(循環線)","尖沙咀(循环线)","TSIM SHA TSUI (CIRCULAR)","https://search.kmb.hk/KMBWebSite/?action=routesearch&route=8A&lang=zh-hk","https://search.kmb.hk/KMBWebSite/?action=routesearch&route=8A&lang=zh-cn","https://search.kmb.hk/KMBWebSite/?action=routesearch&route=8A&lang=en",5.1000,"06/18/23 00:00:00"
1391,"KMB",,"8P","8P","8P",1,"R",0,1.4000000000000000e+01,"海逸豪園","海逸豪园","LAGUNA VERDE","尖沙咀(循環線)","尖沙咀(循环线)","TSIM SHA TSUI (CIRCULAR)","https://search.kmb.hk/KMBWebSite/?action=routesearch&route=8P&lang=zh-hk","https://search.kmb.hk/KMBWebSite/?action=routesearch&route=8P&lang=zh-cn","https://search.kmb.hk/KMBWebSite/?action=routesearch&route=8P&lang=en",5.1000,"06/18/23 00:00:00"
1398,"KMB",,"91M","91M","91M",1,"R",0,5.0000000000000000e+01,"寶林","宝林","PO LAM","鑽石山站","钻石山站","DIAMOND HILL STATION","https://search.kmb.hk/KMBWebSite/?action=routesearch&route=91M&lang=zh-hk","https://search.kmb.hk/KMBWebSite/?action=routesearch&route=91M&lang=zh-cn","https://search.kmb.hk/KMBWebSite/?action=routesearch&route=91M&lang=en",7.1000,"05/17/24 00:00:00"
1399,"KMB",,"92","92","92",1,"R",0,3.9000000000000000e+01,"西貢","西贡","SAI KUNG","鑽石山站","钻石山站","DIAMOND HILL STATION","https://search.kmb.hk/KMBWebSite/?action=routesearch&route=92&lang=zh-hk","https://search.kmb.hk/KMBWebSite/?action=routesearch&route=92&lang=zh-cn","https://search.kmb.hk/KMBWebSite/?action=routesearch&route=92&lang=en",7.8000,"06/18/23 00:00:00"
1400,"KMB",,"934","934","934",1,"T",1,3.3000000000000000e+01,"荃灣(灣景花園)","荃湾(湾景花园)","TSUEN WAN (BAYVIEW GARDEN)","灣仔(菲林明道)","湾仔(菲林明道)","WAN CHAI (FLEMING ROAD)","https://search.kmb.hk/KMBWebSite/?action=routesearch&route=934&lang=zh-hk","https://search.kmb.hk/KMBWebSite/?action=routesearch&route=934&lang=zh-cn","https://search.kmb.hk/KMBWebSite/?action=routesearch&route=934&lang=en",20.6000,"01/02/25 00:00:00"
1401,"KMB",,"935","935","935",1,"T",1,4.2000000000000000e+01,"石籬(大隴街)","石篱(大陇街)","SHEK LEI (TAI LOONG STREET)","灣仔(菲林明道)","湾仔(菲林明道)","WAN CHAI (FLEMING ROAD)","https://search.kmb.hk/KMBWebSite/?action=routesearch&route=935&lang=zh-hk","https://search.kmb.hk/KMBWebSite/?action=routesearch&route=935&lang=zh-cn","https://search.kmb.hk/KMBWebSite/?action=routesearch&route=935&lang=en",20.6000,"07/12/24 00:00:00"
1402,"KMB",,"93A","93A","93A",1,"R",0,3.1000000000000000e+01,"寶林","宝林","PO LAM","觀塘渡輪碼頭","观塘渡轮码头","KWUN TONG FERRY PIER","https://search.kmb.hk/KMBWebSite/?action=routesearch&route=93A&lang=zh-hk","https://search.kmb.hk/KMBWebSite/?action=routesearch&route=93A&lang=zh-cn","https://search.kmb.hk/KMBWebSite/?action=routesearch&route=93A&lang=en",5.6000,"05/10/24 00:00:00"
1403,"KMB",,"93K","93K","93K",1,"R",0,5.8000000000000000e+01,"寶林","宝林","PO LAM","旺角東站","旺角东站","MONG KOK EAST STATION","https://search.kmb.hk/KMBWebSite/?action=routesearch&route=93K&lang=zh-hk","https://search.kmb.hk/KMBWebSite/?action=routesearch&route=93K&lang=zh-cn","https://search.kmb.hk/KMBWebSite/?action=routesearch&route=93K&lang=en",10.2000,"11/10/23 00:00:00"
1411,"KMB",,"960A","960A","960A",1,"T",1,8.0000000000000000e+01,"中環","中环","CENTRAL","洪水橋(洪福邨)","洪水桥(洪福邨)","HUNG SHUI KIU (HUNG FUK ESTATE)","https://search.kmb.hk/KMBWebSite/?action=routesearch&route=960A&lang=zh-hk","https://search.kmb.hk/KMBWebSite/?action=routesearch&route=960A&lang=zh-cn","https://search.kmb.hk/KMBWebSite/?action=routesearch&route=960A&lang=en",24.0000,"06/18/23 00:00:00"
1412,"KMB",,"960P","960P","960P",1,"T",1,7.3000000000000000e+01,"洪水橋(洪元路)","洪水桥(洪元路)","HUNG SHUI KIU (HUNG YUEN ROAD)","銅鑼灣(維園)","铜锣湾(维园)","CAUSEWAY BAY (VICTORIA PARK)","https://search.kmb.hk/KMBWebSite/?action=routesearch&route=960P&lang=zh-hk","https://search.kmb.hk/KMBWebSite/?action=routesearch&route=960P&lang=zh-cn","https://search.kmb.hk/KMBWebSite/?action=routesearch&route=960P&lang=en",24.0000,"09/22/23 00:00:00"
1413,"KMB",,"960S","960S","960S",1,"T",1,6.8000000000000000e+01,"屯門(富泰邨)","屯门(富泰邨)","TUEN MUN (FU TAI ESTATE)","銅鑼灣(維園)","铜锣湾(维园)","CAUSEWAY BAY (VICTORIA PARK)","https://search.kmb.hk/KMBWebSite/?action=routesearch&route=960S&lang=zh-hk","https://search.kmb.hk/KMBWebSite/?action=routesearch&route=960S&lang=zh-cn","https://search.kmb.hk/KMBWebSite/?action=routesearch&route=960S&lang=en",24.0000,"12/08/23 00:00:00"
1414,"KMB",,"961","961","961",1,"T",1,6.9000000000000000e+01,"屯門(山景邨)","屯门(山景邨)","TUEN MUN (SHAN KING ESTATE)","灣仔(會展)","湾仔(会展)","WAN CHAI (HKCECE)","https://search.kmb.hk/KMBWebSite/?action=routesearch&route=961&lang=zh-hk","https://search.kmb.hk/KMBWebSite/?action=routesearch&route=961&lang=zh-cn","https://search.kmb.hk/KMBWebSite/?action=routesearch&route=961&lang=en",24.0000,"01/02/25 00:00:00"
1415,"KMB",,"968","968","968",1,"R",0,6.1000000000000000e+01,"元朗(西)","元朗(西)","YUEN LONG (WEST)","銅鑼灣(天后)","铜锣湾(天后)","CAUSEWAY BAY (TIN HAU)","https://search.kmb.hk/KMBWebSite/?action=routesearch&route=968&lang=zh-hk","https://search.kmb.hk/KMBWebSite/?action=routesearch&route=968&lang=zh-cn","https://search.kmb.hk/KMBWebSite/?action=routesearch&route=968&lang=en",27.0000,"01/02/25 00:00:00"
1421,"KMB",,"98S","98S","98S",1,"T",1,5.9000000000000000e+01,"坑口(北)(將軍澳醫院)","坑口(北)(将军澳医院)","HANG HAU (NORTH) (TSEUNG KWAN O HOSPITAL)","美孚","美孚","MEI FOO","https://search.kmb.hk/KMBWebSite/?action=routesearch&route=98S&lang=zh-hk","https://search.kmb.hk/KMBWebSite/?action=routesearch&route=98S&lang=zh-cn","https://search.kmb.hk/KMBWebSite/?action=routesearch&route=98S&lang=en",12.1000,"11/01/24 00:00:00"
1422,"KMB",,"99","99","99",1,"R",0,3.2000000000000000e+01,"恒安","恒安","HENG ON","西貢","西贡","SAI KUNG","https://search.kmb.hk/KMBWebSite/?action=routesearch&route=99&lang=zh-hk","https://search.kmb.hk/KMBWebSite/?action=routesearch&route=99&lang=zh-cn","https://search.kmb.hk/KMBWebSite/?action=routesearch&route=99&lang=en",7.8000,"09/15/23 00:00:00"
1423,"KMB",,"98D","98D","98D",1,"T",1,5.4000000000000000e+01,"康城站","康城站","LOHAS PARK STATION","尖沙咀東","尖沙咀东","TSIM SHA TSUI EAST","https://search.kmb.hk/KMBWebSite/?action=routesearch&route=98D&lang=zh-hk","https://search.kmb.hk/KMBWebSite/?action=routesearch&route=98D&lang=zh-cn","https://search.kmb.hk/KMBWebSite/?action=routesearch&route=98D&lang=en",11.3000,"01/30/24 00:00:00"
1424,"KMB",,"K12","K12","K12",1,"R",0,9.0000000000000000e+00,"八號花園","八号花园","EIGHT LAND GARDEN","大埔墟站","大埔墟站","TAI PO MARKET STATION","https://search.kmb.hk/KMBWebSite/?action=routesearch&route=K12&lang=zh-hk","https://search.kmb.hk/KMBWebSite/?action=routesearch&route=K12&lang=zh-cn","https://search.kmb.hk/KMBWebSite/?action=routesearch&route=K12&lang=en",4.8000,"10/04/23 00:00:00"
1425,"KMB",,"K14","K14","K14",1,"T",1,7.0000000000000000e+00,"大埔太和路","大埔太和路","TAI PO CENTRAL","大埔墟站","大埔墟站","TAI PO MARKET STATION","https://search.kmb.hk/KMBWebSite/?action=routesearch&route=K14&lang=zh-hk","https://search.kmb.hk/KMBWebSite/?action=routesearch&route=K14&lang=zh-cn","https://search.kmb.hk/KMBWebSite/?action=routesearch&route=K14&lang=en",4.8000,"10/04/23 00:00:00"
1427,"KMB",,"K17","K17","K17",1,"T",1,1.0000000000000000e+01,"大埔(富善)","大埔(富善)","TAI PO (FU SHIN)","大埔墟站","大埔墟站","TAI PO MARKET STATION","https://search.kmb.hk/KMBWebSite/?action=routesearch&route=K17&lang=zh-hk","https://search.kmb.hk/KMBWebSite/?action=routesearch&route=K17&lang=zh-cn","https://search.kmb.hk/KMBWebSite/?action=routesearch&route=K17&lang=en",4.8000,"10/04/23 00:00:00"
1428,"KMB",,"K18","K18","K18",1,"T",1,8.0000000000000000e+00,"廣福","广福","KWONG FUK","大埔墟站","大埔墟站","TAI PO MARKET STATION","https://search.kmb.hk/KMBWebSite/?action=routesearch&route=K18&lang=zh-hk","https://search.kmb.hk/KMBWebSite/?action=routesearch&route=K18&lang=zh-cn","https://search.kmb.hk/KMBWebSite/?action=routesearch&route=K18&lang=en",4.8000,"10/04/23 00:00:00"
1430,"KMB+CTB",,"N121","N121","N121",1,"N",0,5.0000000000000000e+01,"中環(港澳碼頭)","中环(港澳码头)","Central (Macau Ferry)","牛頭角","牛头角","Ngau Tau Kok","https://search.kmb.hk/KMBWebSite/?action=routesearch&route=N121&lang=zh-hk","https://search.kmb.hk/KMBWebSite/?action=routesearch&route=N121&lang=zh-cn","https://search.kmb.hk/KMBWebSite/?action=routesearch&route=N121&lang=en",17.7000,"06/18/23 00:00:00"
1431,"KMB+CTB",,"N122","N122","N122",1,"N",0,7.1000000000000000e+01,"美孚","美孚","Mei Foo","筲箕灣","筲箕湾","Shau Kei Wan","https://search.kmb.hk/KMBWebSite/?action=routesearch&route=N122&lang=zh-hk","https://search.kmb.hk/KMBWebSite/?action=routesearch&route=N122&lang=zh-cn","https://search.kmb.hk/KMBWebSite/?action=routesearch&route=N122&lang=en",17.7000,"06/15/23 00:00:00"
1432,"KMB+CTB",,"N170","N170","N170",1,"N",0,5.6000000000000000e+01,"沙田巿中心","沙田巿中心","SHATIN CENTRAL","華富(中)","华富(中)","WAH FU (CENTRAL)","https://search.kmb.hk/KMBWebSite/?action=routesearch&route=N170&lang=zh-hk","https://search.kmb.hk/KMBWebSite/?action=routesearch&route=N170&lang=zh-cn","https://search.kmb.hk/KMBWebSite/?action=routesearch&route=N170&lang=en",31.2000,"06/18/23 00:00:00"
1433,"KMB+CTB",,"N171","N171","N171",1,"N",0,5.5000000000000000e+01,"荔枝角","荔枝角","Lai Chi Kok","鴨脷洲邨","鴨脷洲邨","Ap Lei Chau Estate","https://search.kmb.hk/KMBWebSite/?action=routesearch&route=N171&lang=zh-hk","https://search.kmb.hk/KMBWebSite/?action=routesearch&route=N171&lang=zh-cn","https://search.kmb.hk/KMBWebSite/?action=routesearch&route=N171&lang=en",21.7000,"06/18/23 00:00:00"
1434,"KMB+CTB",,"N182","N182","N182",1,"N",0,6.0000000000000000e+01,"廣源","广源","KWONG YUEN","中環(港澳碼頭)","中环(港澳码头)","CENTRAL (MACAU FERRY)","https://search.kmb.hk/KMBWebSite/?action=routesearch&route=N182&lang=zh-hk","https://search.kmb.hk/KMBWebSite/?action=routesearch&route=N182&lang=zh-cn","https://search.kmb.hk/KMBWebSite/?action=routesearch&route=N182&lang=en",31.2000,"06/18/23 00:00:00"
1443,"KMB",,"N281","N281","N281",1,"N",0,8.6000000000000000e+01,"錦英苑","锦英苑","KAM YING COURT","紅磡站","红磡站","HUNG HOM STATION","https://search.kmb.hk/KMBWebSite/?action=routesearch&route=N281&lang=zh-hk","https://search.kmb.hk/KMBWebSite/?action=routesearch&route=N281&lang=zh-cn","https://search.kmb.hk/KMBWebSite/?action=routesearch&route=N281&lang=en",19.4000,"06/14/24 00:00:00"
1444,"KMB",,"N293","N293","N293",1,"N",0,7.1000000000000000e+01,"尚德","尚德","SHEUNG TAK","旺角(柏景灣)","旺角(柏景湾)","MONG KOK (PARK AVENUE)","https://search.kmb.hk/KMBWebSite/?action=routesearch&route=N293&lang=zh-hk","https://search.kmb.hk/KMBWebSite/?action=routesearch&route=N293&lang=zh-cn","https://search.kmb.hk/KMBWebSite/?action=routesearch&route=N293&lang=en",19.0000,"12/22/23 00:00:00"
1445,"KMB+CTB",,"N619","N619","N619",1,"N",0,6.0000000000000000e+01,"順利","顺利","Shun Lee","中環(港澳碼頭)","中环(港澳码头)","Central (Macau Ferry)","https://search.kmb.hk/KMBWebSite/?action=routesearch&route=N619&lang=zh-hk","https://search.kmb.hk/KMBWebSite/?action=routesearch&route=N619&lang=zh-cn","https://search.kmb.hk/KMBWebSite/?action=routesearch&route=N619&lang=en",17.8000,"06/18/23 00:00:00"
1450,"LWB",,"S64P","S64P","S64P",1,"T",1,2.1000000000000000e+01,"迎東邨","迎东邨","YING TUNG ESTATE","機場(貨運及航膳區)(循環線)(經東涌發展碼頭)","机场(货运及航膳区)(循环线)(经东涌发展码头)","AIRPORT (CARGO AND CATERING AREA) (CIRCULAR) (via Tung Chung Development Pier)","https://search.kmb.hk/KMBWebSite/?action=routesearch&route=S64P&lang=zh-hk","https://search.kmb.hk/KMBWebSite/?action=routesearch&route=S64P&lang=zh-cn","https://search.kmb.hk/KMBWebSite/?action=routesearch&route=S64P&lang=en",3.8000,"06/18/23 00:00:00"
1451,"LWB",,"S64","S64","S64",1,"R",0,3.0000000000000000e+01,"東涌(逸東)","东涌(逸东)","TUNG CHUNG (YAT TUNG)","機場(循環線)","机场(循环线)","AIRPORT (CIRCULAR)","https://search.kmb.hk/KMBWebSite/?action=routesearch&route=S64&lang=zh-hk","https://search.kmb.hk/KMBWebSite/?action=routesearch&route=S64&lang=zh-cn","https://search.kmb.hk/KMBWebSite/?action=routesearch&route=S64&lang=en",3.8000,"06/18/23 00:00:00"
1460,"LWB",,"N30","N30","N30",1,"NT",1,9.0000000000000000e+01,"元朗站","元朗站","YUEN LONG STATION","機場(暢達路)","机场(畅达路)","AIRPORT (CHEONG TAT ROAD)","https://search.kmb.hk/KMBWebSite/?action=routesearch&route=N30&lang=zh-hk","https://search.kmb.hk/KMBWebSite/?action=routesearch&route=N30&lang=zh-cn","https://search.kmb.hk/KMBWebSite/?action=routesearch&route=N30&lang=en",29.0000,"01/02/25 00:00:00"
1461,"LWB",,"E42","E42","E42",1,"R",0,8.1000000000000000e+01,"博康","博康","POK HONG","機場(地面運輸中心)","机场(地面运输中心)","AIRPORT (GROUND TRANSPORTATION CENTRE)","https://search.kmb.hk/KMBWebSite/?action=routesearch&route=E42&lang=zh-hk","https://search.kmb.hk/KMBWebSite/?action=routesearch&route=E42&lang=zh-cn","https://search.kmb.hk/KMBWebSite/?action=routesearch&route=E42&lang=en",14.4000,"08/26/24 00:00:00"
1462,"LWB",,"E41","E41","E41",1,"R",0,7.9000000000000000e+01,"大埔頭","大埔头","TAI PO TAU","航天城","航天城","SKYCITY","https://search.kmb.hk/KMBWebSite/?action=routesearch&route=E41&lang=zh-hk","https://search.kmb.hk/KMBWebSite/?action=routesearch&route=E41&lang=zh-cn","https://search.kmb.hk/KMBWebSite/?action=routesearch&route=E41&lang=en",14.4000,"11/23/23 00:00:00"
1466,"LWB",,"E33","E33","E33",1,"R",0,5.8000000000000000e+01,"屯門市中心","屯门市中心","TUEN MUN CENTRAL","機場(地面運輸中心)","机场(地面运输中心)","AIRPORT (GROUND TRANSPORTATION CENTRE)","https://search.kmb.hk/KMBWebSite/?action=routesearch&route=E33&lang=zh-hk","https://search.kmb.hk/KMBWebSite/?action=routesearch&route=E33&lang=zh-cn","https://search.kmb.hk/KMBWebSite/?action=routesearch&route=E33&lang=en",12.4000,"06/10/23 00:00:00"
1467,"LWB",,"E32","E32","E32",1,"T",1,6.4000000000000000e+01,"葵芳(南)","葵芳(南)","KWAI FONG (SOUTH)","航天城","航天城","SKYCITY","https://search.kmb.hk/KMBWebSite/?action=routesearch&route=E32&lang=zh-hk","https://search.kmb.hk/KMBWebSite/?action=routesearch&route=E32&lang=zh-cn","https://search.kmb.hk/KMBWebSite/?action=routesearch&route=E32&lang=en",11.2000,"11/24/23 00:00:00"
1468,"LWB",,"E31","E31","E31",1,"R",0,6.0000000000000000e+01,"荃灣(愉景新城)","荃湾(愉景新城)","TSUEN WAN (DISCOVERY PARK)","東涌(逸東)","东涌(逸东)","TUNG CHUNG (YAT TUNG)","https://search.kmb.hk/KMBWebSite/?action=routesearch&route=E31&lang=zh-hk","https://search.kmb.hk/KMBWebSite/?action=routesearch&route=E31&lang=zh-cn","https://search.kmb.hk/KMBWebSite/?action=routesearch&route=E31&lang=en",11.2000,"06/10/23 00:00:00"
1482,"KMB+CTB",,"101","101","101",1,"R",0,6.5000000000000000e+01,"觀塘(裕民坊)","观塘(裕民坊)","Kwun Tong (Yue Man Square)","堅尼地城","坚尼地城","Kennedy Town","https://search.kmb.hk/KMBWebSite/?action=routesearch&route=101&lang=zh-hk","https://search.kmb.hk/KMBWebSite/?action=routesearch&route=101&lang=zh-cn","https://search.kmb.hk/KMBWebSite/?action=routesearch&route=101&lang=en",12.9000,"09/16/24 00:00:00"
1484,"KMB+CTB",,"102","102","102",1,"R",0,6.9000000000000000e+01,"筲箕灣","筲箕湾","SHAU KEI WAN","美孚","美孚","MEI FOO","https://search.kmb.hk/KMBWebSite/?action=routesearch&route=102&lang=zh-hk","https://search.kmb.hk/KMBWebSite/?action=routesearch&route=102&lang=zh-cn","https://search.kmb.hk/KMBWebSite/?action=routesearch&route=102&lang=en",12.9000,"07/15/24 00:00:00"
1490,"KMB+CTB",,"106P","106P","106P",1,"T",1,7.3000000000000000e+01,"小西灣(藍灣半島)","小西湾(蓝湾半岛)","Siu Sai Wan (Island Resort)","黃大仙(上午繁忙時間行走)","黄大仙(上午繁忙时间行走)","Wong Tai Sin (Morning Peak)","https://search.kmb.hk/KMBWebSite/?action=routesearch&route=106P&lang=zh-hk","https://search.kmb.hk/KMBWebSite/?action=routesearch&route=106P&lang=zh-cn","https://search.kmb.hk/KMBWebSite/?action=routesearch&route=106P&lang=en",12.9000,"06/18/23 00:00:00"
1491,"KMB+CTB",,"107","107","107",1,"R",0,5.6000000000000000e+01,"九龍灣","九龙湾","Kowloon Bay","華貴","华贵","Wah Kwai","https://search.kmb.hk/KMBWebSite/?action=routesearch&route=107&lang=zh-hk","https://search.kmb.hk/KMBWebSite/?action=routesearch&route=107&lang=zh-cn","https://search.kmb.hk/KMBWebSite/?action=routesearch&route=107&lang=en",14.7000,"06/18/23 00:00:00"
1492,"KMB+CTB",,"107P","107P","107P",1,"T",1,4.1000000000000000e+01,"紅磡(海逸豪園)","红磡(海逸豪园)","Hung Hom (Laguna Verde)","數碼港","数码港","Cyberport","https://search.kmb.hk/KMBWebSite/?action=routesearch&route=107P&lang=zh-hk","https://search.kmb.hk/KMBWebSite/?action=routesearch&route=107P&lang=zh-cn","https://search.kmb.hk/KMBWebSite/?action=routesearch&route=107P&lang=en",14.7000,"12/11/24 00:00:00"
1493,"KMB+CTB",,"106A","106A","106A",1,"T",1,4.8000000000000000e+01,"黃大仙","黄大仙","WONG TAI SIN","太古(康怡廣場)","太古(康怡广场)","TAI KOO (KORNHILL PLAZA)","https://search.kmb.hk/KMBWebSite/?action=routesearch&route=106A&lang=zh-hk","https://search.kmb.hk/KMBWebSite/?action=routesearch&route=106A&lang=zh-cn","https://search.kmb.hk/KMBWebSite/?action=routesearch&route=106A&lang=en",12.9000,"06/18/23 00:00:00"
1506,"KMB+CTB",,"118P","118P","118P",1,"T",1,3.6000000000000000e+01,"小西灣(藍灣半島)","小西湾(蓝湾半岛)","SIU SAI WAN (ISLAND RESORT)","基榮小學","基荣小学","KEI WING PRIMARY SCHOOL","https://search.kmb.hk/KMBWebSite/?action=routesearch&route=118P&lang=zh-hk","https://search.kmb.hk/KMBWebSite/?action=routesearch&route=118P&lang=zh-cn","https://search.kmb.hk/KMBWebSite/?action=routesearch&route=118P&lang=en",12.9000,"06/18/23 00:00:00"
1507,"CTB",,"12A","12A","12A",1,"T",1,1.3000000000000000e+01,"金鐘(添馬街)","金钟(添马街)","Admiralty (Tamar Street)","麥當奴道(循環線)","麦当奴道(循环线)","MacDonnell Road (Circular)","https://mobile.bravobus.com.hk/nwp3/?f=1&ds=12A&dsmode=1&l=0","https://mobile.bravobus.com.hk/nwp3/?f=1&ds=12A&dsmode=1&l=2","https://mobile.bravobus.com.hk/nwp3/?f=1&ds=12A&dsmode=1&l=1",6.1000,"06/18/23 00:00:00"
1508,"CTB",,"12M","12M","12M",1,"T",1,1.5000000000000000e+01,"金鐘(添馬街)","金钟(添马街)","Admiralty (Tamar Street)","柏道(循環線)","柏道(循环线)","Park Road (Circular)","https://mobile.bravobus.com.hk/nwp3/?f=1&ds=12M&dsmode=1&l=0","https://mobile.bravobus.com.hk/nwp3/?f=1&ds=12M&dsmode=1&l=2","https://mobile.bravobus.com.hk/nwp3/?f=1&ds=12M&dsmode=1&l=1",6.1000,"06/18/23 00:00:00"
1509,"CTB",,"13","13","13",1,"R",0,2.1000000000000000e+01,"金鐘 (添馬街)","金钟 (添马街)","Admiralty (Tamar Street)","旭龢道","旭龢道","Kotewall Road","https://mobile.bravobus.com.hk/nwp3/?f=1&ds=13&dsmode=1&l=0","https://mobile.bravobus.com.hk/nwp3/?f=1&ds=13&dsmode=1&l=2","https://mobile.bravobus.com.hk/nwp3/?f=1&ds=13&dsmode=1&l=1",6.8000,"06/10/23 00:00:00"
1511,"CTB",,"15C","15C","15C",1,"R",0,1.0000000000000000e+01,"中環 (香港摩天輪)","中环 (香港摩天轮)","Central (Hong Kong Observation Wheel)","花園道(山頂纜車總站)","花园道(山顶缆车总站)","Garden Road (Lower Peak Tram Terminus)","https://mobile.bravobus.com.hk/nwp3/?f=1&ds=15C&dsmode=1&l=0","https://mobile.bravobus.com.hk/nwp3/?f=1&ds=15C&dsmode=1&l=2","https://mobile.bravobus.com.hk/nwp3/?f=1&ds=15C&dsmode=1&l=1",6.1000,"01/20/25 00:00:00"
1513,"KMB+CTB",,"171","171","171",1,"R",0,5.6000000000000000e+01,"荔枝角","荔枝角","Lai Chi Kok","海怡半島","海怡半岛","South Horizons","https://search.kmb.hk/KMBWebSite/?action=routesearch&route=171&lang=zh-hk","https://search.kmb.hk/KMBWebSite/?action=routesearch&route=171&lang=zh-cn","https://search.kmb.hk/KMBWebSite/?action=routesearch&route=171&lang=en",14.7000,"06/18/23 00:00:00"
1523,"CTB",,"25A","25A","25A",1,"R",0,2.8000000000000000e+01,"會展站","会展站","Exhibition Centre Station","寶馬山(循環線)","宝马山(循环线)","Braemar Hill (Circular)","https://mobile.bravobus.com.hk/nwp3/?f=1&ds=25A&dsmode=1&l=0","https://mobile.bravobus.com.hk/nwp3/?f=1&ds=25A&dsmode=1&l=2","https://mobile.bravobus.com.hk/nwp3/?f=1&ds=25A&dsmode=1&l=1",5.6000,"12/14/23 00:00:00"
1525,"CTB",,"26","26","26",1,"T",1,4.0000000000000000e+01,"勵德邨","励德邨","Lai Tak Tsuen","荷李活道(循環線)","荷李活道(循环线)","Hollywood Road (Circular)","https://mobile.bravobus.com.hk/nwp3/?f=1&ds=26&dsmode=1&l=0","https://mobile.bravobus.com.hk/nwp3/?f=1&ds=26&dsmode=1&l=2","https://mobile.bravobus.com.hk/nwp3/?f=1&ds=26&dsmode=1&l=1",6.8000,"01/02/25 00:00:00"
1526,"CTB",,"260","260","260",1,"R",0,4.6000000000000000e+01,"中環(交易廣場)","中环(交易广场)","Central (Exchange Square)","赤柱市場","赤柱市场","Stanley Market","https://mobile.bravobus.com.hk/nwp3/?f=1&ds=260&dsmode=1&l=0","https://mobile.bravobus.com.hk/nwp3/?f=1&ds=260&dsmode=1&l=2","https://mobile.bravobus.com.hk/nwp3/?f=1&ds=260&dsmode=1&l=1",15.1000,"01/02/25 00:00:00"
1527,"CTB",,"27","27","27",1,"R",0,1.6000000000000000e+01,"北角碼頭","北角码头","North Point Ferry","寶馬山(循環線)","宝马山(循环线)","Braemar Hill (Circular)","https://mobile.bravobus.com.hk/nwp3/?f=1&ds=27&dsmode=1&l=0","https://mobile.bravobus.com.hk/nwp3/?f=1&ds=27&dsmode=1&l=2","https://mobile.bravobus.com.hk/nwp3/?f=1&ds=27&dsmode=1&l=1",5.9000,"12/11/23 00:00:00"
1528,"CTB",,"2A","2A","2A",1,"R",0,3.4000000000000000e+01,"耀東邨","耀东邨","Yiu Tung Estate","會展站","会展站","Exhibition Centre Station","https://mobile.bravobus.com.hk/nwp3/?f=1&ds=2A&dsmode=1&l=0","https://mobile.bravobus.com.hk/nwp3/?f=1&ds=2A&dsmode=1&l=2","https://mobile.bravobus.com.hk/nwp3/?f=1&ds=2A&dsmode=1&l=1",5.5000,"01/02/25 00:00:00"
1529,"CTB",,"2X","2X","2X",1,"R",0,5.7000000000000000e+01,"嘉亨灣","嘉亨湾","Grand Promenade","會展站","会展站","Exhibition Centre Station","https://mobile.bravobus.com.hk/nwp3/?f=1&ds=2X&dsmode=1&l=0","https://mobile.bravobus.com.hk/nwp3/?f=1&ds=2X&dsmode=1&l=2","https://mobile.bravobus.com.hk/nwp3/?f=1&ds=2X&dsmode=1&l=1",7.7000,"01/02/25 00:00:00"
1546,"CTB",,"40M","40M","40M",1,"T",1,4.7000000000000000e+01,"華富(北)","华富(北)","Wah Fu (North)","會展站","会展站","Exhibition Centre Station","https://mobile.bravobus.com.hk/nwp3/?f=1&ds=40M&dsmode=1&l=0","https://mobile.bravobus.com.hk/nwp3/?f=1&ds=40M&dsmode=1&l=2","https://mobile.bravobus.com.hk/nwp3/?f=1&ds=40M&dsmode=1&l=1",7.5000,"01/02/25 00:00:00"
1547,"CTB",,"42","42","42",1,"T",1,3.7000000000000000e+01,"華富(南)","华富(南)","Wah Fu (South)","北角碼頭","北角码头","North Point Ferry","https://mobile.bravobus.com.hk/nwp3/?f=1&ds=42&dsmode=1&l=0","https://mobile.bravobus.com.hk/nwp3/?f=1&ds=42&dsmode=1&l=2","https://mobile.bravobus.com.hk/nwp3/?f=1&ds=42&dsmode=1&l=1",9.4000,"08/25/23 00:00:00"
1550,"CTB",,"47P","47P","47P",1,"T",1,5.4000000000000000e+01,"堅尼地城 (卑路乍灣)","坚尼地城 (卑路乍湾)","Kennedy Town (Belcher Bay)","黃竹坑","黄竹坑","Wong Chuk Hang","https://mobile.bravobus.com.hk/nwp3/?f=1&ds=47P&dsmode=1&l=0","https://mobile.bravobus.com.hk/nwp3/?f=1&ds=47P&dsmode=1&l=2","https://mobile.bravobus.com.hk/nwp3/?f=1&ds=47P&dsmode=1&l=1",7.1000,"12/11/24 00:00:00"
1552,"CTB",,"511","511","511",1,"T",1,3.3000000000000000e+01,"大坑徑","大坑径","Tai Hang Drive","中環 (中環碼頭)","中环 (中环码头)","Central (Central Ferry Piers)","https://mobile.bravobus.com.hk/nwp3/?f=1&ds=511&dsmode=1&l=0","https://mobile.bravobus.com.hk/nwp3/?f=1&ds=511&dsmode=1&l=2","https://mobile.bravobus.com.hk/nwp3/?f=1&ds=511&dsmode=1&l=1",8.6000,"06/18/23 00:00:00"
1553,"CTB",,"85P","85P","85P",1,"T",1,4.1000000000000000e+01,"小西灣 (富欣花園)","小西湾 (富欣花园)","Siu Sai Wan (Harmony Garden)","寶馬山","宝马山","Braemar Hill","https://mobile.bravobus.com.hk/nwp3/?f=1&ds=85P&dsmode=1&l=0","https://mobile.bravobus.com.hk/nwp3/?f=1&ds=85P&dsmode=1&l=2","https://mobile.bravobus.com.hk/nwp3/?f=1&ds=85P&dsmode=1&l=1",7.7000,"06/18/23 00:00:00"
1555,"CTB",,"592","592","592",1,"R",0,3.0000000000000000e+01,"海怡半島","海怡半岛","South Horizons","銅鑼灣(摩頓台)","铜锣湾(摩顿台)","Causeway Bay (Moreton Terrace)","https://mobile.bravobus.com.hk/nwp3/?f=1&ds=592&dsmode=1&l=0","https://mobile.bravobus.com.hk/nwp3/?f=1&ds=592&dsmode=1&l=2","https://mobile.bravobus.com.hk/nwp3/?f=1&ds=592&dsmode=1&l=1",6.6000,"01/02/25 00:00:00"
1565,"KMB+CTB",,"601P","601P","601P",1,"T",1,4.2000000000000000e+01,"寶達","宝达","PO TAT","上環","上环","SHEUNG WAN","https://search.kmb.hk/KMBWebSite/?action=routesearch&route=601P&lang=zh-hk","https://search.kmb.hk/KMBWebSite/?action=routesearch&route=601P&lang=zh-cn","https://search.kmb.hk/KMBWebSite/?action=routesearch&route=601P&lang=en",12.9000,"06/18/23 00:00:00"
1566,"KMB+CTB",,"601P","601P","601P",1,"T",1,5.0000000000000000e+01,"上環","上环","Sheung Wan","寶達","宝达","PO TAT","https://search.kmb.hk/KMBWebSite/?action=routesearch&route=601P&lang=zh-hk","https://search.kmb.hk/KMBWebSite/?action=routesearch&route=601P&lang=zh-cn","https://search.kmb.hk/KMBWebSite/?action=routesearch&route=601P&lang=en",12.9000,"06/18/23 00:00:00"
1568,"KMB+CTB",,"104","104","104",1,"T",1,4.6000000000000000e+01,"澤安邨","泽安邨","CHAK ON ESTATE","中環街市","中环街市","CENTRAL MARKET","https://search.kmb.hk/KMBWebSite/?action=routesearch&route=104&lang=zh-hk","https://search.kmb.hk/KMBWebSite/?action=routesearch&route=104&lang=zh-cn","https://search.kmb.hk/KMBWebSite/?action=routesearch&route=104&lang=en",12.9000,"06/18/23 00:00:00"
1569,"KMB+CTB",,"118","118","118",1,"T",1,4.9000000000000000e+01,"柴灣(康翠臺)","柴湾(康翠台)","CHAI WAN (GREENWOOD TERRACE)","長沙灣(深旺道)","长沙湾(深旺道)","CHEUNG SHA WAN (SHAM MONG ROAD)","https://search.kmb.hk/KMBWebSite/?action=routesearch&route=118&lang=zh-hk","https://search.kmb.hk/KMBWebSite/?action=routesearch&route=118&lang=zh-cn","https://search.kmb.hk/KMBWebSite/?action=routesearch&route=118&lang=en",12.9000,"08/11/23 00:00:00"
1571,"CTB",,"4","4","4",1,"T",1,3.8000000000000000e+01,"黃竹坑","黄竹坑","Wong Chuk Hang","中環(途經中環碼頭)","中环(途经中环码头)","Central (via Central Piers)","https://mobile.bravobus.com.hk/nwp3/?f=1&ds=4&dsmode=1&l=0","https://mobile.bravobus.com.hk/nwp3/?f=1&ds=4&dsmode=1&l=2","https://mobile.bravobus.com.hk/nwp3/?f=1&ds=4&dsmode=1&l=1",7.7000,"01/02/25 00:00:00"
1572,"CTB",,"42C","42C","42C",1,"T",1,3.7000000000000000e+01,"數碼港","数码港","Cyberport","北角碼頭","北角码头","North Point Ferry","https://mobile.bravobus.com.hk/nwp3/?f=1&ds=42C&dsmode=1&l=0","https://mobile.bravobus.com.hk/nwp3/?f=1&ds=42C&dsmode=1&l=2","https://mobile.bravobus.com.hk/nwp3/?f=1&ds=42C&dsmode=1&l=1",9.4000,"09/20/24 00:00:00"
1435,"KMB",,"N216","N216","N216",1,"N",0,7.0000000000000000e+01,"油塘","油塘","YAU TONG","紅磡站","红磡站","HUNG HOM STATION","https://search.kmb.hk/KMBWebSite/?action=routesearch&route=N216&lang=zh-hk","https://search.kmb.hk/KMBWebSite/?action=routesearch&route=N216&lang=zh-cn","https://search.kmb.hk/KMBWebSite/?action=routesearch&route=N216&lang=en",15.4000,"03/15/24 00:00:00"
1436,"KMB",,"N237","N237","N237",1,"N",0,2.9000000000000000e+01,"美孚","美孚","MEI FOO","葵盛(循環線)","葵盛(循环线)","KWAI SHING(CIRCULAR)","https://search.kmb.hk/KMBWebSite/?action=routesearch&route=N237&lang=zh-hk","https://search.kmb.hk/KMBWebSite/?action=routesearch&route=N237&lang=zh-cn","https://search.kmb.hk/KMBWebSite/?action=routesearch&route=N237&lang=en",10.4000,"06/18/23 00:00:00"
1437,"KMB",,"N241","N241","N241",1,"N",0,7.8000000000000000e+01,"紅磡站","红磡站","HUNG HOM STATION","青衣(長宏邨)","青衣(长宏邨)","TSING YI (CHEUNG WANG ESTATE)","https://search.kmb.hk/KMBWebSite/?action=routesearch&route=N241&lang=zh-hk","https://search.kmb.hk/KMBWebSite/?action=routesearch&route=N241&lang=zh-cn","https://search.kmb.hk/KMBWebSite/?action=routesearch&route=N241&lang=en",17.9000,"01/02/25 00:00:00"
1438,"KMB",,"N260","N260","N260",1,"N",0,7.7000000000000000e+01,"屯門碼頭","屯门码头","TUEN MUN PIER HEAD","美孚","美孚","MEI FOO","https://search.kmb.hk/KMBWebSite/?action=routesearch&route=N260&lang=zh-hk","https://search.kmb.hk/KMBWebSite/?action=routesearch&route=N260&lang=zh-cn","https://search.kmb.hk/KMBWebSite/?action=routesearch&route=N260&lang=en",12.7000,"06/21/24 00:00:00"
1439,"KMB",,"N269","N269","N269",1,"N",0,8.3000000000000000e+01,"天慈","天慈","TIN TSZ","美孚","美孚","MEI FOO","https://search.kmb.hk/KMBWebSite/?action=routesearch&route=N269&lang=zh-hk","https://search.kmb.hk/KMBWebSite/?action=routesearch&route=N269&lang=zh-cn","https://search.kmb.hk/KMBWebSite/?action=routesearch&route=N269&lang=en",14.3000,"04/12/24 00:00:00"
1441,"KMB",,"N271","N271","N271",1,"N",0,7.0000000000000000e+01,"大埔(富亨)","大埔(富亨)","TAI PO (FU HENG)","紅磡站","红磡站","HUNG HOM STATION","https://search.kmb.hk/KMBWebSite/?action=routesearch&route=N271&lang=zh-hk","https://search.kmb.hk/KMBWebSite/?action=routesearch&route=N271&lang=zh-cn","https://search.kmb.hk/KMBWebSite/?action=routesearch&route=N271&lang=en",21.8000,"01/02/25 00:00:00"
1452,"LWB+CTB",,"S1","S1","S1",1,"R",0,2.1000000000000000e+01,"東涌站","东涌站","TUNG CHUNG STATION","機場(循環線)","机场(循环线)","AIRPORT (CIRCULAR)","https://search.kmb.hk/KMBWebSite/?action=routesearch&route=S1&lang=zh-hk","https://search.kmb.hk/KMBWebSite/?action=routesearch&route=S1&lang=zh-cn","https://search.kmb.hk/KMBWebSite/?action=routesearch&route=S1&lang=en",3.7000,"03/08/24 00:00:00"
1453,"LWB+CTB",,"R8","R8","R8",1,"T",1,1.7000000000000000e+01,"迪士尼樂園","迪士尼乐园","Disneyland","青嶼幹線轉車站(循環線)(不經迪欣湖)","青屿干线转车站(循环线)(不经迪欣湖)","Lantau Link Interchange (Circular) (Omit Inspiration Lake)","https://search.kmb.hk/KMBWebSite/?action=routesearch&route=R8&lang=zh-hk","https://search.kmb.hk/KMBWebSite/?action=routesearch&route=R8&lang=zh-cn","https://search.kmb.hk/KMBWebSite/?action=routesearch&route=R8&lang=en",7.4000,"01/02/24 00:00:00"
1457,"LWB",,"N42A","N42A","N42A",1,"NT",1,1.1500000000000000e+02,"粉嶺(聯和墟)","粉岭(联和墟)","FANLING (LUEN WO HUI)","東涌站","东涌站","TUNG CHUNG STATION","https://search.kmb.hk/KMBWebSite/?action=routesearch&route=N42A&lang=zh-hk","https://search.kmb.hk/KMBWebSite/?action=routesearch&route=N42A&lang=zh-cn","https://search.kmb.hk/KMBWebSite/?action=routesearch&route=N42A&lang=en",31.1000,"06/18/23 00:00:00"
1458,"LWB",,"N42","N42","N42",1,"NT",1,1.0500000000000000e+02,"耀安巴士總站","耀安巴士总站","YIU ON BUS TERMINUS","東涌站","东涌站","TUNG CHUNG STATION","https://search.kmb.hk/KMBWebSite/?action=routesearch&route=N42&lang=zh-hk","https://search.kmb.hk/KMBWebSite/?action=routesearch&route=N42&lang=zh-cn","https://search.kmb.hk/KMBWebSite/?action=routesearch&route=N42&lang=en",27.9000,"10/02/24 00:00:00"
1459,"LWB",,"N31","N31","N31",1,"N",0,7.7000000000000000e+01,"荃灣(愉景新城)","荃湾(愉景新城)","TSUEN WAN (DISCOVERY PARK)","機場(地面運輸中心)","机场(地面运输中心)","AIRPORT (GROUND TRANSPORTATION CENTRE)","https://search.kmb.hk/KMBWebSite/?action=routesearch&route=N31&lang=zh-hk","https://search.kmb.hk/KMBWebSite/?action=routesearch&route=N31&lang=zh-cn","https://search.kmb.hk/KMBWebSite/?action=routesearch&route=N31&lang=en",22.3000,"09/22/23 00:00:00"
1469,"LWB",,"A43","A43","A43",1,"R",0,9.5000000000000000e+01,"粉嶺(聯和墟)","粉岭(联和墟)","FANLING (LUEN WO HUI)","機場(地面運輸中心)","机场(地面运输中心)","AIRPORT (GROUND TRANSPORTATION CENTRE)","https://search.kmb.hk/KMBWebSite/?action=routesearch&route=A43&lang=zh-hk","https://search.kmb.hk/KMBWebSite/?action=routesearch&route=A43&lang=zh-cn","https://search.kmb.hk/KMBWebSite/?action=routesearch&route=A43&lang=en",32.4000,"06/18/24 00:00:00"
1470,"LWB",,"A41P","A41P","A41P",1,"R",0,9.3000000000000000e+01,"烏溪沙站","乌溪沙站","WU KAI SHA STATION","機場(地面運輸中心)","机场(地面运输中心)","AIRPORT (GROUND TRANSPORTATION CENTRE)","https://search.kmb.hk/KMBWebSite/?action=routesearch&route=A41P&lang=zh-hk","https://search.kmb.hk/KMBWebSite/?action=routesearch&route=A41P&lang=zh-cn","https://search.kmb.hk/KMBWebSite/?action=routesearch&route=A41P&lang=en",29.0000,"12/13/24 00:00:00"
1473,"LWB",,"A31","A31","A31",1,"R",0,8.7000000000000000e+01,"荃灣(如心廣場)","荃湾(如心广场)","TSUEN WAN (NINA TOWER)","機場(地面運輸中心)","机场(地面运输中心)","AIRPORT (GROUND TRANSPORTATION CENTRE)","https://search.kmb.hk/KMBWebSite/?action=routesearch&route=A31&lang=zh-hk","https://search.kmb.hk/KMBWebSite/?action=routesearch&route=A31&lang=zh-cn","https://search.kmb.hk/KMBWebSite/?action=routesearch&route=A31&lang=en",19.8000,"12/13/24 00:00:00"
1474,"LWB",,"E33P","E33P","E33P",1,"R",0,7.6000000000000000e+01,"兆康站(南)","兆康站(南)","SIU HONG STATION (SOUTH)","機場(地面運輸中心)","机场(地面运输中心)","AIRPORT (GROUND TRANSPORTATION CENTRE)","https://search.kmb.hk/KMBWebSite/?action=routesearch&route=E33P&lang=zh-hk","https://search.kmb.hk/KMBWebSite/?action=routesearch&route=E33P&lang=zh-cn","https://search.kmb.hk/KMBWebSite/?action=routesearch&route=E33P&lang=en",12.4000,"06/10/23 00:00:00"
1475,"CTB",,"H1","H1","H1",1,"T",1,6.4000000000000000e+01,"中環 (天星碼頭)","中环 (天星码头)","Central (Star Ferry)","尖沙咀","尖沙咀","Tsim Sha Tsui","https://mobile.bravobus.com.hk/nwp3/?f=1&ds=H1&dsmode=1&l=0","https://mobile.bravobus.com.hk/nwp3/?f=1&ds=H1&dsmode=1&l=2","https://mobile.bravobus.com.hk/nwp3/?f=1&ds=H1&dsmode=1&l=1",47.6000,"04/02/24 00:00:00"
1480,"CTB",,"1","1","1",1,"R",0,2.8000000000000000e+01,"中環 (港澳碼頭)","中环 (港澳码头)","Central (Macau Ferry)","跑馬地(上)","跑马地(上)","Happy Valley (Upper)","https://mobile.bravobus.com.hk/nwp3/?f=1&ds=1&dsmode=1&l=0","https://mobile.bravobus.com.hk/nwp3/?f=1&ds=1&dsmode=1&l=2","https://mobile.bravobus.com.hk/nwp3/?f=1&ds=1&dsmode=1&l=1",4.8000,"10/04/24 00:00:00"
1495,"CTB",,"11","11","11",1,"T",1,3.9000000000000000e+01,"中環碼頭","中环码头","Central (Ferry Piers)","渣甸山(循環線)(星期日及公眾假期班次，不經雪廠街)","渣甸山(循环线)(星期日及公众假期班次，不经雪厂街)","Jardine's Lookout (Circular) (Sunday & Public Holiday departure, omit Ice House Street)","https://mobile.bravobus.com.hk/nwp3/?f=1&ds=11&dsmode=1&l=0","https://mobile.bravobus.com.hk/nwp3/?f=1&ds=11&dsmode=1&l=2","https://mobile.bravobus.com.hk/nwp3/?f=1&ds=11&dsmode=1&l=1",8.6000,"01/02/25 00:00:00"
1497,"KMB+CTB",,"111","111","111",1,"R",0,4.4000000000000000e+01,"坪石 / 彩虹站","坪石 / 彩虹站","PING SHEK / CHOI HUNG STATION","中環(港澳碼頭)","中环(港澳码头)","CENTRAL (MACAU FERRY)","https://search.kmb.hk/KMBWebSite/?action=routesearch&route=111&lang=zh-hk","https://search.kmb.hk/KMBWebSite/?action=routesearch&route=111&lang=zh-cn","https://search.kmb.hk/KMBWebSite/?action=routesearch&route=111&lang=en",12.2000,"10/10/24 00:00:00"
1498,"KMB+CTB",,"111P","111P","111P",1,"T",1,4.3000000000000000e+01,"彩福","彩福","CHOI FOOK","中環(港澳碼頭)","中环(港澳码头)","CENTRAL (MACAU FERRY)","https://search.kmb.hk/KMBWebSite/?action=routesearch&route=111P&lang=zh-hk","https://search.kmb.hk/KMBWebSite/?action=routesearch&route=111P&lang=zh-cn","https://search.kmb.hk/KMBWebSite/?action=routesearch&route=111P&lang=en",12.2000,"10/10/24 00:00:00"
1499,"KMB+CTB",,"113","113","113",1,"R",0,7.3000000000000000e+01,"彩虹","彩虹","Choi Hung","堅尼地城 (卑路乍灣)","坚尼地城 (卑路乍湾)","Kennedy Town (Belcher Bay)","https://search.kmb.hk/KMBWebSite/?action=routesearch&route=113&lang=zh-hk","https://search.kmb.hk/KMBWebSite/?action=routesearch&route=113&lang=zh-cn","https://search.kmb.hk/KMBWebSite/?action=routesearch&route=113&lang=en",12.9000,"08/16/24 00:00:00"
1505,"KMB+CTB",,"118P","118P","118P",1,"T",1,5.4000000000000000e+01,"小西灣(藍灣半島)","小西湾(蓝湾半岛)","SIU SAI WAN (ISLAND RESORT)","長沙灣(深旺道)","长沙湾(深旺道)","CHEUNG SHA WAN (SHAM MONG ROAD)","https://search.kmb.hk/KMBWebSite/?action=routesearch&route=118P&lang=zh-hk","https://search.kmb.hk/KMBWebSite/?action=routesearch&route=118P&lang=zh-cn","https://search.kmb.hk/KMBWebSite/?action=routesearch&route=118P&lang=en",12.9000,"09/05/24 00:00:00"
1514,"KMB+CTB",,"171P","171P","171P",1,"T",1,5.1000000000000000e+01,"海怡半島","海怡半岛","South Horizons","荔枝角","荔枝角","Lai Chi Kok","https://search.kmb.hk/KMBWebSite/?action=routesearch&route=171P&lang=zh-hk","https://search.kmb.hk/KMBWebSite/?action=routesearch&route=171P&lang=zh-cn","https://search.kmb.hk/KMBWebSite/?action=routesearch&route=171P&lang=en",14.7000,"06/18/23 00:00:00"
1515,"KMB+CTB",,"171A","171A","171A",1,"T",1,5.4000000000000000e+01,"利東邨","利东邨","Lei Tung Estate","荔枝角","荔枝角","Lai Chi Kok","https://search.kmb.hk/KMBWebSite/?action=routesearch&route=171A&lang=zh-hk","https://search.kmb.hk/KMBWebSite/?action=routesearch&route=171A&lang=zh-cn","https://search.kmb.hk/KMBWebSite/?action=routesearch&route=171A&lang=en",14.7000,"06/18/23 00:00:00"
1516,"CTB",,"18","18","18",1,"T",1,2.3000000000000000e+01,"北角(健康中街)","北角(健康中街)","North Point (Healthy Street Central)","上環","上环","Sheung Wan","https://mobile.bravobus.com.hk/nwp3/?f=1&ds=18&dsmode=1&l=0","https://mobile.bravobus.com.hk/nwp3/?f=1&ds=18&dsmode=1&l=2","https://mobile.bravobus.com.hk/nwp3/?f=1&ds=18&dsmode=1&l=1",7.0000,"06/18/23 00:00:00"
1519,"CTB",,"2","2","2",1,"R",0,5.8000000000000000e+01,"嘉亨灣","嘉亨湾","Grand Promenade","中環 (港澳碼頭)","中环 (港澳码头)","Central (Macau Ferry)","https://mobile.bravobus.com.hk/nwp3/?f=1&ds=2&dsmode=1&l=0","https://mobile.bravobus.com.hk/nwp3/?f=1&ds=2&dsmode=1&l=2","https://mobile.bravobus.com.hk/nwp3/?f=1&ds=2&dsmode=1&l=1",5.5000,"01/10/24 00:00:00"
1520,"CTB",,"23","23","23",1,"R",0,4.2000000000000000e+01,"北角碼頭","北角码头","North Point Ferry","蒲飛路","蒲飞路","Pokfield Road","https://mobile.bravobus.com.hk/nwp3/?f=1&ds=23&dsmode=1&l=0","https://mobile.bravobus.com.hk/nwp3/?f=1&ds=23&dsmode=1&l=2","https://mobile.bravobus.com.hk/nwp3/?f=1&ds=23&dsmode=1&l=1",9.4000,"01/02/25 00:00:00"
1522,"CTB",,"25","25","25",1,"R",0,3.9000000000000000e+01,"中環 (3 號碼頭)","中环 (3 号码头)","Central (Piers 3)","寶馬山(循環線)","宝马山(循环线)","Braemar Hill (Circular)","https://mobile.bravobus.com.hk/nwp3/?f=1&ds=25&dsmode=1&l=0","https://mobile.bravobus.com.hk/nwp3/?f=1&ds=25&dsmode=1&l=2","https://mobile.bravobus.com.hk/nwp3/?f=1&ds=25&dsmode=1&l=1",9.4000,"01/02/25 00:00:00"
1531,"KMB+CTB",,"302","302","302",1,"T",1,4.7000000000000000e+01,"慈雲山(北)","慈云山(北)","Tsz Wan Shan (North)","上環","上环","Sheung Wan","https://search.kmb.hk/KMBWebSite/?action=routesearch&route=302&lang=zh-hk","https://search.kmb.hk/KMBWebSite/?action=routesearch&route=302&lang=zh-cn","https://search.kmb.hk/KMBWebSite/?action=routesearch&route=302&lang=en",13.8000,"06/18/23 00:00:00"
1537,"CTB",,"37A","37A","37A",1,"R",0,4.0000000000000000e+01,"置富花園","置富花园","Chi Fu Fa Yuen","金鐘(循環線)","金钟(循环线)","Admiralty (Circular)","https://mobile.bravobus.com.hk/nwp3/?f=1&ds=37A&dsmode=1&l=0","https://mobile.bravobus.com.hk/nwp3/?f=1&ds=37A&dsmode=1&l=2","https://mobile.bravobus.com.hk/nwp3/?f=1&ds=37A&dsmode=1&l=1",6.6000,"07/03/24 00:00:00"
1538,"CTB",,"37B","37B","37B",1,"R",0,4.3000000000000000e+01,"置富花園","置富花园","Chi Fu Fa Yuen","中環(循環線)","中环(循环线)","Central (Circular)","https://mobile.bravobus.com.hk/nwp3/?f=1&ds=37B&dsmode=1&l=0","https://mobile.bravobus.com.hk/nwp3/?f=1&ds=37B&dsmode=1&l=2","https://mobile.bravobus.com.hk/nwp3/?f=1&ds=37B&dsmode=1&l=1",6.6000,"01/02/25 00:00:00"
1539,"CTB",,"37X","37X","37X",1,"T",1,3.5000000000000000e+01,"置富花園","置富花园","Chi Fu Fa Yuen","中環(循環線)","中环(循环线)","Central (Circular)","https://mobile.bravobus.com.hk/nwp3/?f=1&ds=37X&dsmode=1&l=0","https://mobile.bravobus.com.hk/nwp3/?f=1&ds=37X&dsmode=1&l=2","https://mobile.bravobus.com.hk/nwp3/?f=1&ds=37X&dsmode=1&l=1",6.6000,"07/03/24 00:00:00"
1543,"CTB",,"3A","3A","3A",1,"T",1,2.5000000000000000e+01,"中環(天星碼頭)","中环(天星码头)","Central (Star Ferry)","摩星嶺","摩星岭","Felix Villas","https://mobile.bravobus.com.hk/nwp3/?f=1&ds=3A&dsmode=1&l=0","https://mobile.bravobus.com.hk/nwp3/?f=1&ds=3A&dsmode=1&l=2","https://mobile.bravobus.com.hk/nwp3/?f=1&ds=3A&dsmode=1&l=1",7.7000,"06/18/23 00:00:00"
1545,"CTB",,"4","4","4",1,"T",1,3.6000000000000000e+01,"華富(南)","华富(南)","Wah Fu (South)","中環","中环","Central","https://mobile.bravobus.com.hk/nwp3/?f=1&ds=4&dsmode=1&l=0","https://mobile.bravobus.com.hk/nwp3/?f=1&ds=4&dsmode=1&l=2","https://mobile.bravobus.com.hk/nwp3/?f=1&ds=4&dsmode=1&l=1",7.7000,"01/02/25 00:00:00"
1556,"CTB",,"595","595","595",1,"R",0,1.7000000000000000e+01,"海怡半島","海怡半岛","South Horizons","石排灣 (循環線)","石排湾 (循环线)","Shek Pai Wan (Circular)","https://mobile.bravobus.com.hk/nwp3/?f=1&ds=595&dsmode=1&l=0","https://mobile.bravobus.com.hk/nwp3/?f=1&ds=595&dsmode=1&l=2","https://mobile.bravobus.com.hk/nwp3/?f=1&ds=595&dsmode=1&l=1",4.2000,"01/02/25 00:00:00"
1557,"CTB",,"5B","5B","5B",1,"R",0,5.6000000000000000e+01,"摩星嶺","摩星岭","Felix Villas","香港大球場","香港大球场","Hong Kong Stadium","https://mobile.bravobus.com.hk/nwp3/?f=1&ds=5B&dsmode=1&l=0","https://mobile.bravobus.com.hk/nwp3/?f=1&ds=5B&dsmode=1&l=2","https://mobile.bravobus.com.hk/nwp3/?f=1&ds=5B&dsmode=1&l=1",4.8000,"10/04/24 00:00:00"
1561,"CTB",,"5X","5X","5X",1,"R",0,5.1000000000000000e+01,"堅尼地城","坚尼地城","Kennedy Town","銅鑼灣(威非路道)","铜锣湾(威非路道)","Causeway Bay (Whitfield Road)","https://mobile.bravobus.com.hk/nwp3/?f=1&ds=5X&dsmode=1&l=0","https://mobile.bravobus.com.hk/nwp3/?f=1&ds=5X&dsmode=1&l=2","https://mobile.bravobus.com.hk/nwp3/?f=1&ds=5X&dsmode=1&l=1",6.1000,"01/02/25 00:00:00"
1562,"CTB",,"702A","702A","702A",1,"T",1,3.3000000000000000e+01,"海盈邨","海盈邨","Hoi Ying Estate","白田邨","白田邨","Pak Tin Estate","https://mobile.bravobus.com.hk/nwp3/?f=1&ds=702A&dsmode=1&l=0","https://mobile.bravobus.com.hk/nwp3/?f=1&ds=702A&dsmode=1&l=2","https://mobile.bravobus.com.hk/nwp3/?f=1&ds=702A&dsmode=1&l=1",5.0000,"06/18/23 00:00:00"
1563,"KMB+CTB",,"606","606","606",1,"T",1,7.7000000000000000e+01,"彩雲","彩云","Choi Wan","小西灣(藍灣半島)(經彩霞道)","小西湾(蓝湾半岛)(经彩霞道)","Siu Sai Wan (Island Resort) (via Choi Ha Road)","https://search.kmb.hk/KMBWebSite/?action=routesearch&route=606&lang=zh-hk","https://search.kmb.hk/KMBWebSite/?action=routesearch&route=606&lang=zh-cn","https://search.kmb.hk/KMBWebSite/?action=routesearch&route=606&lang=en",12.9000,"06/28/24 00:00:00"
1564,"KMB+CTB",,"680","680","680",1,"T",1,7.7000000000000000e+01,"利安","利安","LEE ON","金鐘站(東)(經頌安邨)","金钟站(东)(经颂安邨)","ADMIRALTY STATION (EAST) (via Chung On Estate)","https://search.kmb.hk/KMBWebSite/?action=routesearch&route=680&lang=zh-hk","https://search.kmb.hk/KMBWebSite/?action=routesearch&route=680&lang=zh-cn","https://search.kmb.hk/KMBWebSite/?action=routesearch&route=680&lang=en",24.4000,"06/14/24 00:00:00"
1573,"CTB",,"63","63","63",1,"T",1,5.7000000000000000e+01,"北角碼頭","北角码头","North Point Ferry","赤柱市場","赤柱市场","Stanley Market","https://mobile.bravobus.com.hk/nwp3/?f=1&ds=63&dsmode=1&l=0","https://mobile.bravobus.com.hk/nwp3/?f=1&ds=63&dsmode=1&l=2","https://mobile.bravobus.com.hk/nwp3/?f=1&ds=63&dsmode=1&l=1",12.1000,"06/18/23 00:00:00"
1576,"CTB",,"66","66","66",1,"T",1,5.0000000000000000e+01,"中環(交易廣場)","中环(交易广场)","Central (Exchange Square)","馬坑邨","马坑邨","Ma Hang Estate","https://mobile.bravobus.com.hk/nwp3/?f=1&ds=66&dsmode=1&l=0","https://mobile.bravobus.com.hk/nwp3/?f=1&ds=66&dsmode=1&l=2","https://mobile.bravobus.com.hk/nwp3/?f=1&ds=66&dsmode=1&l=1",11.7000,"01/02/25 00:00:00"
1579,"KMB+CTB",,"680P","680P","680P",1,"T",1,6.3000000000000000e+01,"烏溪沙站","乌溪沙站","Wu Kai Sha Station","金鐘站(東)","金钟站(东)","Admiralty Station (East)","https://search.kmb.hk/KMBWebSite/?action=routesearch&route=680P&lang=zh-hk","https://search.kmb.hk/KMBWebSite/?action=routesearch&route=680P&lang=zh-cn","https://search.kmb.hk/KMBWebSite/?action=routesearch&route=680P&lang=en",24.4000,"11/15/24 00:00:00"
1580,"KMB+CTB",,"680X","680X","680X",1,"T",1,5.6000000000000000e+01,"烏溪沙站","乌溪沙站","WU KAI SHA STATION","中環(港澳碼頭)","中环(港澳码头)","CENTRAL (MACAU FERRY)","https://search.kmb.hk/KMBWebSite/?action=routesearch&route=680X&lang=zh-hk","https://search.kmb.hk/KMBWebSite/?action=routesearch&route=680X&lang=zh-cn","https://search.kmb.hk/KMBWebSite/?action=routesearch&route=680X&lang=en",24.4000,"11/15/24 00:00:00"
1583,"CTB",,"682","682","682",1,"T",1,7.6000000000000000e+01,"利安","利安","Lee On","柴灣(東)","柴湾(东)","Chai Wan (East)","https://mobile.bravobus.com.hk/nwp3/?f=1&ds=682&dsmode=1&l=0","https://mobile.bravobus.com.hk/nwp3/?f=1&ds=682&dsmode=1&l=2","https://mobile.bravobus.com.hk/nwp3/?f=1&ds=682&dsmode=1&l=1",24.4000,"01/02/25 00:00:00"
1585,"CTB",,"40P","40P","40P",1,"T",1,3.5000000000000000e+01,"華富(北)","华富(北)","Wah Fu (North)","羅便臣道","罗便臣道","Robinson Road","https://mobile.bravobus.com.hk/nwp3/?f=1&ds=40P&dsmode=1&l=0","https://mobile.bravobus.com.hk/nwp3/?f=1&ds=40P&dsmode=1&l=2","https://mobile.bravobus.com.hk/nwp3/?f=1&ds=40P&dsmode=1&l=1",6.6000,"12/11/24 00:00:00"
1586,"CTB",,"40P","40P","40P",1,"T",1,3.5000000000000000e+01,"深灣公共交通總站","深湾公共交通总站","Shum Wan Public Transport Terminus","羅便臣道","罗便臣道","Robinson Road","https://mobile.bravobus.com.hk/nwp3/?f=1&ds=40P&dsmode=1&l=0","https://mobile.bravobus.com.hk/nwp3/?f=1&ds=40P&dsmode=1&l=2","https://mobile.bravobus.com.hk/nwp3/?f=1&ds=40P&dsmode=1&l=1",7.5000,"06/18/23 00:00:00"
1587,"CTB",,"40P","40P","40P",1,"T",1,3.6000000000000000e+01,"華貴","华贵","Wah Kwai","羅便臣道","罗便臣道","Robinson Road","https://mobile.bravobus.com.hk/nwp3/?f=1&ds=40P&dsmode=1&l=0","https://mobile.bravobus.com.hk/nwp3/?f=1&ds=40P&dsmode=1&l=2","https://mobile.bravobus.com.hk/nwp3/?f=1&ds=40P&dsmode=1&l=1",6.6000,"06/10/23 00:00:00"
1589,"CTB",,"694","694","694",1,"R",0,6.6000000000000000e+01,"小西灣邨","小西湾邨","Siu Sai Wan Estate","調景嶺站","调景岭站","Tiu Keng Leng Station","https://mobile.bravobus.com.hk/nwp3/?f=1&ds=694&dsmode=1&l=0","https://mobile.bravobus.com.hk/nwp3/?f=1&ds=694&dsmode=1&l=2","https://mobile.bravobus.com.hk/nwp3/?f=1&ds=694&dsmode=1&l=1",17.8000,"01/02/25 00:00:00"
1591,"CTB",,"6A","6A","6A",1,"T",1,5.4000000000000000e+01,"中環(交易廣場)","中环(交易广场)","Central (Exchange Square)","赤柱炮台(閘口)","赤柱炮台(闸口)","Stanley Fort Gate","https://mobile.bravobus.com.hk/nwp3/?f=1&ds=6A&dsmode=1&l=0","https://mobile.bravobus.com.hk/nwp3/?f=1&ds=6A&dsmode=1&l=2","https://mobile.bravobus.com.hk/nwp3/?f=1&ds=6A&dsmode=1&l=1",11.7000,"06/18/23 00:00:00"
1592,"CTB",,"6X","6X","6X",1,"T",1,6.2000000000000000e+01,"中環(交易廣場)","中环(交易广场)","Central (Exchange Square)","赤柱市場","赤柱市场","Stanley Market","https://mobile.bravobus.com.hk/nwp3/?f=1&ds=6X&dsmode=1&l=0","https://mobile.bravobus.com.hk/nwp3/?f=1&ds=6X&dsmode=1&l=2","https://mobile.bravobus.com.hk/nwp3/?f=1&ds=6X&dsmode=1&l=1",11.7000,"01/02/25 00:00:00"
1593,"CTB",,"7","7","7",1,"R",0,3.8000000000000000e+01,"石排灣","石排湾","Shek Pai Wan","中環碼頭","中环码头","Central (Ferry Piers)","https://mobile.bravobus.com.hk/nwp3/?f=1&ds=7&dsmode=1&l=0","https://mobile.bravobus.com.hk/nwp3/?f=1&ds=7&dsmode=1&l=2","https://mobile.bravobus.com.hk/nwp3/?f=1&ds=7&dsmode=1&l=1",7.4000,"01/02/25 00:00:00"
1594,"CTB",,"70","70","70",1,"R",0,3.9000000000000000e+01,"華貴","华贵","Wah Kwai","中環(交易廣場)","中环(交易广场)","Central (Exchange Square)","https://mobile.bravobus.com.hk/nwp3/?f=1&ds=70&dsmode=1&l=0","https://mobile.bravobus.com.hk/nwp3/?f=1&ds=70&dsmode=1&l=2","https://mobile.bravobus.com.hk/nwp3/?f=1&ds=70&dsmode=1&l=1",6.6000,"01/02/25 00:00:00"
1603,"CTB",,"720P","720P","720P",1,"T",1,1.8000000000000000e+01,"太古城","太古城","Taikoo Shing","中環(永和街)(循環線)","中环(永和街)(循环线)","Central (Wing Wo Street) (Circular)","https://mobile.bravobus.com.hk/nwp3/?f=1&ds=720P&dsmode=1&l=0","https://mobile.bravobus.com.hk/nwp3/?f=1&ds=720P&dsmode=1&l=2","https://mobile.bravobus.com.hk/nwp3/?f=1&ds=720P&dsmode=1&l=1",8.7000,"09/26/24 00:00:00"
1604,"CTB",,"72A","72A","72A",1,"R",0,2.0000000000000000e+01,"深灣公共交通總站","深湾公共交通总站","Shum Wan Public Transport Terminus","銅鑼灣(摩頓台)","铜锣湾(摩顿台)","Causeway Bay (Moreton Terrace)","https://mobile.bravobus.com.hk/nwp3/?f=1&ds=72A&dsmode=1&l=0","https://mobile.bravobus.com.hk/nwp3/?f=1&ds=72A&dsmode=1&l=2","https://mobile.bravobus.com.hk/nwp3/?f=1&ds=72A&dsmode=1&l=1",6.3000,"01/02/25 00:00:00"
1605,"CTB",,"73","73","73",1,"R",0,5.7000000000000000e+01,"數碼港","数码港","Cyberport","赤柱市場","赤柱市场","Stanley Market","https://mobile.bravobus.com.hk/nwp3/?f=1&ds=73&dsmode=1&l=0","https://mobile.bravobus.com.hk/nwp3/?f=1&ds=73&dsmode=1&l=2","https://mobile.bravobus.com.hk/nwp3/?f=1&ds=73&dsmode=1&l=1",8.0000,"01/02/25 00:00:00"
1606,"CTB",,"73P","73P","73P",1,"T",1,1.7000000000000000e+01,"深灣","深湾","Sham Wan","數碼港","数码港","Cyberport","https://mobile.bravobus.com.hk/nwp3/?f=1&ds=73P&dsmode=1&l=0","https://mobile.bravobus.com.hk/nwp3/?f=1&ds=73P&dsmode=1&l=2","https://mobile.bravobus.com.hk/nwp3/?f=1&ds=73P&dsmode=1&l=1",4.2000,"06/10/23 00:00:00"
1607,"CTB",,"75","75","75",1,"T",1,2.8000000000000000e+01,"深灣","深湾","Shum Wan","中環(交易廣場)","中环(交易广场)","Central (Exchange Square)","https://mobile.bravobus.com.hk/nwp3/?f=1&ds=75&dsmode=1&l=0","https://mobile.bravobus.com.hk/nwp3/?f=1&ds=75&dsmode=1&l=2","https://mobile.bravobus.com.hk/nwp3/?f=1&ds=75&dsmode=1&l=1",6.6000,"01/02/25 00:00:00"
1608,"CTB",,"76","76","76",1,"T",1,4.0000000000000000e+01,"石排灣","石排湾","Shek Pai Wan","銅鑼灣(邊寧頓街)(循環線)","铜锣湾(边宁顿街)(循环线)","Causeway Bay (Pennington Street)(Circular)","https://mobile.bravobus.com.hk/nwp3/?f=1&ds=76&dsmode=1&l=0","https://mobile.bravobus.com.hk/nwp3/?f=1&ds=76&dsmode=1&l=2","https://mobile.bravobus.com.hk/nwp3/?f=1&ds=76&dsmode=1&l=1",7.0000,"09/08/23 00:00:00"
1609,"CTB",,"77","77","77",1,"R",0,6.0000000000000000e+01,"田灣邨","田湾邨","Tin Wan Estate","筲箕灣","筲箕湾","Shau Kei Wan","https://mobile.bravobus.com.hk/nwp3/?f=1&ds=77&dsmode=1&l=0","https://mobile.bravobus.com.hk/nwp3/?f=1&ds=77&dsmode=1&l=2","https://mobile.bravobus.com.hk/nwp3/?f=1&ds=77&dsmode=1&l=1",9.7000,"01/02/25 00:00:00"
1619,"CTB",,"796S","796S","796S",1,"NT",1,2.0000000000000000e+01,"將軍澳站","将军澳站","Tseung Kwan O Station","牛頭角站(循環線)","牛头角站(循环线)","Ngau Tau Kok Station (Circular)","https://mobile.bravobus.com.hk/nwp3/?f=1&ds=796S&dsmode=1&l=0","https://mobile.bravobus.com.hk/nwp3/?f=1&ds=796S&dsmode=1&l=2","https://mobile.bravobus.com.hk/nwp3/?f=1&ds=796S&dsmode=1&l=1",6.2000,"06/18/23 00:00:00"
1620,"CTB",,"796X","796X","796X",1,"T",1,5.5000000000000000e+01,"將軍澳站","将军澳站","Tseung Kwan O Station","尖沙咀東","尖沙咀东","Tsim Sha Tsui East","https://mobile.bravobus.com.hk/nwp3/?f=1&ds=796X&dsmode=1&l=0","https://mobile.bravobus.com.hk/nwp3/?f=1&ds=796X&dsmode=1&l=2","https://mobile.bravobus.com.hk/nwp3/?f=1&ds=796X&dsmode=1&l=1",10.3000,"01/02/25 00:00:00"
1621,"CTB",,"798","798","798",1,"R",0,7.3000000000000000e+01,"調景嶺站","调景岭站","Tiu Keng Leng Station","火炭 (駿洋邨)","火炭 (骏洋邨)","Fo Tan (Chun Yeung Estate)","https://mobile.bravobus.com.hk/nwp3/?f=1&ds=798&dsmode=1&l=0","https://mobile.bravobus.com.hk/nwp3/?f=1&ds=798&dsmode=1&l=2","https://mobile.bravobus.com.hk/nwp3/?f=1&ds=798&dsmode=1&l=1",13.1000,"01/02/25 00:00:00"
1622,"CTB",,"8","8","8",1,"R",0,4.3000000000000000e+01,"杏花邨","杏花邨","Heng Fa Chuen","會展站","会展站","Exhibition Centre Station","https://mobile.bravobus.com.hk/nwp3/?f=1&ds=8&dsmode=1&l=0","https://mobile.bravobus.com.hk/nwp3/?f=1&ds=8&dsmode=1&l=2","https://mobile.bravobus.com.hk/nwp3/?f=1&ds=8&dsmode=1&l=1",8.1000,"01/02/25 00:00:00"
1625,"CTB",,"81","81","81",1,"R",0,4.8000000000000000e+01,"興華邨","兴华邨","Hing Wah Estate","勵德邨","励德邨","Lai Tak Tsuen","https://mobile.bravobus.com.hk/nwp3/?f=1&ds=81&dsmode=1&l=0","https://mobile.bravobus.com.hk/nwp3/?f=1&ds=81&dsmode=1&l=2","https://mobile.bravobus.com.hk/nwp3/?f=1&ds=81&dsmode=1&l=1",6.2000,"01/02/25 00:00:00"
1627,"CTB",,"81A","81A","81A",1,"T",1,4.4000000000000000e+01,"柴灣(興華邨)","柴湾(兴华邨)","Chai Wan (Hing Wah Estate)","勵德邨","励德邨","Lai Tak Tsuen","https://mobile.bravobus.com.hk/nwp3/?f=1&ds=81A&dsmode=1&l=0","https://mobile.bravobus.com.hk/nwp3/?f=1&ds=81A&dsmode=1&l=2","https://mobile.bravobus.com.hk/nwp3/?f=1&ds=81A&dsmode=1&l=1",6.2000,"06/18/23 00:00:00"
1638,"CTB",,"90","90","90",1,"T",1,3.3000000000000000e+01,"鴨脷洲邨","鸭脷洲邨","Ap Lei Chau Estate","中環(交易廣場)(不經利東)","中环(交易广场)(不经利东)","Central (Exchange Square) (omit Lei Tung)","https://mobile.bravobus.com.hk/nwp3/?f=1&ds=90&dsmode=1&l=0","https://mobile.bravobus.com.hk/nwp3/?f=1&ds=90&dsmode=1&l=2","https://mobile.bravobus.com.hk/nwp3/?f=1&ds=90&dsmode=1&l=1",6.6000,"01/02/25 00:00:00"
1639,"CTB",,"B3","B3","B3",1,"R",0,3.5000000000000000e+01,"屯門碼頭","屯门码头","Tuen Mun Pier Head","深圳灣口岸","深圳湾口岸","Shenzhen Bay Port","https://mobile.bravobus.com.hk/nwp3/?f=1&ds=B3&dsmode=1&l=0","https://mobile.bravobus.com.hk/nwp3/?f=1&ds=B3&dsmode=1&l=2","https://mobile.bravobus.com.hk/nwp3/?f=1&ds=B3&dsmode=1&l=1",16.5000,"05/10/24 00:00:00"
1640,"CTB",,"B3X","B3X","B3X",1,"R",0,1.9000000000000000e+01,"屯門市中心","屯门市中心","Tuen Mun Town Centre","深圳灣口岸","深圳湾口岸","Shenzhen Bay Port","https://mobile.bravobus.com.hk/nwp3/?f=1&ds=B3X&dsmode=1&l=0","https://mobile.bravobus.com.hk/nwp3/?f=1&ds=B3X&dsmode=1&l=2","https://mobile.bravobus.com.hk/nwp3/?f=1&ds=B3X&dsmode=1&l=1",16.5000,"04/19/24 00:00:00"
1641,"CTB",,"90B","90B","90B",1,"R",0,4.8000000000000000e+01,"海怡半島","海怡半岛","South Horizons","金鐘站(東)","金钟站(东)","Admiralty Station (East)","https://mobile.bravobus.com.hk/nwp3/?f=1&ds=90B&dsmode=1&l=0","https://mobile.bravobus.com.hk/nwp3/?f=1&ds=90B&dsmode=1&l=2","https://mobile.bravobus.com.hk/nwp3/?f=1&ds=90B&dsmode=1&l=1",8.0000,"01/02/25 00:00:00"
1642,"CTB",,"90C","90C","90C",1,"T",1,3.3000000000000000e+01,"鴨脷洲 (鴨脷洲大街)","鸭脷洲 (鸭脷洲大街)","Ap Lei Chau (Main Street, Ap Lei Chau)","中環 (怡和大廈)","中环 (怡和大厦)","Central (Jardine House)","https://mobile.bravobus.com.hk/nwp3/?f=1&ds=90C&dsmode=1&l=0","https://mobile.bravobus.com.hk/nwp3/?f=1&ds=90C&dsmode=1&l=2","https://mobile.bravobus.com.hk/nwp3/?f=1&ds=90C&dsmode=1&l=1",6.6000,"06/18/23 00:00:00"
1646,"CTB",,"930","930","930",1,"T",1,6.3000000000000000e+01,"會展站","会展站","Exhibition Centre Station","荃灣(愉景新城)","荃湾(愉景新城)","Tsuen Wan (Discovery Park)","https://mobile.bravobus.com.hk/nwp3/?f=1&ds=930&dsmode=1&l=0","https://mobile.bravobus.com.hk/nwp3/?f=1&ds=930&dsmode=1&l=2","https://mobile.bravobus.com.hk/nwp3/?f=1&ds=930&dsmode=1&l=1",20.8000,"01/02/25 00:00:00"
1657,"CTB",,"952","952","952",1,"R",0,7.2000000000000000e+01,"屯門(置樂花園)","屯门(置乐花园)","Tuen Mun (Chi Lok Fa Yuen)","銅鑼灣(摩頓台)","铜锣湾(摩顿台)","Causeway Bay (Moreton Terrace)","https://mobile.bravobus.com.hk/nwp3/?f=1&ds=952&dsmode=1&l=0","https://mobile.bravobus.com.hk/nwp3/?f=1&ds=952&dsmode=1&l=2","https://mobile.bravobus.com.hk/nwp3/?f=1&ds=952&dsmode=1&l=1",24.2000,"01/02/25 00:00:00"
1658,"CTB",,"962P","962P","962P",1,"T",1,6.7000000000000000e+01,"屯門(龍門居)","屯门(龙门居)","Tuen Mun (Lung Mun Oasis)","銅鑼灣(摩頓台)","铜锣湾(摩顿台)","Causeway Bay (Moreton Terrace)","https://mobile.bravobus.com.hk/nwp3/?f=1&ds=962P&dsmode=1&l=0","https://mobile.bravobus.com.hk/nwp3/?f=1&ds=962P&dsmode=1&l=2","https://mobile.bravobus.com.hk/nwp3/?f=1&ds=962P&dsmode=1&l=1",24.2000,"01/02/25 00:00:00"
1659,"CTB",,"952P","952P","952P",1,"T",1,5.8000000000000000e+01,"屯門(置樂花園)","屯门(置乐花园)","Tuen Mun (Chi Lok Fa Yuen)","銅鑼灣(摩頓台)","铜锣湾(摩顿台)","Causeway Bay (Moreton Terrace)","https://mobile.bravobus.com.hk/nwp3/?f=1&ds=952P&dsmode=1&l=0","https://mobile.bravobus.com.hk/nwp3/?f=1&ds=952P&dsmode=1&l=2","https://mobile.bravobus.com.hk/nwp3/?f=1&ds=952P&dsmode=1&l=1",24.2000,"01/02/25 00:00:00"
1660,"CTB",,"962X","962X","962X",1,"R",0,7.4000000000000000e+01,"屯門(龍門居)","屯门(龙门居)","Tuen Mun (Lung Mun Oasis)","銅鑼灣(摩頓台)","铜锣湾(摩顿台)","Causeway Bay (Moreton Terrace)","https://mobile.bravobus.com.hk/nwp3/?f=1&ds=962X&dsmode=1&l=0","https://mobile.bravobus.com.hk/nwp3/?f=1&ds=962X&dsmode=1&l=2","https://mobile.bravobus.com.hk/nwp3/?f=1&ds=962X&dsmode=1&l=1",24.2000,"01/02/25 00:00:00"
1661,"CTB",,"967","967","967",1,"T",1,6.6000000000000000e+01,"天水圍(天恩邨)","天水围(天恩邨)","Tin Shui Wai North (Tin Yan Estate)","金鐘站(西)","金钟站(西)","Admiralty Station (West)","https://mobile.bravobus.com.hk/nwp3/?f=1&ds=967&dsmode=1&l=0","https://mobile.bravobus.com.hk/nwp3/?f=1&ds=967&dsmode=1&l=2","https://mobile.bravobus.com.hk/nwp3/?f=1&ds=967&dsmode=1&l=1",27.3000,"01/02/25 00:00:00"
1663,"CTB",,"969X","969X","969X",1,"T",1,7.0000000000000000e+01,"天水圍市中心","天水围市中心","Tin Shui Wai Town Centre","銅鑼灣(禮頓中心)","铜锣湾(礼顿中心)","Causeway Bay (Leighton Centre)","https://mobile.bravobus.com.hk/nwp3/?f=1&ds=969X&dsmode=1&l=0","https://mobile.bravobus.com.hk/nwp3/?f=1&ds=969X&dsmode=1&l=2","https://mobile.bravobus.com.hk/nwp3/?f=1&ds=969X&dsmode=1&l=1",27.3000,"01/02/25 00:00:00"
1671,"CTB",,"A10","A10","A10",1,"R",0,1.2300000000000000e+02,"鴨脷洲 (利樂街)","鸭脷洲 (利乐街)","Ap Lei Chau (Lee Lok Street)","機場(地面運輸中心)","机场(地面运输中心)","Airport (Ground Transportation Centre)","https://mobile.bravobus.com.hk/nwp3/?f=1&ds=A10&dsmode=1&l=0","https://mobile.bravobus.com.hk/nwp3/?f=1&ds=A10&dsmode=1&l=2","https://mobile.bravobus.com.hk/nwp3/?f=1&ds=A10&dsmode=1&l=1",49.7000,"11/19/24 00:00:00"
1672,"CTB",,"A11","A11","A11",1,"R",0,8.5000000000000000e+01,"北角碼頭","北角码头","North Point Ferry Pier","機場(地面運輸中心)","机场(地面运输中心)","Airport (Ground Transportation Centre)","https://mobile.bravobus.com.hk/nwp3/?f=1&ds=A11&dsmode=1&l=0","https://mobile.bravobus.com.hk/nwp3/?f=1&ds=A11&dsmode=1&l=2","https://mobile.bravobus.com.hk/nwp3/?f=1&ds=A11&dsmode=1&l=1",41.9000,"01/02/25 00:00:00"
1673,"CTB",,"A21","A21","A21",1,"R",0,8.8000000000000000e+01,"紅磡站","红磡站","Hung Hom Station","機場(地面運輸中心)","机场(地面运输中心)","Airport (Ground Transportation Centre)","https://mobile.bravobus.com.hk/nwp3/?f=1&ds=A21&dsmode=1&l=0","https://mobile.bravobus.com.hk/nwp3/?f=1&ds=A21&dsmode=1&l=2","https://mobile.bravobus.com.hk/nwp3/?f=1&ds=A21&dsmode=1&l=1",34.6000,"01/02/25 00:00:00"
1674,"CTB",,"E11","E11","E11",1,"T",1,9.8000000000000000e+01,"天后站","天后站","Tin Hau Station","航天城","航天城","SKYCITY","https://mobile.bravobus.com.hk/nwp3/?f=1&ds=E11&dsmode=1&l=0","https://mobile.bravobus.com.hk/nwp3/?f=1&ds=E11&dsmode=1&l=2","https://mobile.bravobus.com.hk/nwp3/?f=1&ds=E11&dsmode=1&l=1",21.7000,"11/24/23 00:00:00"
1675,"CTB",,"E21","E21","E21",1,"T",1,8.4000000000000000e+01,"大角咀(維港灣)","大角咀(维港湾)","Tai Kok Tsui (Island Harbourview)","航天城","航天城","SKYCITY","https://mobile.bravobus.com.hk/nwp3/?f=1&ds=E21&dsmode=1&l=0","https://mobile.bravobus.com.hk/nwp3/?f=1&ds=E21&dsmode=1&l=2","https://mobile.bravobus.com.hk/nwp3/?f=1&ds=E21&dsmode=1&l=1",14.5000,"01/02/25 00:00:00"
1676,"CTB",,"E21A","E21A","E21A",1,"R",0,8.7000000000000000e+01,"何文田(愛民邨)","何文田(爱民邨)","Ho Man Tin (Oi Man Estate)","東涌(逸東邨)","东涌(逸东邨)","Tung Chung (Yat Tung Estate)","https://mobile.bravobus.com.hk/nwp3/?f=1&ds=E21A&dsmode=1&l=0","https://mobile.bravobus.com.hk/nwp3/?f=1&ds=E21A&dsmode=1&l=2","https://mobile.bravobus.com.hk/nwp3/?f=1&ds=E21A&dsmode=1&l=1",14.5000,"01/02/25 00:00:00"
1683,"CTB",,"E22S","E22S","E22S",1,"T",1,1.1400000000000000e+02,"東涌 (滿東邨)","东涌 (满东邨)","Tung Chung (Mun Tung Estate)","將軍澳 (寶琳)","将军澳 (宝琳)","Tseung Kwan O (Po Lam)","https://mobile.bravobus.com.hk/nwp3/?f=1&ds=E22S&dsmode=1&l=0","https://mobile.bravobus.com.hk/nwp3/?f=1&ds=E22S&dsmode=1&l=2","https://mobile.bravobus.com.hk/nwp3/?f=1&ds=E22S&dsmode=1&l=1",24.8000,"01/02/25 00:00:00"
1686,"CTB",,"722","722","722",1,"T",1,4.3000000000000000e+01,"耀東邨","耀东邨","Yiu Tung Estate","中環(交易廣場)(循環線)","中环(交易广场)(循环线)","Central (Exchange Square) (Circular)","https://mobile.bravobus.com.hk/nwp3/?f=1&ds=722&dsmode=1&l=0","https://mobile.bravobus.com.hk/nwp3/?f=1&ds=722&dsmode=1&l=2","https://mobile.bravobus.com.hk/nwp3/?f=1&ds=722&dsmode=1&l=1",8.7000,"01/02/25 00:00:00"
1687,"CTB",,"722","722","722",1,"R",0,4.0000000000000000e+01,"耀東邨","耀东邨","Yiu Tung Estate","中環碼頭(循環線)","中环码头(循环线)","Central (Ferry Piers)(Circular)","https://mobile.bravobus.com.hk/nwp3/?f=1&ds=722&dsmode=1&l=0","https://mobile.bravobus.com.hk/nwp3/?f=1&ds=722&dsmode=1&l=2","https://mobile.bravobus.com.hk/nwp3/?f=1&ds=722&dsmode=1&l=1",8.7000,"01/02/25 00:00:00"
1688,"CTB",,"N11","N11","N11",1,"N",0,1.1200000000000000e+02,"中環(港澳碼頭)","中环(港澳码头)","Central (Macau Ferry)","機場(地面運輸中心)","机场(地面运输中心)","Airport (Ground Transportation Centre)","https://mobile.bravobus.com.hk/nwp3/?f=1&ds=N11&dsmode=1&l=0","https://mobile.bravobus.com.hk/nwp3/?f=1&ds=N11&dsmode=1&l=2","https://mobile.bravobus.com.hk/nwp3/?f=1&ds=N11&dsmode=1&l=1",32.1000,"06/10/23 00:00:00"
1689,"KMB+CTB",,"N118","N118","N118",1,"N",0,6.9000000000000000e+01,"長沙灣(深旺道)","长沙湾(深旺道)","CHEUNG SHA WAN (SHAM MONG ROAD)","小西灣(藍灣半島)","小西湾(蓝湾半岛)","SIU SAI WAN (ISLAND RESORT)","https://search.kmb.hk/KMBWebSite/?action=routesearch&route=N118&lang=zh-hk","https://search.kmb.hk/KMBWebSite/?action=routesearch&route=N118&lang=zh-cn","https://search.kmb.hk/KMBWebSite/?action=routesearch&route=N118&lang=en",17.8000,"01/02/25 00:00:00"
1690,"CTB",,"B3A","B3A","B3A",1,"R",0,3.3000000000000000e+01,"山景邨","山景邨","Shan King Estate","深圳灣口岸","深圳湾口岸","Shenzhen Bay Port","https://mobile.bravobus.com.hk/nwp3/?f=1&ds=B3A&dsmode=1&l=0","https://mobile.bravobus.com.hk/nwp3/?f=1&ds=B3A&dsmode=1&l=2","https://mobile.bravobus.com.hk/nwp3/?f=1&ds=B3A&dsmode=1&l=1",16.5000,"01/02/25 00:00:00"
1703,"CTB",,"N72","N72","N72",1,"N",0,3.6000000000000000e+01,"華貴","华贵","Wah Kwai","鰂魚涌(海澤街)","鲗鱼涌(海泽街)","Quarry Bay (Hoi Chak Street)","https://mobile.bravobus.com.hk/nwp3/?f=1&ds=N72&dsmode=1&l=0","https://mobile.bravobus.com.hk/nwp3/?f=1&ds=N72&dsmode=1&l=2","https://mobile.bravobus.com.hk/nwp3/?f=1&ds=N72&dsmode=1&l=1",11.0000,"06/10/23 00:00:00"
1705,"CTB",,"N8","N8","N8",1,"N",0,5.9000000000000000e+01,"會展站","会展站","Exhibition Centre Station","杏花邨(循環線)","杏花邨(循环线)","Heng Fa Chuen (Circular)","https://mobile.bravobus.com.hk/nwp3/?f=1&ds=N8&dsmode=1&l=0","https://mobile.bravobus.com.hk/nwp3/?f=1&ds=N8&dsmode=1&l=2","https://mobile.bravobus.com.hk/nwp3/?f=1&ds=N8&dsmode=1&l=1",8.9000,"06/28/24 00:00:00"
1707,"CTB",,"N8P","N8P","N8P",1,"N",0,3.8000000000000000e+01,"小西灣(藍灣半島)","小西湾(蓝湾半岛)","Siu Sai Wan (Island Resort)","灣仔(港灣道)(循環線)","湾仔(港湾道)(循环线)","Wan Chai (Harbour Road) (Circular)","https://mobile.bravobus.com.hk/nwp3/?f=1&ds=N8P&dsmode=1&l=0","https://mobile.bravobus.com.hk/nwp3/?f=1&ds=N8P&dsmode=1&l=2","https://mobile.bravobus.com.hk/nwp3/?f=1&ds=N8P&dsmode=1&l=1",9.7000,"06/18/23 00:00:00"
1708,"CTB",,"N8X","N8X","N8X",1,"N",0,8.6000000000000000e+01,"小西灣(藍灣半島)","小西湾(蓝湾半岛)","Siu Sai Wan (Island Resort)","堅尼地城","坚尼地城","Kennedy Town","https://mobile.bravobus.com.hk/nwp3/?f=1&ds=N8X&dsmode=1&l=0","https://mobile.bravobus.com.hk/nwp3/?f=1&ds=N8X&dsmode=1&l=2","https://mobile.bravobus.com.hk/nwp3/?f=1&ds=N8X&dsmode=1&l=1",16.9000,"06/10/23 00:00:00"
1709,"CTB",,"N90","N90","N90",1,"N",0,3.4000000000000000e+01,"海怡半島","海怡半岛","South Horizons","中環(港澳碼頭)","中环(港澳码头)","Central (Macau Ferry)","https://mobile.bravobus.com.hk/nwp3/?f=1&ds=N90&dsmode=1&l=0","https://mobile.bravobus.com.hk/nwp3/?f=1&ds=N90&dsmode=1&l=2","https://mobile.bravobus.com.hk/nwp3/?f=1&ds=N90&dsmode=1&l=1",11.0000,"06/10/23 00:00:00"
1710,"CTB",,"N962","N962","N962",1,"N",0,7.4000000000000000e+01,"屯門(龍門居)","屯门(龙门居)","Tuen Mun (Lung Mun Oasis)","銅鑼灣(摩頓台)","铜锣湾(摩顿台)","Causeway Bay (Moreton Terrace)","https://mobile.bravobus.com.hk/nwp3/?f=1&ds=N962&dsmode=1&l=0","https://mobile.bravobus.com.hk/nwp3/?f=1&ds=N962&dsmode=1&l=2","https://mobile.bravobus.com.hk/nwp3/?f=1&ds=N962&dsmode=1&l=1",36.7000,"01/02/25 00:00:00"
1595,"CTB",,"701","701","701",1,"R",0,2.0000000000000000e+01,"海麗邨","海丽邨","Hoi Lai Estate","旺角(循環線)","旺角(循环线)","Mong Kok (Circular)","https://mobile.bravobus.com.hk/nwp3/?f=1&ds=701&dsmode=1&l=0","https://mobile.bravobus.com.hk/nwp3/?f=1&ds=701&dsmode=1&l=2","https://mobile.bravobus.com.hk/nwp3/?f=1&ds=701&dsmode=1&l=1",5.0000,"01/02/25 00:00:00"
1596,"CTB",,"702","702","702",1,"R",0,3.2000000000000000e+01,"海麗邨","海丽邨","Hoi Lai Estate","九龍塘 (又一城)(循環線)","九龙塘 (又一城)(循环线)","Kowloon Tong (Festival Walk) (Circular)","https://mobile.bravobus.com.hk/nwp3/?f=1&ds=702&dsmode=1&l=0","https://mobile.bravobus.com.hk/nwp3/?f=1&ds=702&dsmode=1&l=2","https://mobile.bravobus.com.hk/nwp3/?f=1&ds=702&dsmode=1&l=1",5.0000,"06/18/23 00:00:00"
1598,"CTB",,"702S","702S","702S",1,"T",1,1.8000000000000000e+01,"蘇屋","苏屋","So Uk","長沙灣(深盛路)/富昌邨(循環線)","长沙湾(深盛路)/富昌邨(循环线)","Cheung Sha Wan (Sham Shing Road)/Fu Cheong Estate(Circular)","https://mobile.bravobus.com.hk/nwp3/?f=1&ds=702S&dsmode=1&l=0","https://mobile.bravobus.com.hk/nwp3/?f=1&ds=702S&dsmode=1&l=2","https://mobile.bravobus.com.hk/nwp3/?f=1&ds=702S&dsmode=1&l=1",4.7000,"06/18/23 00:00:00"
1600,"CTB",,"71","71","71",1,"T",1,4.2000000000000000e+01,"黃竹坑","黄竹坑","Wong Chuk Hang","中環 (林士街)","中环 (林士街)","Central (Rumsey Street)","https://mobile.bravobus.com.hk/nwp3/?f=1&ds=71&dsmode=1&l=0","https://mobile.bravobus.com.hk/nwp3/?f=1&ds=71&dsmode=1&l=2","https://mobile.bravobus.com.hk/nwp3/?f=1&ds=71&dsmode=1&l=1",7.3000,"06/10/23 00:00:00"
1601,"CTB",,"71P","71P","71P",1,"T",1,4.7000000000000000e+01,"深灣公共交通總站","深湾公共交通总站","Sham Wan Public Transport Terminus","中環碼頭","中环码头","Central (Central Ferry Piers)","https://mobile.bravobus.com.hk/nwp3/?f=1&ds=71P&dsmode=1&l=0","https://mobile.bravobus.com.hk/nwp3/?f=1&ds=71P&dsmode=1&l=2","https://mobile.bravobus.com.hk/nwp3/?f=1&ds=71P&dsmode=1&l=1",7.3000,"06/18/23 00:00:00"
1602,"CTB",,"72","72","72",1,"R",0,3.0000000000000000e+01,"華貴","华贵","Wah Kwai","銅鑼灣(摩頓台)","铜锣湾(摩顿台)","Causeway Bay (Moreton Terrace)","https://mobile.bravobus.com.hk/nwp3/?f=1&ds=72&dsmode=1&l=0","https://mobile.bravobus.com.hk/nwp3/?f=1&ds=72&dsmode=1&l=2","https://mobile.bravobus.com.hk/nwp3/?f=1&ds=72&dsmode=1&l=1",6.6000,"01/02/25 00:00:00"
1610,"CTB",,"78","78","78",1,"R",0,1.4000000000000000e+01,"黃竹坑","黄竹坑","Wong Chuk Hang","華貴邨(循環線)","华贵邨(循环线)","Wah Kwai Estate (Circular)","https://mobile.bravobus.com.hk/nwp3/?f=1&ds=78&dsmode=1&l=0","https://mobile.bravobus.com.hk/nwp3/?f=1&ds=78&dsmode=1&l=2","https://mobile.bravobus.com.hk/nwp3/?f=1&ds=78&dsmode=1&l=1",4.2000,"07/18/23 00:00:00"
1611,"CTB",,"780","780","780",1,"R",0,4.0000000000000000e+01,"柴灣(東)","柴湾(东)","Chai Wan (East)","中環(中環渡輪碼頭)","中环(中环渡轮码头)","Central (Central Ferry Piers)","https://mobile.bravobus.com.hk/nwp3/?f=1&ds=780&dsmode=1&l=0","https://mobile.bravobus.com.hk/nwp3/?f=1&ds=780&dsmode=1&l=2","https://mobile.bravobus.com.hk/nwp3/?f=1&ds=780&dsmode=1&l=1",8.7000,"01/02/25 00:00:00"
1612,"CTB",,"780P","780P","780P",1,"T",1,5.2000000000000000e+01,"柴灣(興華邨)","柴湾(兴华邨)","Chai Wan (Hing Wah Estate)","中環碼頭","中环码头","Central (Central Ferry Piers)","https://mobile.bravobus.com.hk/nwp3/?f=1&ds=780P&dsmode=1&l=0","https://mobile.bravobus.com.hk/nwp3/?f=1&ds=780P&dsmode=1&l=2","https://mobile.bravobus.com.hk/nwp3/?f=1&ds=780P&dsmode=1&l=1",8.7000,"01/02/25 00:00:00"
1613,"CTB",,"788","788","788",1,"R",0,4.9000000000000000e+01,"小西灣(藍灣半島)","小西湾(蓝湾半岛)","Siu Sai Wan (Island Resort)","中環(港澳碼頭)","中环(港澳码头)","Central (Macau Ferry)","https://mobile.bravobus.com.hk/nwp3/?f=1&ds=788&dsmode=1&l=0","https://mobile.bravobus.com.hk/nwp3/?f=1&ds=788&dsmode=1&l=2","https://mobile.bravobus.com.hk/nwp3/?f=1&ds=788&dsmode=1&l=1",8.7000,"01/02/25 00:00:00"
1614,"CTB",,"789","789","789",1,"R",0,3.3000000000000000e+01,"小西灣(藍灣半島)","小西湾(蓝湾半岛)","Siu Sai Wan (Island Resort)","金鐘(樂禮街)","金钟(乐礼街)","Admiralty (Rodney Street)","https://mobile.bravobus.com.hk/nwp3/?f=1&ds=789&dsmode=1&l=0","https://mobile.bravobus.com.hk/nwp3/?f=1&ds=789&dsmode=1&l=2","https://mobile.bravobus.com.hk/nwp3/?f=1&ds=789&dsmode=1&l=1",8.7000,"01/02/25 00:00:00"
1616,"CTB",,"792M","792M","792M",1,"R",0,3.8000000000000000e+01,"將軍澳站","将军澳站","Tseung Kwan O Station","西貢","西贡","Sai Kung","https://mobile.bravobus.com.hk/nwp3/?f=1&ds=792M&dsmode=1&l=0","https://mobile.bravobus.com.hk/nwp3/?f=1&ds=792M&dsmode=1&l=2","https://mobile.bravobus.com.hk/nwp3/?f=1&ds=792M&dsmode=1&l=1",9.4000,"07/04/24 00:00:00"
1629,"CTB",,"82","82","82",1,"R",0,4.2000000000000000e+01,"小西灣(藍灣半島)","小西湾(蓝湾半岛)","Siu Sai Wan (Island Resort)","北角碼頭","北角码头","North Point Ferry Pier","https://mobile.bravobus.com.hk/nwp3/?f=1&ds=82&dsmode=1&l=0","https://mobile.bravobus.com.hk/nwp3/?f=1&ds=82&dsmode=1&l=2","https://mobile.bravobus.com.hk/nwp3/?f=1&ds=82&dsmode=1&l=1",5.5000,"01/02/25 00:00:00"
1631,"CTB",,"85","85","85",1,"R",0,5.8000000000000000e+01,"小西灣(藍灣半島)","小西湾(蓝湾半岛)","Siu Sai Wan (Island Resort)","寶馬山(循環線)","宝马山(循环线)","Braemar Hill (Circular)","https://mobile.bravobus.com.hk/nwp3/?f=1&ds=85&dsmode=1&l=0","https://mobile.bravobus.com.hk/nwp3/?f=1&ds=85&dsmode=1&l=2","https://mobile.bravobus.com.hk/nwp3/?f=1&ds=85&dsmode=1&l=1",5.2000,"01/02/25 00:00:00"
1632,"CTB",,"82X","82X","82X",1,"T",1,3.4000000000000000e+01,"小西灣(藍灣半島)","小西湾(蓝湾半岛)","Siu Sai Wan (Island Resort)","北角(循環線)","北角(循环线)","North Point (Circular)","https://mobile.bravobus.com.hk/nwp3/?f=1&ds=82X&dsmode=1&l=0","https://mobile.bravobus.com.hk/nwp3/?f=1&ds=82X&dsmode=1&l=2","https://mobile.bravobus.com.hk/nwp3/?f=1&ds=82X&dsmode=1&l=1",7.5000,"06/18/23 00:00:00"
1634,"CTB",,"8P","8P","8P",1,"R",0,4.4000000000000000e+01,"小西灣(藍灣半島)","小西湾(蓝湾半岛)","Siu Sai Wan (Island Resort)","會展站","会展站","Exhibition Centre Station","https://mobile.bravobus.com.hk/nwp3/?f=1&ds=8P&dsmode=1&l=0","https://mobile.bravobus.com.hk/nwp3/?f=1&ds=8P&dsmode=1&l=2","https://mobile.bravobus.com.hk/nwp3/?f=1&ds=8P&dsmode=1&l=1",8.1000,"01/02/25 00:00:00"
1636,"CTB",,"8X","8X","8X",1,"R",0,5.8000000000000000e+01,"小西灣(藍灣半島)","小西湾(蓝湾半岛)","Siu Sai Wan (Island Resort)","跑馬地(上)","跑马地(上)","Happy Valley (Upper)","https://mobile.bravobus.com.hk/nwp3/?f=1&ds=8X&dsmode=1&l=0","https://mobile.bravobus.com.hk/nwp3/?f=1&ds=8X&dsmode=1&l=2","https://mobile.bravobus.com.hk/nwp3/?f=1&ds=8X&dsmode=1&l=1",8.1000,"01/02/25 00:00:00"
1637,"CTB",,"9","9","9",1,"R",0,3.1000000000000000e+01,"筲箕灣","筲箕湾","Shau Kei Wan","石澳","石澳","Shek O","https://mobile.bravobus.com.hk/nwp3/?f=1&ds=9&dsmode=1&l=0","https://mobile.bravobus.com.hk/nwp3/?f=1&ds=9&dsmode=1&l=2","https://mobile.bravobus.com.hk/nwp3/?f=1&ds=9&dsmode=1&l=1",9.4000,"12/11/23 00:00:00"
1647,"CTB",,"93A","93A","93A",1,"T",1,3.6000000000000000e+01,"利東邨","利东邨","Lei Tung Estate","羅便臣道","罗便臣道","Robinson Road","https://mobile.bravobus.com.hk/nwp3/?f=1&ds=93A&dsmode=1&l=0","https://mobile.bravobus.com.hk/nwp3/?f=1&ds=93A&dsmode=1&l=2","https://mobile.bravobus.com.hk/nwp3/?f=1&ds=93A&dsmode=1&l=1",9.4000,"06/18/23 00:00:00"
1650,"CTB",,"94A","94A","94A",1,"R",0,2.0000000000000000e+01,"華富(中)","华富(中)","Wah Fu (Central)","利東邨(循環線)","利东邨(循环线)","Lei Tung Estate (Circular)","https://mobile.bravobus.com.hk/nwp3/?f=1&ds=94A&dsmode=1&l=0","https://mobile.bravobus.com.hk/nwp3/?f=1&ds=94A&dsmode=1&l=2","https://mobile.bravobus.com.hk/nwp3/?f=1&ds=94A&dsmode=1&l=1",4.2000,"07/04/24 00:00:00"
1652,"CTB",,"95C","95C","95C",1,"T",1,2.2000000000000000e+01,"鴨脷洲邨","鸭脷洲邨","Ap Lei Chau Estate","置富花園(循環線)","置富花园(循环线)","Chi Fu Fa Yuen (Circular)","https://mobile.bravobus.com.hk/nwp3/?f=1&ds=95C&dsmode=1&l=0","https://mobile.bravobus.com.hk/nwp3/?f=1&ds=95C&dsmode=1&l=2","https://mobile.bravobus.com.hk/nwp3/?f=1&ds=95C&dsmode=1&l=1",4.2000,"04/05/24 00:00:00"
1653,"CTB",,"95P","95P","95P",1,"T",1,3.6000000000000000e+01,"田灣邨","田湾邨","Tin Wan Estate","鴨脷洲邨","鸭脷洲邨","Ap Lei Chau Estate","https://mobile.bravobus.com.hk/nwp3/?f=1&ds=95P&dsmode=1&l=0","https://mobile.bravobus.com.hk/nwp3/?f=1&ds=95P&dsmode=1&l=2","https://mobile.bravobus.com.hk/nwp3/?f=1&ds=95P&dsmode=1&l=1",4.2000,"08/30/23 00:00:00"
1655,"CTB",,"962","962","962",1,"T",1,7.5000000000000000e+01,"屯門(龍門居)","屯门(龙门居)","Tuen Mun (Lung Mun Oasis)","銅鑼灣(摩頓台)","铜锣湾(摩顿台)","Causeway Bay (Moreton Terrace)","https://mobile.bravobus.com.hk/nwp3/?f=1&ds=962&dsmode=1&l=0","https://mobile.bravobus.com.hk/nwp3/?f=1&ds=962&dsmode=1&l=2","https://mobile.bravobus.com.hk/nwp3/?f=1&ds=962&dsmode=1&l=1",24.2000,"01/02/25 00:00:00"
1656,"CTB",,"962A","962A","962A",1,"T",1,6.2000000000000000e+01,"屯門(悅湖山莊)","屯门(悦湖山庄)","Tuen Mun (Yuet Wu Villa)","金鐘","金钟","Admiralty","https://mobile.bravobus.com.hk/nwp3/?f=1&ds=962A&dsmode=1&l=0","https://mobile.bravobus.com.hk/nwp3/?f=1&ds=962A&dsmode=1&l=2","https://mobile.bravobus.com.hk/nwp3/?f=1&ds=962A&dsmode=1&l=1",24.2000,"01/02/25 00:00:00"
1664,"CTB",,"97","97","97",1,"T",1,2.9000000000000000e+01,"利東邨","利东邨","Lei Tung Estate","中環(交易廣場)","中环(交易广场)","Central (Exchange Square)","https://mobile.bravobus.com.hk/nwp3/?f=1&ds=97&dsmode=1&l=0","https://mobile.bravobus.com.hk/nwp3/?f=1&ds=97&dsmode=1&l=2","https://mobile.bravobus.com.hk/nwp3/?f=1&ds=97&dsmode=1&l=1",6.6000,"01/02/25 00:00:00"
1665,"CTB",,"970","970","970",1,"R",0,8.1000000000000000e+01,"數碼港","数码港","Cyberport","蘇屋邨","苏屋邨","So Uk Estate","https://mobile.bravobus.com.hk/nwp3/?f=1&ds=970&dsmode=1&l=0","https://mobile.bravobus.com.hk/nwp3/?f=1&ds=970&dsmode=1&l=2","https://mobile.bravobus.com.hk/nwp3/?f=1&ds=970&dsmode=1&l=1",14.5000,"01/02/25 00:00:00"
1666,"CTB",,"971","971","971",1,"R",0,8.6000000000000000e+01,"石排灣邨公共運輸交匯處","石排湾邨公共运输交汇处","Shek Pai Wan Estate Public Transport Interchange","海麗邨","海丽邨","Hoi Lai Estate","https://mobile.bravobus.com.hk/nwp3/?f=1&ds=971&dsmode=1&l=0","https://mobile.bravobus.com.hk/nwp3/?f=1&ds=971&dsmode=1&l=2","https://mobile.bravobus.com.hk/nwp3/?f=1&ds=971&dsmode=1&l=1",14.5000,"01/02/25 00:00:00"
1667,"CTB",,"973","973","973",1,"T",1,9.3000000000000000e+01,"尖沙咀東(麼地道)","尖沙咀东(麽地道)","Tsim Sha Tsui East (Mody Road)","赤柱","赤柱","Stanley","https://mobile.bravobus.com.hk/nwp3/?f=1&ds=973&dsmode=1&l=0","https://mobile.bravobus.com.hk/nwp3/?f=1&ds=973&dsmode=1&l=2","https://mobile.bravobus.com.hk/nwp3/?f=1&ds=973&dsmode=1&l=1",18.1000,"01/02/25 00:00:00"
1669,"CTB",,"98","98","98",1,"R",0,9.0000000000000000e+00,"利東邨","利东邨","Lei Tung Estate","香港仔(成都道)","香港仔(成都道)","Aberdeen (Chengtu Road)","https://mobile.bravobus.com.hk/nwp3/?f=1&ds=98&dsmode=1&l=0","https://mobile.bravobus.com.hk/nwp3/?f=1&ds=98&dsmode=1&l=2","https://mobile.bravobus.com.hk/nwp3/?f=1&ds=98&dsmode=1&l=1",3.5000,"12/11/23 00:00:00"
1670,"CTB",,"99","99","99",1,"R",0,6.7000000000000000e+01,"海怡半島","海怡半岛","South Horizons","筲箕灣","筲箕湾","Shau Kei Wan","https://mobile.bravobus.com.hk/nwp3/?f=1&ds=99&dsmode=1&l=0","https://mobile.bravobus.com.hk/nwp3/?f=1&ds=99&dsmode=1&l=2","https://mobile.bravobus.com.hk/nwp3/?f=1&ds=99&dsmode=1&l=1",9.7000,"01/02/25 00:00:00"
1677,"CTB",,"E21X","E21X","E21X",1,"T",1,7.7000000000000000e+01,"東涌 (滿東邨)","东涌 (满东邨)","Tung Chung (Mun Tung Estate)","紅磡站","红磡站","Hung Hom Station","https://mobile.bravobus.com.hk/nwp3/?f=1&ds=E21X&dsmode=1&l=0","https://mobile.bravobus.com.hk/nwp3/?f=1&ds=E21X&dsmode=1&l=2","https://mobile.bravobus.com.hk/nwp3/?f=1&ds=E21X&dsmode=1&l=1",17.6000,"08/28/23 00:00:00"
1678,"CTB",,"E22","E22","E22",1,"R",0,1.0300000000000000e+02,"藍田(北)","蓝田(北)","Lam Tin (North)","航天城","航天城","SKYCITY","https://mobile.bravobus.com.hk/nwp3/?f=1&ds=E22&dsmode=1&l=0","https://mobile.bravobus.com.hk/nwp3/?f=1&ds=E22&dsmode=1&l=2","https://mobile.bravobus.com.hk/nwp3/?f=1&ds=E22&dsmode=1&l=1",18.6000,"01/02/25 00:00:00"
1679,"CTB",,"E22A","E22A","E22A",1,"R",0,1.2300000000000000e+02,"將軍澳(康盛花園)","将军澳(康盛花园)","Tseung Kwan O (Hong Sing Garden)","航天城","航天城","SKYCITY","https://mobile.bravobus.com.hk/nwp3/?f=1&ds=E22A&dsmode=1&l=0","https://mobile.bravobus.com.hk/nwp3/?f=1&ds=E22A&dsmode=1&l=2","https://mobile.bravobus.com.hk/nwp3/?f=1&ds=E22A&dsmode=1&l=1",24.8000,"01/02/25 00:00:00"
1680,"CTB",,"A29","A29","A29",1,"R",0,9.5000000000000000e+01,"將軍澳(寶林)","将军澳(宝林)","Tseung Kwan O (Po Lam)","機場","机场","Airport","https://mobile.bravobus.com.hk/nwp3/?f=1&ds=A29&dsmode=1&l=0","https://mobile.bravobus.com.hk/nwp3/?f=1&ds=A29&dsmode=1&l=2","https://mobile.bravobus.com.hk/nwp3/?f=1&ds=A29&dsmode=1&l=1",44.0000,"10/24/24 00:00:00"
1681,"CTB",,"E22P","E22P","E22P",1,"T",1,1.0200000000000000e+02,"油塘","油塘","Yau Tong","航天城","航天城","SKYCITY","https://mobile.bravobus.com.hk/nwp3/?f=1&ds=E22P&dsmode=1&l=0","https://mobile.bravobus.com.hk/nwp3/?f=1&ds=E22P&dsmode=1&l=2","https://mobile.bravobus.com.hk/nwp3/?f=1&ds=E22P&dsmode=1&l=1",18.6000,"01/02/25 00:00:00"
1682,"CTB",,"E23","E23","E23",1,"R",0,1.0200000000000000e+02,"慈雲山(南)","慈云山(南)","Tsz Wan Shan (South)","機場(地面運輸中心)","机场(地面运输中心)","Airport (Ground Transportation Centre)","https://mobile.bravobus.com.hk/nwp3/?f=1&ds=E23&dsmode=1&l=0","https://mobile.bravobus.com.hk/nwp3/?f=1&ds=E23&dsmode=1&l=2","https://mobile.bravobus.com.hk/nwp3/?f=1&ds=E23&dsmode=1&l=1",18.6000,"01/02/25 00:00:00"
1695,"CTB",,"N21","N21","N21",1,"N",0,9.6000000000000000e+01,"尖沙咀(天星碼頭)","尖沙咀(天星码头)","Tsim Sha Tsui (Star Ferry)","機場(地面運輸中心)","机场(地面运输中心)","Airport (Ground Transportation Centre)","https://mobile.bravobus.com.hk/nwp3/?f=1&ds=N21&dsmode=1&l=0","https://mobile.bravobus.com.hk/nwp3/?f=1&ds=N21&dsmode=1&l=2","https://mobile.bravobus.com.hk/nwp3/?f=1&ds=N21&dsmode=1&l=1",23.8000,"06/10/23 00:00:00"
1696,"CTB",,"N21A","N21A","N21A",1,"NT",1,1.2100000000000000e+02,"尖沙咀(天星碼頭)","尖沙咀(天星码头)","Tsim Sha Tsui (Star Ferry)","機場(經逸東邨)","机场(经逸东邨)","Airport (via Yat Tung Estate)","https://mobile.bravobus.com.hk/nwp3/?f=1&ds=N21A&dsmode=1&l=0","https://mobile.bravobus.com.hk/nwp3/?f=1&ds=N21A&dsmode=1&l=2","https://mobile.bravobus.com.hk/nwp3/?f=1&ds=N21A&dsmode=1&l=1",23.8000,"06/10/23 00:00:00"
1697,"CTB",,"N23","N23","N23",1,"NT",1,1.0800000000000000e+02,"慈雲山(北)","慈云山(北)","Tsz Wan Shan (North)","東涌站","东涌站","Tung Chung Station","https://mobile.bravobus.com.hk/nwp3/?f=1&ds=N23&dsmode=1&l=0","https://mobile.bravobus.com.hk/nwp3/?f=1&ds=N23&dsmode=1&l=2","https://mobile.bravobus.com.hk/nwp3/?f=1&ds=N23&dsmode=1&l=1",23.8000,"06/10/23 00:00:00"
1698,"CTB",,"N26","N26","N26",1,"NT",1,1.0600000000000000e+02,"油塘","油塘","Yau Tong","東涌站","东涌站","Tung Chung Station","https://mobile.bravobus.com.hk/nwp3/?f=1&ds=N26&dsmode=1&l=0","https://mobile.bravobus.com.hk/nwp3/?f=1&ds=N26&dsmode=1&l=2","https://mobile.bravobus.com.hk/nwp3/?f=1&ds=N26&dsmode=1&l=1",23.8000,"06/10/23 00:00:00"
1701,"KMB+CTB",,"N680","N680","N680",1,"N",0,7.5000000000000000e+01,"錦英苑","锦英苑","KAM YING COURT","中環(港澳碼頭)","中环(港澳码头)","CENTRAL (MACAU FERRY)","https://search.kmb.hk/KMBWebSite/?action=routesearch&route=N680&lang=zh-hk","https://search.kmb.hk/KMBWebSite/?action=routesearch&route=N680&lang=zh-cn","https://search.kmb.hk/KMBWebSite/?action=routesearch&route=N680&lang=en",33.1000,"06/14/24 00:00:00"
1702,"KMB+CTB",,"N691","N691","N691",1,"N",0,6.6000000000000000e+01,"調景嶺","调景岭","Tiu Keng Leng","中環(港澳碼頭)","中环(港澳码头)","Central (Macau Ferry)","https://search.kmb.hk/KMBWebSite/?action=routesearch&route=N691&lang=zh-hk","https://search.kmb.hk/KMBWebSite/?action=routesearch&route=N691&lang=zh-cn","https://search.kmb.hk/KMBWebSite/?action=routesearch&route=N691&lang=en",27.3000,"06/18/23 00:00:00"
1711,"CTB",,"N969","N969","N969",1,"N",0,1.2000000000000000e+02,"天水圍市中心","天水围市中心","Tin Shui Wai Town Centre","銅鑼灣(摩頓台)","铜锣湾(摩顿台)","Causeway Bay (Moreton Terrace)","https://mobile.bravobus.com.hk/nwp3/?f=1&ds=N969&dsmode=1&l=0","https://mobile.bravobus.com.hk/nwp3/?f=1&ds=N969&dsmode=1&l=2","https://mobile.bravobus.com.hk/nwp3/?f=1&ds=N969&dsmode=1&l=1",41.5000,"01/02/25 00:00:00"
1716,"CTB",,"629","629","629",1,"T",1,3.5000000000000000e+01,"中環(天星碼頭)","中环(天星码头)","Central (Star Ferry)","海洋公園 (正門／水上樂園)","海洋公园 (正门／水上乐园)","Ocean Park (Main Entrance / Water World)","https://mobile.bravobus.com.hk/nwp3/?f=1&ds=629&dsmode=1&l=0","https://mobile.bravobus.com.hk/nwp3/?f=1&ds=629&dsmode=1&l=2","https://mobile.bravobus.com.hk/nwp3/?f=1&ds=629&dsmode=1&l=1",15.9000,"06/10/23 00:00:00"
1722,"CTB",,"X962","X962","X962",1,"T",1,6.4000000000000000e+01,"金鐘 (西)","金钟 (西)","Admiralty (West)","屯門(龍門居)","屯门(龙门居)","Tuen Mun (Lung Mun Oasis)","https://mobile.bravobus.com.hk/nwp3/?f=1&ds=X962&dsmode=1&l=0","https://mobile.bravobus.com.hk/nwp3/?f=1&ds=X962&dsmode=1&l=2","https://mobile.bravobus.com.hk/nwp3/?f=1&ds=X962&dsmode=1&l=1",24.2000,"01/02/25 00:00:00"
1723,"NLB",,"1","1","1",1,"R",2,4.5000000000000000e+01,"梅窩碼頭","梅窝码头","Mui Wo Ferry Pier","大澳","大澳","Tai O","http://www.nlb.com.hk/route?q=1","http://www.nlb.com.hk/route?q=1","http://www.nlb.com.hk/route?q=1",21.4000,"10/06/23 00:00:00"
1724,"NLB",,"11","11","11",1,"R",2,5.4000000000000000e+01,"東涌站巴士總站","东涌站巴士总站","Tung Chung Station Bus Terminus","大澳","大澳","Tai O","http://www.nlb.com.hk/route?q=11","http://www.nlb.com.hk/route?q=11","http://www.nlb.com.hk/route?q=11",23.3000,"07/26/24 00:00:00"
1725,"NLB",,"2","2","2",1,"T",3,4.5000000000000000e+01,"梅窩碼頭","梅窝码头","Mui Wo Ferry Pier","昂坪","昂坪","Ngong Ping","http://www.nlb.com.hk/route?q=2","http://www.nlb.com.hk/route?q=2","http://www.nlb.com.hk/route?q=2",37.0000,"06/11/23 00:00:00"
1726,"NLB",,"21","21","21",1,"T",3,1.8000000000000000e+01,"大澳","大澳","Tai O","昂坪","昂坪","Ngong Ping","http://www.nlb.com.hk/route?q=21","http://www.nlb.com.hk/route?q=21","http://www.nlb.com.hk/route?q=21",19.2000,"06/11/23 00:00:00"
1727,"NLB",,"23","23","23",1,"T",3,5.0000000000000000e+01,"東涌達東路巴士總站","东涌达东路巴士总站","Tung Chung Tat Tung Road Bus Terminus","昂坪","昂坪","Ngong Ping","http://www.nlb.com.hk/route?q=23","http://www.nlb.com.hk/route?q=23","http://www.nlb.com.hk/route?q=23",37.0000,"06/11/23 00:00:00"
1728,"NLB",,"34","34","34",1,"R",0,1.8000000000000000e+01,"東涌達東路巴士總站","东涌达东路巴士总站","Tung Chung Tat Tung Road Bus Terminus","石門甲","石门甲","Shek Mun Kap","http://www.nlb.com.hk/route?q=34","http://www.nlb.com.hk/route?q=34","http://www.nlb.com.hk/route?q=34",5.1000,"12/02/24 00:00:00"
1729,"NLB",,"36","36","36",1,"R",1,2.8000000000000000e+01,"東涌達東路巴士總站","东涌达东路巴士总站","Tung Chung Tat Tung Road Bus Terminus","迪士尼樂園","迪士尼乐园","Disneyland","http://www.nlb.com.hk/route?q=36","http://www.nlb.com.hk/route?q=36","http://www.nlb.com.hk/route?q=36",10.7000,"06/10/23 00:00:00"
1731,"NLB",,"38","38","38",1,"R",0,7.0000000000000000e+00,"逸東邨","逸东邨","Yat Tung Estate","東涌站巴士總站(循環線)","东涌站巴士总站(循环线)","Tung Chung Station Bus Terminus (Circular)","http://www.nlb.com.hk/route?q=38","http://www.nlb.com.hk/route?q=38","http://www.nlb.com.hk/route?q=38",3.8000,"08/29/23 00:00:00"
1732,"NLB",,"3M","3M","3M",1,"R",2,4.5000000000000000e+01,"梅窩碼頭","梅窝码头","Mui Wo Ferry Pier","東涌站巴士總站","东涌站巴士总站","Tung Chung Station Bus Terminus","http://www.nlb.com.hk/route?q=3M","http://www.nlb.com.hk/route?q=3M","http://www.nlb.com.hk/route?q=3M",19.6000,"07/26/24 00:00:00"
1733,"NLB",,"4","4","4",1,"T",3,2.5000000000000000e+01,"梅窩碼頭","梅窝码头","Mui Wo Ferry Pier","水口","水口","Shui Hau","http://www.nlb.com.hk/route?q=4","http://www.nlb.com.hk/route?q=4","http://www.nlb.com.hk/route?q=4",13.0000,"06/18/23 00:00:00"
1734,"NLB",,"A35","A35","A35",1,"T",3,7.7000000000000000e+01,"梅窩碼頭","梅窝码头","Mui Wo Ferry Pier","大橋香港口岸","大桥香港口岸","HZMB Hong Kong Port","http://www.nlb.com.hk/route?q=A35","http://www.nlb.com.hk/route?q=A35","http://www.nlb.com.hk/route?q=A35",32.4000,"12/15/23 00:00:00"
1735,"NLB",,"B2","B2","B2",1,"R",0,3.2000000000000000e+01,"元朗站","元朗站","Yuen Long Station","深圳灣口岸","深圳湾口岸","Shenzhen Bay Port","http://www.nlb.com.hk/route?q=B2","http://www.nlb.com.hk/route?q=B2","http://www.nlb.com.hk/route?q=B2",15.8000,"02/14/24 00:00:00"
1736,"NLB",,"N1","N1","N1",1,"NT",3,4.5000000000000000e+01,"梅窩碼頭","梅窝码头","Mui Wo Ferry Pier","大澳","大澳","Tai O","http://www.nlb.com.hk/route?q=N1","http://www.nlb.com.hk/route?q=N1","http://www.nlb.com.hk/route?q=N1",32.8000,"06/18/23 00:00:00"
1737,"NLB",,"N35","N35","N35",1,"NT",3,7.5000000000000000e+01,"梅窩碼頭","梅窝码头","Mui Wo Ferry Pier","大橋香港口岸","大桥香港口岸","HZMB Hong Kong Port","http://www.nlb.com.hk/route?q=N35","http://www.nlb.com.hk/route?q=N35","http://www.nlb.com.hk/route?q=N35",47.9000,"06/18/23 00:00:00"
1745,"KMB+CTB",,"104","104","104",1,"R",0,7.1000000000000000e+01,"堅尼地城","坚尼地城","KENNEDY TOWN","深水埗(白田邨)","深水埗(白田邨)","SHAM SHUI PO (PAK TIN ESTATE)","https://search.kmb.hk/KMBWebSite/?action=routesearch&route=104&lang=zh-hk","https://search.kmb.hk/KMBWebSite/?action=routesearch&route=104&lang=zh-cn","https://search.kmb.hk/KMBWebSite/?action=routesearch&route=104&lang=en",12.9000,"08/29/24 00:00:00"
1747,"KMB+CTB",,"118","118","118",1,"R",0,6.6000000000000000e+01,"長沙灣(深旺道)","长沙湾(深旺道)","CHEUNG SHA WAN (SHAM MONG ROAD)","小西灣(藍灣半島)","小西湾(蓝湾半岛)","SIU SAI WAN (ISLAND RESORT)","https://search.kmb.hk/KMBWebSite/?action=routesearch&route=118&lang=zh-hk","https://search.kmb.hk/KMBWebSite/?action=routesearch&route=118&lang=zh-cn","https://search.kmb.hk/KMBWebSite/?action=routesearch&route=118&lang=en",12.9000,"08/11/23 00:00:00"
1749,"CTB",,"12","12","12",1,"T",1,1.9000000000000000e+01,"中環(中環渡輪碼頭3號)","中环(中环渡轮码头3号)","Central (Central Ferry Piers, PIER 3 )","羅便臣道/柏道(循環線)(不經金鐘、柏道)","罗便臣道/柏道(循环线)(不经金钟、柏道)","Robinson Road/ Park Road (Circular) (omit Admiralty, Park Road)","https://mobile.bravobus.com.hk/nwp3/?f=1&ds=12&dsmode=1&l=0","https://mobile.bravobus.com.hk/nwp3/?f=1&ds=12&dsmode=1&l=2","https://mobile.bravobus.com.hk/nwp3/?f=1&ds=12&dsmode=1&l=1",6.1000,"06/10/23 00:00:00"
1750,"CTB",,"12","12","12",1,"R",0,3.2000000000000000e+01,"中環(中環渡輪碼頭3號)","中环(中环渡轮码头3号)","Central (Central Ferry Piers, PIER 3)","羅便臣道/柏道(循環線)","罗便臣道/柏道(循环线)","Robinson Road/ Park Road (Circular)","https://mobile.bravobus.com.hk/nwp3/?f=1&ds=12&dsmode=1&l=0","https://mobile.bravobus.com.hk/nwp3/?f=1&ds=12&dsmode=1&l=2","https://mobile.bravobus.com.hk/nwp3/?f=1&ds=12&dsmode=1&l=1",6.1000,"07/02/24 00:00:00"
1751,"CTB",,"18P","18P","18P",1,"T",1,4.2000000000000000e+01,"堅尼地城(卑路乍灣)","坚尼地城(卑路乍湾)","Kennedy Town (Belcher Bay)","北角(健康中街)","北角(健康中街)","North Point (Healthy Street Central)","https://mobile.bravobus.com.hk/nwp3/?f=1&ds=18P&dsmode=1&l=0","https://mobile.bravobus.com.hk/nwp3/?f=1&ds=18P&dsmode=1&l=2","https://mobile.bravobus.com.hk/nwp3/?f=1&ds=18P&dsmode=1&l=1",7.0000,"01/02/25 00:00:00"
1764,"CTB",,"41A","41A","41A",1,"T",1,5.8000000000000000e+01,"華富(中)","华富(中)","Wah Fu (Central)","北角碼頭(途經寶馬山)","北角码头(途经宝马山)","North Point Ferry (via Braemar Hill)","https://mobile.bravobus.com.hk/nwp3/?f=1&ds=41A&dsmode=1&l=0","https://mobile.bravobus.com.hk/nwp3/?f=1&ds=41A&dsmode=1&l=2","https://mobile.bravobus.com.hk/nwp3/?f=1&ds=41A&dsmode=1&l=1",9.6000,"01/02/25 00:00:00"
1765,"CTB",,"48","48","48",1,"T",1,1.9000000000000000e+01,"海洋公園","海洋公园","Ocean Park","華富(海洋公園為終點站)(循環線)","华富(循环线)","Wah Fu(Terminated At Ocean Park)(Circular)","https://mobile.bravobus.com.hk/nwp3/?f=1&ds=48&dsmode=1&l=0","https://mobile.bravobus.com.hk/nwp3/?f=1&ds=48&dsmode=1&l=2","https://mobile.bravobus.com.hk/nwp3/?f=1&ds=48&dsmode=1&l=1",4.2000,"06/10/23 00:00:00"
1766,"CTB",,"48","48","48",1,"T",1,1.4000000000000000e+01,"深灣","深湾","Sham Wan","華富(循環線)","华富(循环线)","Wah Fu (Circular)","https://mobile.bravobus.com.hk/nwp3/?f=1&ds=48&dsmode=1&l=0","https://mobile.bravobus.com.hk/nwp3/?f=1&ds=48&dsmode=1&l=2","https://mobile.bravobus.com.hk/nwp3/?f=1&ds=48&dsmode=1&l=1",4.2000,"07/24/24 00:00:00"
1768,"CTB",,"85A","85A","85A",1,"T",1,3.0000000000000000e+01,"愛賢街","爱贤街","Oi Yin Street","寶馬山","宝马山","Braemar Hill","https://mobile.bravobus.com.hk/nwp3/?f=1&ds=85A&dsmode=1&l=0","https://mobile.bravobus.com.hk/nwp3/?f=1&ds=85A&dsmode=1&l=2","https://mobile.bravobus.com.hk/nwp3/?f=1&ds=85A&dsmode=1&l=1",5.2000,"06/18/23 00:00:00"
1769,"KMB+CTB",,"601","601","601",1,"R",0,5.4000000000000000e+01,"寶達","宝达","PO TAT","金鐘站(東)","金钟站(东)","ADMIRALTY STATION (EAST)","https://search.kmb.hk/KMBWebSite/?action=routesearch&route=601&lang=zh-hk","https://search.kmb.hk/KMBWebSite/?action=routesearch&route=601&lang=zh-cn","https://search.kmb.hk/KMBWebSite/?action=routesearch&route=601&lang=en",12.9000,"06/18/23 00:00:00"
1773,"KMB+CTB",,"680","680","680",1,"R",0,7.4000000000000000e+01,"利安","利安","LEE ON","金鐘站(東)","金钟站(东)","ADMIRALTY STATION (EAST)","https://search.kmb.hk/KMBWebSite/?action=routesearch&route=680&lang=zh-hk","https://search.kmb.hk/KMBWebSite/?action=routesearch&route=680&lang=zh-cn","https://search.kmb.hk/KMBWebSite/?action=routesearch&route=680&lang=en",24.4000,"06/17/24 00:00:00"
1786,"CTB",,"93","93","93",1,"T",1,2.9000000000000000e+01,"鴨脷洲邨","鸭脷洲邨","Ap Lei Chau Estate","羅便臣道","罗便臣道","Robinson Road","https://mobile.bravobus.com.hk/nwp3/?f=1&ds=93&dsmode=1&l=0","https://mobile.bravobus.com.hk/nwp3/?f=1&ds=93&dsmode=1&l=2","https://mobile.bravobus.com.hk/nwp3/?f=1&ds=93&dsmode=1&l=1",9.4000,"06/18/23 00:00:00"
1787,"CTB",,"93","93","93",1,"T",1,3.0000000000000000e+01,"海怡半島","海怡半岛","South Horizons","羅便臣道","罗便臣道","Robinson Road","https://mobile.bravobus.com.hk/nwp3/?f=1&ds=93&dsmode=1&l=0","https://mobile.bravobus.com.hk/nwp3/?f=1&ds=93&dsmode=1&l=2","https://mobile.bravobus.com.hk/nwp3/?f=1&ds=93&dsmode=1&l=1",9.4000,"06/18/23 00:00:00"
1788,"CTB",,"93C","93C","93C",1,"T",1,3.7000000000000000e+01,"鴨脷洲大街","鸭脷洲大街","Main Street Ap Lei Chau","堅道","坚道","Caine Road","https://mobile.bravobus.com.hk/nwp3/?f=1&ds=93C&dsmode=1&l=0","https://mobile.bravobus.com.hk/nwp3/?f=1&ds=93C&dsmode=1&l=2","https://mobile.bravobus.com.hk/nwp3/?f=1&ds=93C&dsmode=1&l=1",7.5000,"06/18/23 00:00:00"
1789,"CTB",,"93C","93C","93C",1,"T",1,4.1000000000000000e+01,"田灣邨巴士總站","田湾邨巴士总站","Tin Wan Estate Bus Terminus","堅道","坚道","Caine Road","https://mobile.bravobus.com.hk/nwp3/?f=1&ds=93C&dsmode=1&l=0","https://mobile.bravobus.com.hk/nwp3/?f=1&ds=93C&dsmode=1&l=2","https://mobile.bravobus.com.hk/nwp3/?f=1&ds=93C&dsmode=1&l=1",7.5000,"06/18/23 00:00:00"
1790,"KMB+CTB",,"948","948","948",1,"T",1,6.4000000000000000e+01,"青衣(長安邨)","青衣(长安邨)","TSING YI (CHEUNG ON ESTATE)","銅鑼灣(天后)","铜锣湾(天后)","CAUSEWAY BAY (TIN HAU)","https://search.kmb.hk/KMBWebSite/?action=routesearch&route=948&lang=zh-hk","https://search.kmb.hk/KMBWebSite/?action=routesearch&route=948&lang=zh-cn","https://search.kmb.hk/KMBWebSite/?action=routesearch&route=948&lang=en",20.8000,"06/18/23 00:00:00"
1791,"KMB+CTB",,"948X","948X","948X",1,"T",1,4.6000000000000000e+01,"長宏","长宏","Cheung Wang","銅鑼灣(天后)","铜锣湾(天后)","Causeway Bay (Tin Hau)","https://search.kmb.hk/KMBWebSite/?action=routesearch&route=948X&lang=zh-hk","https://search.kmb.hk/KMBWebSite/?action=routesearch&route=948X&lang=zh-cn","https://search.kmb.hk/KMBWebSite/?action=routesearch&route=948X&lang=en",20.8000,"09/15/23 00:00:00"
1805,"CTB",,"A12","A12","A12",1,"R",0,1.1200000000000000e+02,"小西灣(藍灣半島)","小西湾(蓝湾半岛)","Siu Sai Wan (Island Resort)","機場","机场","Airport","https://mobile.bravobus.com.hk/nwp3/?f=1&ds=A12&dsmode=1&l=0","https://mobile.bravobus.com.hk/nwp3/?f=1&ds=A12&dsmode=1&l=2","https://mobile.bravobus.com.hk/nwp3/?f=1&ds=A12&dsmode=1&l=1",47.1000,"01/02/25 00:00:00"
1806,"CTB",,"A12","A12","A12",1,"T",1,1.0800000000000000e+02,"小西灣(藍灣半島)","小西湾(蓝湾半岛)","Siu Sai Wan (Island Resort)","機場(經西環/國泰城/民航處總部)","机场(经西环/国泰城/民航处总部)","Airport (via West Point/Cathay City / CAD Headquarters)","https://mobile.bravobus.com.hk/nwp3/?f=1&ds=A12&dsmode=1&l=0","https://mobile.bravobus.com.hk/nwp3/?f=1&ds=A12&dsmode=1&l=2","https://mobile.bravobus.com.hk/nwp3/?f=1&ds=A12&dsmode=1&l=1",47.1000,"01/02/25 00:00:00"
1807,"CTB",,"A22","A22","A22",1,"R",0,9.6000000000000000e+01,"藍田站","蓝田站","Lam Tin Station","機場(地面運輸中心)","机场(地面运输中心)","Airport (Ground Transportation Centre)","https://mobile.bravobus.com.hk/nwp3/?f=1&ds=A22&dsmode=1&l=0","https://mobile.bravobus.com.hk/nwp3/?f=1&ds=A22&dsmode=1&l=2","https://mobile.bravobus.com.hk/nwp3/?f=1&ds=A22&dsmode=1&l=1",40.8000,"01/02/25 00:00:00"
1815,"LWB",,"E42P","E42P","E42P",1,"T",1,7.2000000000000000e+01,"東涌(逸東)","东涌(逸东)","TUNG CHUNG (YAT TUNG)","火炭(山尾街)","火炭(山尾街)","FO TAN (SHAN MEI STREET)","https://search.kmb.hk/KMBWebSite/?action=routesearch&route=E42P&lang=zh-hk","https://search.kmb.hk/KMBWebSite/?action=routesearch&route=E42P&lang=zh-cn","https://search.kmb.hk/KMBWebSite/?action=routesearch&route=E42P&lang=en",14.4000,"06/10/23 00:00:00"
1816,"LWB",,"N64","N64","N64",1,"NT",1,3.5000000000000000e+01,"機場(地面運輸中心)","机场(地面运输中心)","AIRPORT (GROUND TRANSPORTATION CENTRE)","東涌(逸東)","东涌(逸东)","TUNG CHUNG (YAT TUNG)","https://search.kmb.hk/KMBWebSite/?action=routesearch&route=N64&lang=zh-hk","https://search.kmb.hk/KMBWebSite/?action=routesearch&route=N64&lang=zh-cn","https://search.kmb.hk/KMBWebSite/?action=routesearch&route=N64&lang=en",5.4000,"06/18/23 00:00:00"
1854,"KMB",,"251A","251A","251A",1,"R",0,2.2000000000000000e+01,"錦上路站","锦上路站","KAM SHEUNG ROAD STATION","上村(循環線)","上村(循环线)","SHEUNG TSUEN (CIRCULAR)","https://search.kmb.hk/KMBWebSite/?action=routesearch&route=251A&lang=zh-hk","https://search.kmb.hk/KMBWebSite/?action=routesearch&route=251A&lang=zh-cn","https://search.kmb.hk/KMBWebSite/?action=routesearch&route=251A&lang=en",6.7000,"09/27/24 00:00:00"
1855,"KMB",,"B1","B1","B1",1,"R",0,4.8000000000000000e+01,"天慈","天慈","TIN TSZ","落馬洲站(福田)","落马洲站(福田)","LOK MA CHAU STATION (FUTIAN)","https://search.kmb.hk/KMBWebSite/?action=routesearch&route=B1&lang=zh-hk","https://search.kmb.hk/KMBWebSite/?action=routesearch&route=B1&lang=zh-cn","https://search.kmb.hk/KMBWebSite/?action=routesearch&route=B1&lang=en",15.3000,"01/02/25 00:00:00"
1861,"CTB",,"701S","701S","701S",1,"NT",1,1.9000000000000000e+01,"海麗邨","海丽邨","Hoi Lai Estate","旺角(循環線)","旺角(循环线)","Mong Kok (Circular)","https://mobile.bravobus.com.hk/nwp3/?f=1&ds=701S&dsmode=1&l=0","https://mobile.bravobus.com.hk/nwp3/?f=1&ds=701S&dsmode=1&l=2","https://mobile.bravobus.com.hk/nwp3/?f=1&ds=701S&dsmode=1&l=1",7.2000,"06/18/23 00:00:00"
1862,"LRTFeeder",,"506","506","506",1,"R",0,2.0000000000000000e+01,"屯門碼頭","屯门码头","Tuen Mun Ferry Pier","兆麟","兆麟","Siu Lun","https://www.mtr.com.hk/ch/customer/services/bus_finder_search_box.html","https://www.mtr.com.hk/ch/customer/services/bus_finder_search_box.html","https://www.mtr.com.hk/en/customer/services/bus_finder_search_box.html",5.1000,"06/24/24 00:00:00"
1870,"LRTFeeder",,"K75S","K75S","K75S",1,"T",1,8.0000000000000000e+00,"天水圍站","天水围站","Tin Shui Wai Station","洪福邨(循環線)","洪福邨(循环线)","Hung Fuk Estate(Circular)","https://www.mtr.com.hk/ch/customer/services/bus_finder_search_box.html","https://www.mtr.com.hk/ch/customer/services/bus_finder_search_box.html","https://www.mtr.com.hk/en/customer/services/bus_finder_search_box.html",5.1000,"06/24/24 00:00:00"
1871,"LRTFeeder",,"K51","K51","K51",1,"R",0,3.6000000000000000e+01,"富泰","富泰","Fu Tai","大欖","大榄","Tai Lam","https://www.mtr.com.hk/ch/customer/services/bus_finder_search_box.html","https://www.mtr.com.hk/ch/customer/services/bus_finder_search_box.html","https://www.mtr.com.hk/en/customer/services/bus_finder_search_box.html",5.1000,"06/24/24 00:00:00"
1880,"LRTFeeder",,"K73","K73","K73",1,"T",1,2.3000000000000000e+01,"天秀路(天晴邨)","天秀路(天晴邨)","Tin Sau Road (Tin Ching Estate)","元朗西","元朗西","Yuen Long West","https://www.mtr.com.hk/ch/customer/services/bus_finder_search_box.html","https://www.mtr.com.hk/ch/customer/services/bus_finder_search_box.html","https://www.mtr.com.hk/en/customer/services/bus_finder_search_box.html",5.1000,"06/24/24 00:00:00"
1881,"LRTFeeder",,"K74","K74","K74",1,"T",1,3.8000000000000000e+01,"天水圍市中心","天水围市中心","Tin Shui Wai Town Centre","凹頭 (循環綫)","凹头 (循环綫)","Au Tau (Circular)","https://www.mtr.com.hk/ch/customer/services/bus_finder_search_box.html","https://www.mtr.com.hk/ch/customer/services/bus_finder_search_box.html","https://www.mtr.com.hk/en/customer/services/bus_finder_search_box.html",5.1000,"06/24/24 00:00:00"
1883,"LRTFeeder",,"K75P","K75P","K75P",1,"R",0,2.1000000000000000e+01,"天瑞","天瑞","Tin Shui","洪水橋(循環線)","洪水桥(循环线)","Hung Shui Kiu (Circular)","https://www.mtr.com.hk/ch/customer/services/bus_finder_search_box.html","https://www.mtr.com.hk/ch/customer/services/bus_finder_search_box.html","https://www.mtr.com.hk/en/customer/services/bus_finder_search_box.html",5.1000,"06/24/24 00:00:00"
1884,"LRTFeeder",,"K76","K76","K76",1,"R",0,1.7000000000000000e+01,"天恒","天恒","Tin Heng","天水圍站","天水围站","Tin Shui Wai Station","https://www.mtr.com.hk/ch/customer/services/bus_finder_search_box.html","https://www.mtr.com.hk/ch/customer/services/bus_finder_search_box.html","https://www.mtr.com.hk/en/customer/services/bus_finder_search_box.html",5.1000,"06/24/24 00:00:00"
1886,"CTB",,"969A","969A","969A",1,"T",1,8.6000000000000000e+01,"灣仔(軒尼詩道)","湾仔(轩尼诗道)","Wan Chai (Hennessy Road)","天水圍 (北)","天水围 (北)","Tin Shui Wai (North)","https://mobile.bravobus.com.hk/nwp3/?f=1&ds=969A&dsmode=1&l=0","https://mobile.bravobus.com.hk/nwp3/?f=1&ds=969A&dsmode=1&l=2","https://mobile.bravobus.com.hk/nwp3/?f=1&ds=969A&dsmode=1&l=1",27.3000,"01/02/25 00:00:00"
1887,"CTB",,"967X","967X","967X",1,"T",1,7.8000000000000000e+01,"銅鑼灣(摩頓台)","铜锣湾(摩顿台)","Causeway Bay (Moreton Terrace)","天水圍(天恩邨)(不經海富中心)","天水围(天恩邨)(不经海富中心)","Tin Shui Wai  (Tin Yan Estate) (omit Admiralty Centre)","https://mobile.bravobus.com.hk/nwp3/?f=1&ds=967X&dsmode=1&l=0","https://mobile.bravobus.com.hk/nwp3/?f=1&ds=967X&dsmode=1&l=2","https://mobile.bravobus.com.hk/nwp3/?f=1&ds=967X&dsmode=1&l=1",27.3000,"01/02/25 00:00:00"
1897,"CTB",,"930A","930A","930A",1,"T",1,4.2000000000000000e+01,"荃灣西站/荃灣(愉景新城)","荃湾西站/荃湾(愉景新城)","Tsuen Wan West Station/Tsuen Wan (Discovery Park)","會展站","会展站","Exhibition Centre Station","https://mobile.bravobus.com.hk/nwp3/?f=1&ds=930A&dsmode=1&l=0","https://mobile.bravobus.com.hk/nwp3/?f=1&ds=930A&dsmode=1&l=2","https://mobile.bravobus.com.hk/nwp3/?f=1&ds=930A&dsmode=1&l=1",20.8000,"01/02/25 00:00:00"
1898,"CTB",,"65","65","65",1,"T",1,5.7000000000000000e+01,"北角碼頭","北角码头","North Point Ferry","赤柱市集","赤柱市集","Stanley Market","https://mobile.bravobus.com.hk/nwp3/?f=1&ds=65&dsmode=1&l=0","https://mobile.bravobus.com.hk/nwp3/?f=1&ds=65&dsmode=1&l=2","https://mobile.bravobus.com.hk/nwp3/?f=1&ds=65&dsmode=1&l=1",12.8000,"06/18/23 00:00:00"
1951,"KMB",,"960B","960B","960B",1,"T",1,7.2000000000000000e+01,"屯門(建生)","屯门(建生)","TUEN MUN (KIN SANG)","鰂魚涌(英皇道)","鰂鱼涌(英皇道)","QUARRY BAY (KING'S ROAD)","https://search.kmb.hk/KMBWebSite/?action=routesearch&route=960B&lang=zh-hk","https://search.kmb.hk/KMBWebSite/?action=routesearch&route=960B&lang=zh-cn","https://search.kmb.hk/KMBWebSite/?action=routesearch&route=960B&lang=en",27.0000,"12/08/23 00:00:00"
1952,"KMB",,"54","54","54",1,"R",0,3.5000000000000000e+01,"元朗(西)","元朗(西)","YUEN LONG (WEST)","上村(循環線)","上村(循环线)","SHEUNG TSUEN (CIRCULAR)","https://search.kmb.hk/KMBWebSite/?action=routesearch&route=54&lang=zh-hk","https://search.kmb.hk/KMBWebSite/?action=routesearch&route=54&lang=zh-cn","https://search.kmb.hk/KMBWebSite/?action=routesearch&route=54&lang=en",6.7000,"03/15/24 00:00:00"
1953,"KMB",,"40P","40P","40P",1,"R",0,5.6000000000000000e+01,"荃灣(如心廣場)","荃湾(如心广场)","TSUEN WAN (NINA TOWER)","觀塘碼頭","观塘码头","KWUN TONG FERRY","https://search.kmb.hk/KMBWebSite/?action=routesearch&route=40P&lang=zh-hk","https://search.kmb.hk/KMBWebSite/?action=routesearch&route=40P&lang=zh-cn","https://search.kmb.hk/KMBWebSite/?action=routesearch&route=40P&lang=en",10.0000,"12/02/24 00:00:00"
1955,"KMB",,"23M","23M","23M",1,"R",0,3.1000000000000000e+01,"樂華","乐华","LOK WAH","順利(循環線)","顺利(循环线)","SHUN LEE (CIRCULAR)","https://search.kmb.hk/KMBWebSite/?action=routesearch&route=23M&lang=zh-hk","https://search.kmb.hk/KMBWebSite/?action=routesearch&route=23M&lang=zh-cn","https://search.kmb.hk/KMBWebSite/?action=routesearch&route=23M&lang=en",5.6000,"05/10/24 00:00:00"
1738,"NLB",,"N38","N38","N38",1,"N",0,7.0000000000000000e+00,"逸東邨","逸东邨","Yat Tung Estate","東涌站巴士總站","东涌站巴士总站","Tung Chung Station Bus Terminus","http://www.nlb.com.hk/route?q=N38","http://www.nlb.com.hk/route?q=N38","http://www.nlb.com.hk/route?q=N38",5.4000,"06/10/23 00:00:00"
1739,"CTB",,"6","6","6",1,"T",1,5.7000000000000000e+01,"中環(交易廣場)","中环(交易广场)","Central (Exchange Square)","赤柱市場(經馬坑)","赤柱市场(经马坑)","Stanley Market (via Ma Hang)","https://mobile.bravobus.com.hk/nwp3/?f=1&ds=6&dsmode=1&l=0","https://mobile.bravobus.com.hk/nwp3/?f=1&ds=6&dsmode=1&l=2","https://mobile.bravobus.com.hk/nwp3/?f=1&ds=6&dsmode=1&l=1",11.4000,"01/02/25 00:00:00"
1740,"CTB",,"6","6","6",1,"T",1,5.2000000000000000e+01,"中環(交易廣場)","中环(交易广场)","Central (Exchange Square)","赤柱市場(經舂磡角及馬坑)","赤柱市场(经舂磡角及马坑)","Stanley Market (via Chung Hom Kok & Ma Hang)","https://mobile.bravobus.com.hk/nwp3/?f=1&ds=6&dsmode=1&l=0","https://mobile.bravobus.com.hk/nwp3/?f=1&ds=6&dsmode=1&l=2","https://mobile.bravobus.com.hk/nwp3/?f=1&ds=6&dsmode=1&l=1",11.4000,"01/02/25 00:00:00"
1741,"CTB",,"14","14","14",1,"T",1,3.7000000000000000e+01,"嘉亨灣","嘉亨湾","Grand Promenade","赤柱砲台 (閘口)(經赤柱村)","赤柱炮台 (闸口)(经赤柱村)","Stanley Fort Gate (via Stanley Village)","https://mobile.bravobus.com.hk/nwp3/?f=1&ds=14&dsmode=1&l=0","https://mobile.bravobus.com.hk/nwp3/?f=1&ds=14&dsmode=1&l=2","https://mobile.bravobus.com.hk/nwp3/?f=1&ds=14&dsmode=1&l=1",12.1000,"10/24/24 00:00:00"
1743,"CTB",,"15","15","15",1,"T",1,4.6000000000000000e+01,"中環(中環渡輪碼頭)","中环(中环渡轮码头)","Central (Central Ferry Piers)","山頂","山顶","The Peak","https://mobile.bravobus.com.hk/nwp3/?f=1&ds=15&dsmode=1&l=0","https://mobile.bravobus.com.hk/nwp3/?f=1&ds=15&dsmode=1&l=2","https://mobile.bravobus.com.hk/nwp3/?f=1&ds=15&dsmode=1&l=1",13.0000,"01/02/25 00:00:00"
1744,"CTB",,"15","15","15",1,"T",1,4.5000000000000000e+01,"中環(交易廣場)","中环(交易广场)","Central (Exchange Square)","山頂","山顶","The Peak","https://mobile.bravobus.com.hk/nwp3/?f=1&ds=15&dsmode=1&l=0","https://mobile.bravobus.com.hk/nwp3/?f=1&ds=15&dsmode=1&l=2","https://mobile.bravobus.com.hk/nwp3/?f=1&ds=15&dsmode=1&l=1",13.0000,"01/02/25 00:00:00"
1755,"CTB",,"23B","23B","23B",1,"T",1,4.0000000000000000e+01,"寶馬山","宝马山","Braemar Hill","柏道 / 羅便臣道","柏道 / 罗便臣道","Park Road / Robinson Road","https://mobile.bravobus.com.hk/nwp3/?f=1&ds=23B&dsmode=1&l=0","https://mobile.bravobus.com.hk/nwp3/?f=1&ds=23B&dsmode=1&l=2","https://mobile.bravobus.com.hk/nwp3/?f=1&ds=23B&dsmode=1&l=1",9.4000,"08/30/23 00:00:00"
1757,"KMB+CTB",,"307","307","307",1,"R",0,5.3000000000000000e+01,"大埔中心","大埔中心","Tai Po Central","中環(中環渡輪碼頭)","中环(中环渡轮码头)","Central (Central Ferry Piers)","https://search.kmb.hk/KMBWebSite/?action=routesearch&route=307&lang=zh-hk","https://search.kmb.hk/KMBWebSite/?action=routesearch&route=307&lang=zh-cn","https://search.kmb.hk/KMBWebSite/?action=routesearch&route=307&lang=en",27.3000,"08/29/24 00:00:00"
1758,"KMB+CTB",,"307A","307A","307A",1,"T",1,7.5000000000000000e+01,"大埔(大埔頭)","大埔(大埔头)","Tai Po (Tai Po Tau)","上環","上环","Sheung Wan","https://search.kmb.hk/KMBWebSite/?action=routesearch&route=307A&lang=zh-hk","https://search.kmb.hk/KMBWebSite/?action=routesearch&route=307A&lang=zh-cn","https://search.kmb.hk/KMBWebSite/?action=routesearch&route=307A&lang=en",27.3000,"04/12/24 00:00:00"
1760,"KMB+CTB",,"307P","307P","307P",1,"T",1,8.1000000000000000e+01,"大埔(汀太路)","大埔(汀太路)","Tai Po (Ting Tai Road)","銅鑼灣(天后)","铜锣湾(天后)","Causeway Bay (Tin Hau)","https://search.kmb.hk/KMBWebSite/?action=routesearch&route=307P&lang=zh-hk","https://search.kmb.hk/KMBWebSite/?action=routesearch&route=307P&lang=zh-cn","https://search.kmb.hk/KMBWebSite/?action=routesearch&route=307P&lang=en",27.3000,"08/23/24 00:00:00"
1762,"CTB",,"40","40","40",1,"R",0,5.9000000000000000e+01,"華富(北)","华富(北)","Wah Fu (North)","會展站","会展站","Exhibition Centre Station","https://mobile.bravobus.com.hk/nwp3/?f=1&ds=40&dsmode=1&l=0","https://mobile.bravobus.com.hk/nwp3/?f=1&ds=40&dsmode=1&l=2","https://mobile.bravobus.com.hk/nwp3/?f=1&ds=40&dsmode=1&l=1",7.5000,"08/25/23 00:00:00"
1763,"CTB",,"41A","41A","41A",1,"R",0,5.8000000000000000e+01,"華富(中)","华富(中)","Wah Fu (Central)","北角碼頭","北角码头","North Point Ferry","https://mobile.bravobus.com.hk/nwp3/?f=1&ds=41A&dsmode=1&l=0","https://mobile.bravobus.com.hk/nwp3/?f=1&ds=41A&dsmode=1&l=2","https://mobile.bravobus.com.hk/nwp3/?f=1&ds=41A&dsmode=1&l=1",9.6000,"01/02/25 00:00:00"
1775,"CTB",,"720","720","720",1,"T",1,3.0000000000000000e+01,"嘉亨灣","嘉亨湾","Grand Promenade","中環 (永和街)(循環線)","中环 (永和街)(循环线)","Central (Wing Wo Street) (Circular)","https://mobile.bravobus.com.hk/nwp3/?f=1&ds=720&dsmode=1&l=0","https://mobile.bravobus.com.hk/nwp3/?f=1&ds=720&dsmode=1&l=2","https://mobile.bravobus.com.hk/nwp3/?f=1&ds=720&dsmode=1&l=1",8.7000,"01/02/25 00:00:00"
1776,"CTB",,"720","720","720",1,"T",1,3.8000000000000000e+01,"嘉亨灣","嘉亨湾","Grand Promenade","中環 (港澳碼頭)","中环 (港澳码头)","Central (Macau Ferry)","https://mobile.bravobus.com.hk/nwp3/?f=1&ds=720&dsmode=1&l=0","https://mobile.bravobus.com.hk/nwp3/?f=1&ds=720&dsmode=1&l=2","https://mobile.bravobus.com.hk/nwp3/?f=1&ds=720&dsmode=1&l=1",8.7000,"01/02/25 00:00:00"
1777,"CTB",,"720A","720A","720A",1,"NT",1,2.5000000000000000e+01,"嘉亨灣","嘉亨湾","Grand Promenade","金鐘 (海富中心)","金钟 (海富中心)","Admiralty (Admiralty Centre)","https://mobile.bravobus.com.hk/nwp3/?f=1&ds=720A&dsmode=1&l=0","https://mobile.bravobus.com.hk/nwp3/?f=1&ds=720A&dsmode=1&l=2","https://mobile.bravobus.com.hk/nwp3/?f=1&ds=720A&dsmode=1&l=1",8.7000,"01/02/25 00:00:00"
1781,"CTB",,"91","91","91",1,"T",1,4.9000000000000000e+01,"海怡半島(第18座)","海怡半岛(第18座)","South Horizons (Block 18)","中環碼頭(不經利東)","中环码头(不经利东)","Central (Ferry Piers) (omit Lei Tung)","https://mobile.bravobus.com.hk/nwp3/?f=1&ds=91&dsmode=1&l=0","https://mobile.bravobus.com.hk/nwp3/?f=1&ds=91&dsmode=1&l=2","https://mobile.bravobus.com.hk/nwp3/?f=1&ds=91&dsmode=1&l=1",8.0000,"01/02/25 00:00:00"
1782,"CTB",,"91","91","91",1,"R",0,5.2000000000000000e+01,"鴨脷洲邨","鸭脷洲邨","Ap Lei Chau Estate","中環碼頭","中环码头","Central (Ferry Piers)","https://mobile.bravobus.com.hk/nwp3/?f=1&ds=91&dsmode=1&l=0","https://mobile.bravobus.com.hk/nwp3/?f=1&ds=91&dsmode=1&l=2","https://mobile.bravobus.com.hk/nwp3/?f=1&ds=91&dsmode=1&l=1",8.0000,"01/02/25 00:00:00"
1785,"CTB",,"91A","91A","91A",1,"T",1,1.4000000000000000e+01,"鴨脷洲邨","鸭脷洲邨","Ap Lei Chau Estate","華富(南)","华富(南)","Wah Fu (South)","https://mobile.bravobus.com.hk/nwp3/?f=1&ds=91A&dsmode=1&l=0","https://mobile.bravobus.com.hk/nwp3/?f=1&ds=91A&dsmode=1&l=2","https://mobile.bravobus.com.hk/nwp3/?f=1&ds=91A&dsmode=1&l=1",4.2000,"06/18/23 00:00:00"
1795,"CTB",,"967X","967X","967X",1,"T",1,7.3000000000000000e+01,"天水圍(天恩邨)","天水围(天恩邨)","Tin Shui Wai (Tin Yan Estate)","銅鑼灣(經天水圍北)","铜锣湾(经天水围北)","Causeway Bay (via Tin Shui Wai North)","https://mobile.bravobus.com.hk/nwp3/?f=1&ds=967X&dsmode=1&l=0","https://mobile.bravobus.com.hk/nwp3/?f=1&ds=967X&dsmode=1&l=2","https://mobile.bravobus.com.hk/nwp3/?f=1&ds=967X&dsmode=1&l=1",27.3000,"01/02/25 00:00:00"
1796,"CTB",,"969","969","969",1,"T",1,7.8000000000000000e+01,"天水圍市中心","天水围市中心","Tin Shui Wai Town Center","銅鑼灣(摩頓台)","铜锣湾(摩顿台)","Causeway Bay (Moreton Terrace)","https://mobile.bravobus.com.hk/nwp3/?f=1&ds=969&dsmode=1&l=0","https://mobile.bravobus.com.hk/nwp3/?f=1&ds=969&dsmode=1&l=2","https://mobile.bravobus.com.hk/nwp3/?f=1&ds=969&dsmode=1&l=1",27.3000,"01/02/25 00:00:00"
1799,"CTB",,"969B","969B","969B",1,"T",1,6.8000000000000000e+01,"天水圍市中心","天水围市中心","Tin Shui Wai Town Centre","灣仔","湾仔","Wan Chai","https://mobile.bravobus.com.hk/nwp3/?f=1&ds=969B&dsmode=1&l=0","https://mobile.bravobus.com.hk/nwp3/?f=1&ds=969B&dsmode=1&l=2","https://mobile.bravobus.com.hk/nwp3/?f=1&ds=969B&dsmode=1&l=1",27.3000,"01/02/25 00:00:00"
1800,"CTB",,"969B","969B","969B",1,"T",1,6.1000000000000000e+01,"樂湖居","乐湖居","Locwood Court","灣仔","湾仔","Wan Chai","https://mobile.bravobus.com.hk/nwp3/?f=1&ds=969B&dsmode=1&l=0","https://mobile.bravobus.com.hk/nwp3/?f=1&ds=969B&dsmode=1&l=2","https://mobile.bravobus.com.hk/nwp3/?f=1&ds=969B&dsmode=1&l=1",27.3000,"01/02/25 00:00:00"
1801,"CTB",,"970X","970X","970X",1,"T",1,6.7000000000000000e+01,"田灣","田湾","Tin Wan","長沙灣 (甘泉街)","长沙湾 (甘泉街)","Cheung Sha Wan (Kom Tsun Street)","https://mobile.bravobus.com.hk/nwp3/?f=1&ds=970X&dsmode=1&l=0","https://mobile.bravobus.com.hk/nwp3/?f=1&ds=970X&dsmode=1&l=2","https://mobile.bravobus.com.hk/nwp3/?f=1&ds=970X&dsmode=1&l=1",14.5000,"01/02/25 00:00:00"
1802,"CTB",,"970X","970X","970X",1,"R",0,6.6000000000000000e+01,"香港仔","香港仔","Aberdeen","長沙灣 (甘泉街)","长沙湾 (甘泉街)","Cheung Sha Wan (Kom Tsun Street)","https://mobile.bravobus.com.hk/nwp3/?f=1&ds=970X&dsmode=1&l=0","https://mobile.bravobus.com.hk/nwp3/?f=1&ds=970X&dsmode=1&l=2","https://mobile.bravobus.com.hk/nwp3/?f=1&ds=970X&dsmode=1&l=1",14.5000,"01/02/25 00:00:00"
1818,"KMB",,"271P","271P","271P",1,"T",1,7.3000000000000000e+01,"九龍坑","九龙坑","KAU LUNG HANG","尖沙咀(廣東道)","尖沙咀(广东道)","TSIM SHA TSUI (CANTON ROAD)","https://search.kmb.hk/KMBWebSite/?action=routesearch&route=271p&lang=zh-hk","https://search.kmb.hk/KMBWebSite/?action=routesearch&route=271p&lang=zh-cn","https://search.kmb.hk/KMBWebSite/?action=routesearch&route=271p&lang=en",16.9000,"01/02/25 00:00:00"
1819,"CTB",,"969","969","969",1,"T",1,6.6000000000000000e+01,"嘉湖山莊(樂湖居)","嘉湖山庄(乐湖居)","Kingswood Villas (Locwood Court)","銅鑼灣(摩頓台)","铜锣湾(摩顿台)","Causeway Bay (Moreton Terrace)","https://mobile.bravobus.com.hk/nwp3/?f=1&ds=969&dsmode=1&l=0","https://mobile.bravobus.com.hk/nwp3/?f=1&ds=969&dsmode=1&l=2","https://mobile.bravobus.com.hk/nwp3/?f=1&ds=969&dsmode=1&l=1",27.3000,"01/02/25 00:00:00"
1850,"KMB",,"64K","64K","64K",1,"R",0,7.2000000000000000e+01,"元朗(西)","元朗(西)","YUEN LONG (WEST)","大埔墟站","大埔墟站","TAI PO MARKET STATION","https://search.kmb.hk/KMBWebSite/?action=routesearch&route=64K&lang=zh-hk","https://search.kmb.hk/KMBWebSite/?action=routesearch&route=64K&lang=zh-cn","https://search.kmb.hk/KMBWebSite/?action=routesearch&route=64K&lang=en",9.6000,"09/27/24 00:00:00"
1851,"KMB",,"77K","77K","77K",1,"R",0,4.9000000000000000e+01,"上水","上水","SHEUNG SHUI","元朗(鳳翔路)","元朗(凤翔路)","YUEN LONG (FUNG CHEUNG ROAD)","https://search.kmb.hk/KMBWebSite/?action=routesearch&route=77K&lang=zh-hk","https://search.kmb.hk/KMBWebSite/?action=routesearch&route=77K&lang=zh-cn","https://search.kmb.hk/KMBWebSite/?action=routesearch&route=77K&lang=en",8.4000,"09/04/24 00:00:00"
1852,"KMB",,"251M","251M","251M",1,"T",1,2.8000000000000000e+01,"上村","上村","SHEUNG TSUEN","荃灣","荃湾","TSUEN WAN","https://search.kmb.hk/KMBWebSite/?action=routesearch&route=251M&lang=zh-hk","https://search.kmb.hk/KMBWebSite/?action=routesearch&route=251M&lang=zh-cn","https://search.kmb.hk/KMBWebSite/?action=routesearch&route=251M&lang=en",11.5000,"06/18/23 00:00:00"
1874,"LRTFeeder",,"K53","K53","K53",1,"T",1,2.4000000000000000e+01,"屯門站","屯门站","Tuen Mun Station","掃管笏(循環線)","扫管笏(循环线)","So Kwun Wat (Circular)","https://www.mtr.com.hk/ch/customer/services/bus_finder_search_box.html","https://www.mtr.com.hk/ch/customer/services/bus_finder_search_box.html","https://www.mtr.com.hk/en/customer/services/bus_finder_search_box.html",5.1000,"07/18/24 00:00:00"
1875,"LRTFeeder",,"K58","K58","K58",1,"T",1,5.6000000000000000e+01,"富泰","富泰","Fu Tai","掃管笏","扫管笏","So Kwun Wat","https://www.mtr.com.hk/ch/customer/services/bus_finder_search_box.html","https://www.mtr.com.hk/ch/customer/services/bus_finder_search_box.html","https://www.mtr.com.hk/en/customer/services/bus_finder_search_box.html",5.1000,"01/13/25 00:00:00"
1876,"LRTFeeder",,"K65","K65","K65",1,"R",0,2.8000000000000000e+01,"元朗站","元朗站","Yuen Long Station","流浮山","流浮山","Lau Fau Shan","https://www.mtr.com.hk/ch/customer/services/bus_finder_search_box.html","https://www.mtr.com.hk/ch/customer/services/bus_finder_search_box.html","https://www.mtr.com.hk/en/customer/services/bus_finder_search_box.html",5.1000,"06/24/24 00:00:00"
1877,"LRTFeeder",,"K66","K66","K66",1,"R",0,3.1000000000000000e+01,"朗屏","朗屏","Long Ping","大棠黄泥墩村","大棠黄泥墩村","Tai Tong Wong Nai Tun Tsuen","https://www.mtr.com.hk/ch/customer/services/bus_finder_search_box.html","https://www.mtr.com.hk/ch/customer/services/bus_finder_search_box.html","https://www.mtr.com.hk/en/customer/services/bus_finder_search_box.html",5.1000,"06/24/24 00:00:00"
1878,"LRTFeeder",,"K68","K68","K68",1,"R",0,4.1000000000000000e+01,"元朗工業村","元朗工业村","Yuen Long Industrial Estate","元朗公園(循環線)","元朗公园(循环线)","Yuen Long Park (Circular)","https://www.mtr.com.hk/ch/customer/services/bus_finder_search_box.html","https://www.mtr.com.hk/ch/customer/services/bus_finder_search_box.html","https://www.mtr.com.hk/en/customer/services/bus_finder_search_box.html",5.1000,"01/02/25 00:00:00"
1879,"LRTFeeder",,"K73","K73","K73",1,"R",0,2.9000000000000000e+01,"天恒","天恒","Tin Heng","元朗西","元朗西","Yuen Long West","https://www.mtr.com.hk/ch/customer/services/bus_finder_search_box.html","https://www.mtr.com.hk/ch/customer/services/bus_finder_search_box.html","https://www.mtr.com.hk/en/customer/services/bus_finder_search_box.html",5.1000,"06/24/24 00:00:00"
1890,"CTB",,"30X","30X","30X",1,"R",0,3.2000000000000000e+01,"數碼港","数码港","Cyberport","金鐘(東)","金钟(东)","Admiralty (East)","https://mobile.bravobus.com.hk/nwp3/?f=1&ds=30X&dsmode=1&l=0","https://mobile.bravobus.com.hk/nwp3/?f=1&ds=30X&dsmode=1&l=2","https://mobile.bravobus.com.hk/nwp3/?f=1&ds=30X&dsmode=1&l=1",9.4000,"01/02/25 00:00:00"
1891,"CTB",,"4X","4X","4X",1,"T",1,3.6000000000000000e+01,"上環","上环","Sheung Wan","華富(南)","华富(南)","Wah Fu (South)","https://mobile.bravobus.com.hk/nwp3/?f=1&ds=4X&dsmode=1&l=0","https://mobile.bravobus.com.hk/nwp3/?f=1&ds=4X&dsmode=1&l=2","https://mobile.bravobus.com.hk/nwp3/?f=1&ds=4X&dsmode=1&l=1",7.1000,"01/02/25 00:00:00"
1892,"KMB",,"N368","N368","N368",1,"N",0,7.3000000000000000e+01,"元朗(西)","元朗(西)","YUEN LONG (WEST)","中環(港澳碼頭)","中环(港澳码头)","CENTRAL (MACAU FERRY)","https://search.kmb.hk/KMBWebSite/?action=routesearch&route=N368&lang=zh-hk","https://search.kmb.hk/KMBWebSite/?action=routesearch&route=N368&lang=zh-cn","https://search.kmb.hk/KMBWebSite/?action=routesearch&route=N368&lang=en",39.0000,"06/18/23 00:00:00"
1893,"CTB",,"N29","N29","N29",1,"NT",1,1.2700000000000000e+02,"將軍澳 (康盛花園)","将军澳 (康盛花园)","Tseung Kwan O (Hong Sing Garden)","東涌站","东涌站","Tung Chung Station","https://mobile.bravobus.com.hk/nwp3/?f=1&ds=N29&dsmode=1&l=0","https://mobile.bravobus.com.hk/nwp3/?f=1&ds=N29&dsmode=1&l=2","https://mobile.bravobus.com.hk/nwp3/?f=1&ds=N29&dsmode=1&l=1",24.8000,"10/02/24 00:00:00"
1894,"CTB",,"S52","S52","S52",1,"R",0,2.5000000000000000e+01,"東涌(逸東邨)","东涌(逸东邨)","Tung Chung (Yat Tung Estate)","飛機維修區","飞机维修区","Aircraft Maintenance Area","https://mobile.bravobus.com.hk/nwp3/?f=1&ds=S52&dsmode=1&l=0","https://mobile.bravobus.com.hk/nwp3/?f=1&ds=S52&dsmode=1&l=2","https://mobile.bravobus.com.hk/nwp3/?f=1&ds=S52&dsmode=1&l=1",4.2000,"11/04/24 00:00:00"
1895,"CTB",,"S52P","S52P","S52P",1,"T",1,1.8000000000000000e+01,"東涌(逸東邨公共運輸總站)","东涌(逸东邨公共运输总站)","Tung Chung (Yat Tung Estate Public Transport Terminus)","駿坪路(亞洲空運中心)(循環線)","骏坪路(亚洲空运中心)(循环线)","Chun Ping Road (Asia Airfreight Terminal) (Circular)","https://mobile.bravobus.com.hk/nwp3/?f=1&ds=S52P&dsmode=1&l=0","https://mobile.bravobus.com.hk/nwp3/?f=1&ds=S52P&dsmode=1&l=2","https://mobile.bravobus.com.hk/nwp3/?f=1&ds=S52P&dsmode=1&l=1",3.1000,"06/18/23 00:00:00"
1956,"CTB",,"70P","70P","70P",1,"T",1,3.0000000000000000e+01,"石排灣","石排湾","Shek Pai Wan","中環(交易廣場)","中环(交易广场)","Central (Exchange Square)","https://mobile.bravobus.com.hk/nwp3/?f=1&ds=70P&dsmode=1&l=0","https://mobile.bravobus.com.hk/nwp3/?f=1&ds=70P&dsmode=1&l=2","https://mobile.bravobus.com.hk/nwp3/?f=1&ds=70P&dsmode=1&l=1",6.6000,"01/02/25 00:00:00"
1957,"CTB",,"962C","962C","962C",1,"T",1,1.1600000000000000e+02,"鰂魚涌","鰂鱼涌","Quarry Bay","屯門(龍門居)","屯门(龙门居)","Tuen Mun (Lung Mun Oasis)","https://mobile.bravobus.com.hk/nwp3/?f=1&ds=962C&dsmode=1&l=0","https://mobile.bravobus.com.hk/nwp3/?f=1&ds=962C&dsmode=1&l=2","https://mobile.bravobus.com.hk/nwp3/?f=1&ds=962C&dsmode=1&l=1",27.3000,"01/02/25 00:00:00"
1958,"CTB",,"969C","969C","969C",1,"T",1,1.0200000000000000e+02,"鰂魚涌","鲗鱼涌","Quarry Bay","天水圍(天瑞)","天水围(天瑞)","Tin Shui Wai (Tin Shui Estate)","https://mobile.bravobus.com.hk/nwp3/?f=1&ds=969C&dsmode=1&l=0","https://mobile.bravobus.com.hk/nwp3/?f=1&ds=969C&dsmode=1&l=2","https://mobile.bravobus.com.hk/nwp3/?f=1&ds=969C&dsmode=1&l=1",28.2000,"01/02/25 00:00:00"
1959,"NLB",,"37P","37P","37P",1,"T",1,1.1000000000000000e+01,"逸東邨(裕東路)","逸东邨(裕东路)","Yung Yat House (Yu Tung Road)","映灣園","映湾园","Caribbean Coast","http://www.nlb.com.hk/route?q=37P","http://www.nlb.com.hk/route?q=37P","http://www.nlb.com.hk/route?q=37P",3.9000,"12/06/24 00:00:00"
1961,"NLB",,"38X","38X","38X",1,"T",1,8.0000000000000000e+00,"逸東邨(裕東路)","逸东邨(裕东路)","Yat Tung Estate (Yu Tung Road)","東涌站巴士總站(循環線)","东涌站巴士总站(循环线)","Tung Chung Station Bus Terminus (Circular)","http://www.nlb.com.hk/route?q=38X","http://www.nlb.com.hk/route?q=38X","http://www.nlb.com.hk/route?q=38X",3.8000,"12/06/24 00:00:00"
1970,"XB",,"觀塘 - 皇崗 (日間)","观塘 - 皇岗 (日间)","Kwun Tong - Huanggang (Day)",1,"R",0,6.1000000000000000e+01,"觀塘","观塘","Kwun Tong","皇崗","皇岗","Huanggang","https://www.td.gov.hk/tc/transport_in_hong_kong/land_based_cross_boundary_transport/access_to_lok_ma_chau_control_point/kwun_tong_route/index.html","https://www.td.gov.hk/sc/transport_in_hong_kong/land_based_cross_boundary_transport/access_to_lok_ma_chau_control_point/kwun_tong_route/index.html","https://www.td.gov.hk/en/transport_in_hong_kong/land_based_cross_boundary_transport/access_to_lok_ma_chau_control_point/kwun_tong_route/index.html",47.0000,"05/06/20 00:00:00"
1971,"XB",,"觀塘 - 皇崗 (夜間)","观塘 - 皇岗 (夜间)","Kwun Tong - Huanggang (Night)",1,"N",0,6.7000000000000000e+01,"觀塘","观塘","Kwun Tong","皇崗(停靠小瀝源路遊樂場及觀塘道休憩花園)","皇岗(停靠小沥源路游乐场及观塘道休憩花园)","Huanggang (stop outside Siu Lek Yuen Road Playground and Kwun Tong Road Rest Garden)","https://www.td.gov.hk/tc/transport_in_hong_kong/land_based_cross_boundary_transport/access_to_lok_ma_chau_control_point/kwun_tong_route/index.html","https://www.td.gov.hk/sc/transport_in_hong_kong/land_based_cross_boundary_transport/access_to_lok_ma_chau_control_point/kwun_tong_route/index.html","https://www.td.gov.hk/en/transport_in_hong_kong/land_based_cross_boundary_transport/access_to_lok_ma_chau_control_point/kwun_tong_route/index.html",52.0000,"09/29/21 00:00:00"
1972,"XB",,"荃灣 - 皇崗 (日間)","荃湾 - 皇岗 (日间)","Tsuen Wan - Huanggang (Day)",1,"R",0,4.1000000000000000e+01,"荃灣","荃湾","Tsuen Wan","皇崗","皇岗","Huanggang","https://www.td.gov.hk/tc/transport_in_hong_kong/land_based_cross_boundary_transport/access_to_lok_ma_chau_control_point/tsuen_wan_route/index.html","https://www.td.gov.hk/sc/transport_in_hong_kong/land_based_cross_boundary_transport/access_to_lok_ma_chau_control_point/tsuen_wan_route/index.html","https://www.td.gov.hk/en/transport_in_hong_kong/land_based_cross_boundary_transport/access_to_lok_ma_chau_control_point/tsuen_wan_route/index.html",39.0000,"05/06/20 00:00:00"
1973,"XB",,"荃灣 - 皇崗 (夜間)","荃湾 - 皇岗 (夜间)","Tsuen Wan - Huanggang (Night)",1,"N",0,3.5000000000000000e+01,"荃灣","荃湾","Tsuen Wan","皇崗","皇岗","Huanggang","https://www.td.gov.hk/tc/transport_in_hong_kong/land_based_cross_boundary_transport/access_to_lok_ma_chau_control_point/tsuen_wan_route/index.html","https://www.td.gov.hk/sc/transport_in_hong_kong/land_based_cross_boundary_transport/access_to_lok_ma_chau_control_point/tsuen_wan_route/index.html","https://www.td.gov.hk/en/transport_in_hong_kong/land_based_cross_boundary_transport/access_to_lok_ma_chau_control_point/tsuen_wan_route/index.html",42.0000,"05/06/20 00:00:00"
1983,"DB",,"DB03R","DB03R","DB03R",1,"R",0,2.5000000000000000e+01,"愉景灣","愉景湾","Discovery Bay","欣澳","欣澳","Sunny Bay","https://www.td.gov.hk/filemanager/tc/content_4796/SofS - RS DB03R - Website - 20240804 TC.pdf","https://www.td.gov.hk/filemanager/sc/content_4796/SofS - RS DB03R - Website - 20240804 TC.pdf","https://www.td.gov.hk/filemanager/en/content_4796/SofS - RS DB03R - Website - 20240804 EN.pdf",15.7000,"10/16/24 00:00:00"
1984,"PI",,"NR330","NR330","NR330",1,"R",0,1.7000000000000000e+01,"馬灣(東灣巴士總站)","马湾(东湾巴士总站)","Ma Wan (Tung Wan Bus Terminus)","青衣站","青衣站","Tsing Yi Station","https://www.td.gov.hk/filemanager/tc/content_4796/TNTW/NR330c_20240101.pdf","https://www.td.gov.hk/filemanager/sc/content_4796/TNTW/NR330c_20240101.pdf","https://www.td.gov.hk/filemanager/en/content_4796/TNTW/NR330_20240101.pdf",13.8000,"07/18/24 00:00:00"
1985,"PI",,"NR331","NR331","NR331",1,"R",0,1.9000000000000000e+01,"馬灣(珀欣路)","马湾(珀欣路)","MA WAN(PAK YAN ROAD)","荃灣站","荃湾站","TSUEN WAN STATION","https://www.td.gov.hk/filemanager/tc/content_4796/TNTW/NR331c_20231204.pdf","https://www.td.gov.hk/filemanager/sc/content_4796/TNTW/NR331c_20231204.pdf","https://www.td.gov.hk/filemanager/en/content_4796/TNTW/NR331_20231204.pdf",13.6000,"12/13/24 00:00:00"
1986,"PI",,"NR332","NR332","NR332",1,"R",0,2.5000000000000000e+01,"馬灣(東灣巴士總站)","马湾(东湾巴士总站)","Ma Wan (Tung Wan Bus Terminus)","葵芳(新都會廣場)","葵芳(新都会广场)","Kwai Fong (Metroplaza)","https://www.td.gov.hk/filemanager/tc/content_4796/TNTW/NR332c_20240401.pdf","https://www.td.gov.hk/filemanager/sc/content_4796/TNTW/NR332c_20240401.pdf","https://www.td.gov.hk/filemanager/en/content_4796/TNTW/NR332_20240401.pdf",14.5000,"07/18/24 00:00:00"
1991,"XB",,"旺角 - 皇崗 (日間)","旺角 - 皇岗 (日间)","Mong Kok - Huanggang (Day)",1,"R",0,5.5000000000000000e+01,"旺角","旺角","Mong Kok","皇崗","皇岗","Huanggang","https://www.td.gov.hk/tc/transport_in_hong_kong/land_based_cross_boundary_transport/access_to_lok_ma_chau_control_point/mong_kok_route/index.html","https://www.td.gov.hk/sc/transport_in_hong_kong/land_based_cross_boundary_transport/access_to_lok_ma_chau_control_point/mong_kok_route/index.html","https://www.td.gov.hk/en/transport_in_hong_kong/land_based_cross_boundary_transport/access_to_lok_ma_chau_control_point/mong_kok_route/index.html",41.0000,"05/06/20 00:00:00"
1997,"XB",,"落馬洲 - 皇崗 (日間)","落马洲 - 皇岗 (日间)","Lok Ma Chau - Huanggang (Day)",1,"R",0,6.0000000000000000e+00,"落馬洲","落马洲","Lok Ma Chau","皇崗","皇岗","Huanggang","https://www.td.gov.hk/tc/transport_in_hong_kong/land_based_cross_boundary_transport/access_to_lok_ma_chau_control_point/index.htmla_lok_ma_chau_cross_boundary","https://www.td.gov.hk/sc/transport_in_hong_kong/land_based_cross_boundary_transport/access_to_lok_ma_chau_control_point/index.htmla_lok_ma_chau_cross_boundary","https://www.td.gov.hk/en/transport_in_hong_kong/land_based_cross_boundary_transport/access_to_lok_ma_chau_control_point/index.htmla_lok_ma_chau_cross_boundary",10.0000,"01/21/25 00:00:00"
1998,"XB",,"落馬洲 - 皇崗 (夜間)","落马洲 - 皇岗 (夜间)","Lok Ma Chau - Huanggang (Night)",1,"N",0,6.0000000000000000e+00,"落馬洲","落马洲","Lok Ma Chau","皇崗","皇岗","Huanggang","https://www.td.gov.hk/tc/transport_in_hong_kong/land_based_cross_boundary_transport/access_to_lok_ma_chau_control_point/index.htmla_lok_ma_chau_cross_boundary","https://www.td.gov.hk/sc/transport_in_hong_kong/land_based_cross_boundary_transport/access_to_lok_ma_chau_control_point/index.htmla_lok_ma_chau_cross_boundary","https://www.td.gov.hk/en/transport_in_hong_kong/land_based_cross_boundary_transport/access_to_lok_ma_chau_control_point/index.htmla_lok_ma_chau_cross_boundary",10.0000,"01/21/25 00:00:00"
8009,"KMB",,"203S","203S","203S",1,"T",1,3.8000000000000000e+01,"澤安邨","泽安邨","CHAK ON ESTATE","尖沙咀東(麼地道)","尖沙咀东(么地道)","TSIM SHA TSUI EAST (MODY ROAD)","https://search.kmb.hk/KMBWebSite/?action=routesearch&route=203S&lang=zh-hk","https://search.kmb.hk/KMBWebSite/?action=routesearch&route=203S&lang=zh-cn","https://search.kmb.hk/KMBWebSite/?action=routesearch&route=203S&lang=en",9.3000,"06/10/23 00:00:00"
8012,"KMB",,"242X","242X","242X",1,"T",1,3.9000000000000000e+01,"青衣(長亨邨)","青衣(长亨邨)","TSING YI (CHEUNG HANG ESTATE)","尖沙咀","尖沙咀","TSIM SHA TSUI","https://search.kmb.hk/KMBWebSite/?action=routesearch&route=242X&lang=zh-hk","https://search.kmb.hk/KMBWebSite/?action=routesearch&route=242X&lang=zh-cn","https://search.kmb.hk/KMBWebSite/?action=routesearch&route=242X&lang=en",10.2000,"06/18/23 00:00:00"
8090,"CTB",,"796X","796X","796X",1,"R",0,6.5000000000000000e+01,"將軍澳工業邨","将军澳工业邨","Tseung Kwan O Industrial Estate","尖沙咀東","尖沙咀东","Tsim Sha Tsui East","https://mobile.bravobus.com.hk/nwp3/?f=1&ds=796X&dsmode=1&l=0","https://mobile.bravobus.com.hk/nwp3/?f=1&ds=796X&dsmode=1&l=2","https://mobile.bravobus.com.hk/nwp3/?f=1&ds=796X&dsmode=1&l=1",10.3000,"01/02/25 00:00:00"
8091,"CTB",,"796P","796P","796P",1,"T",1,4.7000000000000000e+01,"將軍澳站","将军澳站","Tseung Kwan O Station","尖沙咀(東)","尖沙咀(东)","Tsim Sha Tsui (East)","https://mobile.bravobus.com.hk/nwp3/?f=1&ds=796P&dsmode=1&l=0","https://mobile.bravobus.com.hk/nwp3/?f=1&ds=796P&dsmode=1&l=2","https://mobile.bravobus.com.hk/nwp3/?f=1&ds=796P&dsmode=1&l=1",10.3000,"01/02/25 00:00:00"
8092,"KMB",,"14D","14D","14D",1,"T",1,4.1000000000000000e+01,"油塘","油塘","YAU TONG","彩虹","彩虹","CHOI HUNG","https://search.kmb.hk/KMBWebSite/?action=routesearch&route=14D&lang=zh-hk","https://search.kmb.hk/KMBWebSite/?action=routesearch&route=14D&lang=zh-cn","https://search.kmb.hk/KMBWebSite/?action=routesearch&route=14D&lang=en",6.7000,"11/15/24 00:00:00"
8093,"KMB",,"91P","91P","91P",1,"T",1,2.1000000000000000e+01,"鑽石山站","钻石山站","DIAMOND HILL STATION","香港科技大學(北)","香港科技大学(北)","H.K.U.S.T (NORTH)","https://search.kmb.hk/KMBWebSite/?action=routesearch&route=91P&lang=zh-hk","https://search.kmb.hk/KMBWebSite/?action=routesearch&route=91P&lang=zh-cn","https://search.kmb.hk/KMBWebSite/?action=routesearch&route=91P&lang=en",7.1000,"11/01/24 00:00:00"
8094,"KMB",,"961P","961P","961P",1,"T",1,6.6000000000000000e+01,"屯門(良景邨)","屯门(良景邨)","TUEN MUN (LEUNG KING ESTATE)","銅鑼灣(維園)","铜锣湾(维园)","CAUSEWAY BAY (VICTORIA PARK)","https://search.kmb.hk/KMBWebSite/?action=routesearch&route=961P&lang=zh-hk","https://search.kmb.hk/KMBWebSite/?action=routesearch&route=961P&lang=zh-cn","https://search.kmb.hk/KMBWebSite/?action=routesearch&route=961P&lang=en",24.0000,"06/18/23 00:00:00"
8096,"KMB",,"14D","14D","14D",1,"T",1,3.5000000000000000e+01,"藍田(廣田邨)","蓝田(广田邨)","LAM TIN (KWONG TIN ESTATE)","彩虹","彩虹","CHOI HUNG","https://search.kmb.hk/KMBWebSite/?action=routesearch&route=14D&lang=zh-hk","https://search.kmb.hk/KMBWebSite/?action=routesearch&route=14D&lang=zh-cn","https://search.kmb.hk/KMBWebSite/?action=routesearch&route=14D&lang=en",6.7000,"06/18/23 00:00:00"
8108,"CTB",,"14","14","14",1,"R",0,3.7000000000000000e+01,"嘉亨灣","嘉亨湾","Grand Promenade","赤柱廣場 (循環線)(經赤柱村、赤柱炮台)","赤柱广场 (循环线)(经赤柱村、赤柱炮台)","Stanley Plaza (Circular) (via Stanley Village, Stanley Fort)","https://mobile.bravobus.com.hk/nwp3/?f=1&ds=14&dsmode=1&l=0","https://mobile.bravobus.com.hk/nwp3/?f=1&ds=14&dsmode=1&l=2","https://mobile.bravobus.com.hk/nwp3/?f=1&ds=14&dsmode=1&l=1",12.1000,"10/24/24 00:00:00"
8109,"CTB",,"6","6","6",1,"T",1,5.2000000000000000e+01,"中環(交易廣場)","中环(交易广场)","Central (Exchange Square)","赤柱市場(不經馬坑)","赤柱市场(不经马坑)","Stanley Market (omit Ma Hang)","https://mobile.bravobus.com.hk/nwp3/?f=1&ds=6&dsmode=1&l=0","https://mobile.bravobus.com.hk/nwp3/?f=1&ds=6&dsmode=1&l=2","https://mobile.bravobus.com.hk/nwp3/?f=1&ds=6&dsmode=1&l=1",11.4000,"01/02/25 00:00:00"
8110,"CTB",,"14","14","14",1,"T",1,3.6000000000000000e+01,"嘉亨灣","嘉亨湾","Grand Promenade","赤柱廣場(晨早班次經馬坑)","赤柱广场(晨早班次经马坑)","Stanley Plaza (via Ma Hang in the morning)","https://mobile.bravobus.com.hk/nwp3/?f=1&ds=14&dsmode=1&l=0","https://mobile.bravobus.com.hk/nwp3/?f=1&ds=14&dsmode=1&l=2","https://mobile.bravobus.com.hk/nwp3/?f=1&ds=14&dsmode=1&l=1",12.1000,"10/24/24 00:00:00"
8111,"CTB",,"14","14","14",1,"T",1,3.7000000000000000e+01,"嘉亨灣","嘉亨湾","Grand Promenade","赤柱砲台(閘口)(經赤柱村、赤柱監獄)","赤柱炮台(闸口)(经赤柱村、赤柱监狱)","Stanley Fort Gate (via Stanley Village, Stanley Prison)","https://mobile.bravobus.com.hk/nwp3/?f=1&ds=14&dsmode=1&l=0","https://mobile.bravobus.com.hk/nwp3/?f=1&ds=14&dsmode=1&l=2","https://mobile.bravobus.com.hk/nwp3/?f=1&ds=14&dsmode=1&l=1",12.1000,"10/24/24 00:00:00"
8113,"CTB",,"14","14","14",1,"T",1,3.7000000000000000e+01,"嘉亨灣","嘉亨湾","Grand Promenade","赤柱廣場(循環線)(經赤柱村、赤柱炮台、赤柱監獄)","赤柱广场(循环线)(经赤柱村、赤柱炮台、赤柱监狱)","Stanley Plaza (Circular) (via Stanley Village, Stanley Fort, Stanley Prison)","https://mobile.bravobus.com.hk/nwp3/?f=1&ds=14&dsmode=1&l=0","https://mobile.bravobus.com.hk/nwp3/?f=1&ds=14&dsmode=1&l=2","https://mobile.bravobus.com.hk/nwp3/?f=1&ds=14&dsmode=1&l=1",12.1000,"10/24/24 00:00:00"
8126,"KMB",,"281B","281B","281B",1,"T",1,5.1000000000000000e+01,"碩門邨","碩門邨","SHEK MUN ESTATE","尖沙咀東(麼地道)","尖沙咀东(么地道)","TSIM SHA TSUI EAST (MODY ROAD)","https://search.kmb.hk/KMBWebSite/?action=routesearch&route=281B&lang=zh-hk","https://search.kmb.hk/KMBWebSite/?action=routesearch&route=281B&lang=zh-cn","https://search.kmb.hk/KMBWebSite/?action=routesearch&route=281B&lang=en",9.0000,"07/19/24 00:00:00"
8127,"KMB",,"281X","281X","281X",1,"T",1,5.6000000000000000e+01,"耀安","耀安","YIU ON","尖沙咀東(麼地道)","尖沙咀东(么地道)","TSIM SHA TSUI EAST (MODY ROAD)","https://search.kmb.hk/KMBWebSite/?action=routesearch&route=281X&lang=zh-hk","https://search.kmb.hk/KMBWebSite/?action=routesearch&route=281X&lang=zh-cn","https://search.kmb.hk/KMBWebSite/?action=routesearch&route=281X&lang=en",10.2000,"07/19/24 00:00:00"
8128,"KMB",,"286X","286X","286X",1,"R",0,4.5000000000000000e+01,"顯徑","显径","HIN KENG","深水埗(循環線)","深水埗(循环线)","SHAM SHUI PO(CIRCULAR)","https://search.kmb.hk/KMBWebSite/?action=routesearch&route=286X&lang=zh-hk","https://search.kmb.hk/KMBWebSite/?action=routesearch&route=286X&lang=zh-cn","https://search.kmb.hk/KMBWebSite/?action=routesearch&route=286X&lang=en",8.1000,"12/31/24 00:00:00"
8130,"KMB",,"15X","15X","15X",1,"T",1,3.4000000000000000e+01,"藍田(廣田邨)","蓝田(广田邨)","LAM TIN (KWONG TIN ESTATE) BUS TERMINUS","紅磡站","红磡站","HUNG HOM STATION","https://search.kmb.hk/KMBWebSite/?action=routesearch&route=15X&lang=zh-hk","https://search.kmb.hk/KMBWebSite/?action=routesearch&route=15X&lang=zh-cn","https://search.kmb.hk/KMBWebSite/?action=routesearch&route=15X&lang=en",8.6000,"01/02/25 00:00:00"
8131,"KMB",,"968X","968X","968X",1,"T",1,6.7000000000000000e+01,"元朗(德業街)","元朗(德业街)","YUEN LONG (TAK YIP STREET)","鰂魚涌(英皇道)","鰂鱼涌(英皇道)","QUARRY BAY (KING'S ROAD)","https://search.kmb.hk/KMBWebSite/?action=routesearch&route=968X&lang=zh-hk","https://search.kmb.hk/KMBWebSite/?action=routesearch&route=968X&lang=zh-cn","https://search.kmb.hk/KMBWebSite/?action=routesearch&route=968X&lang=en",27.0000,"01/02/25 00:00:00"
8133,"CTB",,"19P","19P","19P",1,"T",1,4.6000000000000000e+01,"筲箕灣","筲箕湾","Shau Kei Wan","大坑道","大坑道","Tai Hang Road","https://mobile.bravobus.com.hk/nwp3/?f=1&ds=19P&dsmode=1&l=0","https://mobile.bravobus.com.hk/nwp3/?f=1&ds=19P&dsmode=1&l=2","https://mobile.bravobus.com.hk/nwp3/?f=1&ds=19P&dsmode=1&l=1",6.6000,"06/18/23 00:00:00"
8142,"CTB",,"720","720","720",1,"T",1,4.7000000000000000e+01,"中環 (港澳碼頭)","中环 (港澳码头)","Central (Macau Ferry)","嘉亨灣(經金鐘道和駱克道)","嘉亨湾(经金钟道和骆克道)","Grand Promenade (via Queensway and Lockhart Road)","https://mobile.bravobus.com.hk/nwp3/?f=1&ds=720&dsmode=1&l=0","https://mobile.bravobus.com.hk/nwp3/?f=1&ds=720&dsmode=1&l=2","https://mobile.bravobus.com.hk/nwp3/?f=1&ds=720&dsmode=1&l=1",8.7000,"01/02/25 00:00:00"
8143,"CTB",,"B3M","B3M","B3M",1,"T",1,1.9000000000000000e+01,"深圳灣口岸","深圳湾口岸","Shenzhen Bay Port","屯門站(循環線)","屯门站(循环线)","Tuen Mun Station(Circular)","https://mobile.bravobus.com.hk/nwp3/?f=1&ds=B3M&dsmode=1&l=0","https://mobile.bravobus.com.hk/nwp3/?f=1&ds=B3M&dsmode=1&l=2","https://mobile.bravobus.com.hk/nwp3/?f=1&ds=B3M&dsmode=1&l=1",16.5000,"12/27/24 00:00:00"
8144,"KMB",,"5M","5M","5M",1,"R",0,1.4000000000000000e+01,"啟德(德朗邨)","启德(德朗邨)","KAI TAK (TAK LONG ESTATE)","九龍灣站(循環線)","九龙湾站(循环线)","KOWLOON BAY STATION (CIRCULAR)","https://search.kmb.hk/KMBWebSite/?action=routesearch&route=5M&lang=zh-hk","https://search.kmb.hk/KMBWebSite/?action=routesearch&route=5M&lang=zh-cn","https://search.kmb.hk/KMBWebSite/?action=routesearch&route=5M&lang=en",4.6000,"06/14/24 00:00:00"
8145,"KMB",,"28B","28B","28B",1,"R",0,3.7000000000000000e+01,"彩福","彩福","CHOI FOOK","啟德(啟晴邨)","启德(启晴村)","KAI TAK (KAI CHING ESTATE)","https://search.kmb.hk/KMBWebSite/?action=routesearch&route=28B&lang=zh-hk","https://search.kmb.hk/KMBWebSite/?action=routesearch&route=28B&lang=zh-cn","https://search.kmb.hk/KMBWebSite/?action=routesearch&route=28B&lang=en",5.8000,"06/18/23 00:00:00"
8146,"KMB",,"28S","28S","28S",1,"T",1,1.6000000000000000e+01,"觀塘(裕民坊)","观塘(裕民坊)","KWUN TONG (YUE MAN SQUARE)","樂華","乐华","LOK WAH","https://search.kmb.hk/KMBWebSite/?action=routesearch&route=28S&lang=zh-hk","https://search.kmb.hk/KMBWebSite/?action=routesearch&route=28S&lang=zh-cn","https://search.kmb.hk/KMBWebSite/?action=routesearch&route=28S&lang=en",4.6000,"06/18/23 00:00:00"
8148,"KMB",,"259D","259D","259D",1,"T",1,6.7000000000000000e+01,"悅湖山莊","悦湖山庄","YUET WU VILLA","鯉魚門邨","鲤鱼门邨","LEI YUE MUN ESTATE","https://search.kmb.hk/KMBWebSite/?action=routesearch&route=259D&lang=zh-hk","https://search.kmb.hk/KMBWebSite/?action=routesearch&route=259D&lang=zh-cn","https://search.kmb.hk/KMBWebSite/?action=routesearch&route=259D&lang=en",18.8000,"12/08/23 00:00:00"
8155,"KMB",,"277E","277E","277E",1,"R",0,6.0000000000000000e+01,"上水(天平)","上水(天平)","SHEUNG SHUI (TIN PING)","藍田站","蓝田站","LAM TIN STATION","https://search.kmb.hk/KMBWebSite/?action=routesearch&route=277E&lang=zh-hk","https://search.kmb.hk/KMBWebSite/?action=routesearch&route=277E&lang=zh-cn","https://search.kmb.hk/KMBWebSite/?action=routesearch&route=277E&lang=en",17.6000,"08/30/24 00:00:00"
8156,"KMB",,"277P","277P","277P",1,"T",1,7.5000000000000000e+01,"上水(天平)","上水(天平)","SHEUNG SHUI (TIN PING)","藍田站","蓝田站","LAM TIN STATION","https://search.kmb.hk/KMBWebSite/?action=routesearch&route=277P&lang=zh-hk","https://search.kmb.hk/KMBWebSite/?action=routesearch&route=277P&lang=zh-cn","https://search.kmb.hk/KMBWebSite/?action=routesearch&route=277P&lang=en",17.6000,"01/02/25 00:00:00"
8158,"KMB",,"277X","277X","277X",1,"T",1,4.6000000000000000e+01,"粉嶺(華明)","粉岭(华明)","FANLING (WAH MING)","藍田站","蓝田站","LAM TIN STATION","https://search.kmb.hk/KMBWebSite/?action=routesearch&route=277X&lang=zh-hk","https://search.kmb.hk/KMBWebSite/?action=routesearch&route=277X&lang=zh-cn","https://search.kmb.hk/KMBWebSite/?action=routesearch&route=277X&lang=en",16.9000,"06/10/23 00:00:00"
8159,"KMB",,"297P","297P","297P",1,"T",1,4.5000000000000000e+01,"坑口(北)(將軍澳醫院)","坑口(北)(将军澳医院)","HANG HAU (NORTH) (TSEUNG KWAN O HOSPITAL)","紅磡(紅鸞道)","红磡(红鸾道)","HUNG HOM (HUNG LUEN ROAD)","https://search.kmb.hk/KMBWebSite/?action=routesearch&route=297P&lang=zh-hk","https://search.kmb.hk/KMBWebSite/?action=routesearch&route=297P&lang=zh-cn","https://search.kmb.hk/KMBWebSite/?action=routesearch&route=297P&lang=en",11.3000,"06/10/23 00:00:00"
8161,"CTB",,"952","952","952",1,"T",1,6.0000000000000000e+01,"屯門(置樂花園)","屯门(置乐花园)","Tuen Mun (Chi Lok Fa Yuen)","金鐘(西)","金钟(西)","Admiralty (West)","https://mobile.bravobus.com.hk/nwp3/?f=1&ds=952&dsmode=1&l=0","https://mobile.bravobus.com.hk/nwp3/?f=1&ds=952&dsmode=1&l=2","https://mobile.bravobus.com.hk/nwp3/?f=1&ds=952&dsmode=1&l=1",24.2000,"01/02/25 00:00:00"
1979,"DB",,"DB03RP","DB03RP","DB03RP",1,"R",0,2.1000000000000000e+01,"愉景灣北廣場","愉景湾北广场","Discovery Bay North Plaza","欣澳","欣澳","Sunny Bay","https://www.td.gov.hk/filemanager/tc/content_4796/SofS - RS DB03R - Website - 20240804 TC.pdf","https://www.td.gov.hk/filemanager/sc/content_4796/SofS - RS DB03R - Website - 20240804 TC.pdf","https://www.td.gov.hk/filemanager/en/content_4796/SofS - RS DB03R - Website - 20240804 EN.pdf",15.7000,"10/16/24 00:00:00"
1980,"DB",,"DB02RA","DB02RA","DB02RA",1,"T",1,3.0000000000000000e+01,"愉景灣北 (近社區會堂)","愉景湾北 (近社区会堂)","Discovery Bay North (near Community Hall)","機場(循環線)","机场(循环线)","Airport (Circular)","https://www.td.gov.hk/filemanager/tc/content_4796/SofS - RS DB02R - Website - 20240804 TC.pdf","https://www.td.gov.hk/filemanager/sc/content_4796/SofS - RS DB02R - Website - 20240804 TC.pdf","https://www.td.gov.hk/filemanager/en/content_4796/SofS - RS DB02R - Website - 20240804 EN.pdf",52.7000,"10/17/24 00:00:00"
1981,"DB",,"DB01R","DB01R","DB01R",1,"R",0,2.5000000000000000e+01,"愉景灣","愉景湾","Discovery Bay","東涌","东涌","Tung Chung","https://www.td.gov.hk/filemanager/tc/content_4796/SofS%20-%20RS%20DB01R%20-%20Website%20-%2020240804%20TC.pdf","https://www.td.gov.hk/filemanager/sc/content_4796/SofS%20-%20RS%20DB01R%20-%20Website%20-%2020240804%20TC.pdf","https://www.td.gov.hk/filemanager/en/content_4796/SofS%20-%20RS%20DB01R%20-%20Website%20-%2020240804%20EN.pdf",15.7000,"10/17/24 00:00:00"
1982,"DB",,"DB02R","DB02R","DB02R",1,"T",1,3.0000000000000000e+01,"愉景灣","愉景湾","Discovery Bay","機場(循環線)","机场(循环线)","Airport (Circular)","https://www.td.gov.hk/filemanager/tc/content_4796/SofS%20-%20RS%20DB02R%20-%20Website%20-%2020240804%20TC.pdf","https://www.td.gov.hk/filemanager/sc/content_4796/SofS%20-%20RS%20DB02R%20-%20Website%20-%2020240804%20TC.pdf","https://www.td.gov.hk/filemanager/en/content_4796/SofS%20-%20RS%20DB02R%20-%20Website%20-%2020240804%20EN.pdf",52.7000,"10/16/24 00:00:00"
1992,"XB",,"油尖 - 皇崗 (夜間)","油尖 - 皇岗 (夜间)","Yau Tsim - Huanggang (Night)",1,"N",1,4.4000000000000000e+01,"油尖","油尖","Yau Tsim","皇崗","皇岗","Huanggang","https://www.td.gov.hk/tc/transport_in_hong_kong/land_based_cross_boundary_transport/access_to_lok_ma_chau_control_point/yau_tsim_route/index.html","https://www.td.gov.hk/sc/transport_in_hong_kong/land_based_cross_boundary_transport/access_to_lok_ma_chau_control_point/yau_tsim_route/index.html","https://www.td.gov.hk/en/transport_in_hong_kong/land_based_cross_boundary_transport/access_to_lok_ma_chau_control_point/yau_tsim_route/index.html",45.0000,"08/13/21 00:00:00"
1993,"XB",,"灣仔 - 皇崗 (日間)","湾仔 - 皇岗 (日间)","Wan Chai - Huanggang (Day)",1,"R",0,6.0000000000000000e+01,"灣仔","湾仔","Wan Chai","皇崗","皇岗","Huanggang","https://www.td.gov.hk/tc/transport_in_hong_kong/land_based_cross_boundary_transport/access_to_lok_ma_chau_control_point/wan_chai_route/index.html","https://www.td.gov.hk/sc/transport_in_hong_kong/land_based_cross_boundary_transport/access_to_lok_ma_chau_control_point/wan_chai_route/index.html","https://www.td.gov.hk/en/transport_in_hong_kong/land_based_cross_boundary_transport/access_to_lok_ma_chau_control_point/wan_chai_route/index.html",52.0000,"05/08/24 00:00:00"
1994,"XB",,"灣仔 - 皇崗 (夜間)","湾仔 - 皇岗 (夜间)","Wan Chai - Huanggang (Night)",1,"N",0,6.0000000000000000e+01,"灣仔","湾仔","Wan Chai","皇崗","皇岗","Huanggang","https://www.td.gov.hk/tc/transport_in_hong_kong/land_based_cross_boundary_transport/access_to_lok_ma_chau_control_point/wan_chai_route/index.html","https://www.td.gov.hk/sc/transport_in_hong_kong/land_based_cross_boundary_transport/access_to_lok_ma_chau_control_point/wan_chai_route/index.html","https://www.td.gov.hk/en/transport_in_hong_kong/land_based_cross_boundary_transport/access_to_lok_ma_chau_control_point/wan_chai_route/index.html",57.0000,"04/29/24 00:00:00"
8043,"CTB",,"77X","77X","77X",1,"T",1,5.2000000000000000e+01,"華貴邨","华贵邨","Wah Kwai Estate","西灣河(太康街)","西湾河(太康街)","Sai Wan Ho (Tai Hong Street)","https://mobile.bravobus.com.hk/nwp3/?f=1&ds=77X&dsmode=1&l=0","https://mobile.bravobus.com.hk/nwp3/?f=1&ds=77X&dsmode=1&l=2","https://mobile.bravobus.com.hk/nwp3/?f=1&ds=77X&dsmode=1&l=1",9.7000,"06/18/23 00:00:00"
8064,"KMB",,"16","16","16",1,"T",1,4.4000000000000000e+01,"平田","平田","PING TIN","旺角(柏景灣)","旺角(柏景湾)","MONG KOK (PARK AVENUE)","https://search.kmb.hk/KMBWebSite/?action=routesearch&route=16&lang=zh-hk","https://search.kmb.hk/KMBWebSite/?action=routesearch&route=16&lang=zh-cn","https://search.kmb.hk/KMBWebSite/?action=routesearch&route=16&lang=en",7.8000,"06/18/23 00:00:00"
8066,"KMB+CTB",,"118","118","118",1,"T",1,3.3000000000000000e+01,"海底隧道","海底隧道","CROSS HARBOUR TUNNEL","小西灣(藍灣半島)","小西湾(蓝湾半岛)","Siu Sai Wan (Island Resort)","https://search.kmb.hk/KMBWebSite/?action=routesearch&route=118&lang=zh-hk","https://search.kmb.hk/KMBWebSite/?action=routesearch&route=118&lang=zh-cn","https://search.kmb.hk/KMBWebSite/?action=routesearch&route=118&lang=en",12.9000,"06/18/23 00:00:00"
8068,"NLB",,"B2P","B2P","B2P",1,"R",0,2.9000000000000000e+01,"天水圍 (天慈邨)","天水围 (天慈邨)","Tin Shui Wai (Tin Tsz Estate)","深圳灣口岸","深圳湾口岸","Shenzhen Bay Port","http://www.nlb.com.hk/route?q=B2P","http://www.nlb.com.hk/route?q=B2P","http://www.nlb.com.hk/route?q=B2P",11.3000,"04/30/24 00:00:00"
8071,"NLB",,"1R","1R","1R",1,"T",1,1.0500000000000000e+02,"紅磡(紅鸞道)","红磡(红鸾道)","Hung Hom (Hung Luen Road)","昂平","昂平","Ngong Ping","http://www.nlb.com.hk/route?q=1R","http://www.nlb.com.hk/route?q=1R","http://www.nlb.com.hk/route?q=1R",56.5000,"06/18/23 00:00:00"
8073,"KMB",,"935","935","935",1,"T",1,3.8000000000000000e+01,"葵涌(安蔭邨)","葵涌(安荫邨)","KWAI CHUNG (ON YAM ESTATE)","灣仔(菲林明道)","湾仔(菲林明道)","WAN CHAI (FLEMING ROAD)","https://search.kmb.hk/KMBWebSite/?action=routesearch&route=935&lang=zh-hk","https://search.kmb.hk/KMBWebSite/?action=routesearch&route=935&lang=zh-cn","https://search.kmb.hk/KMBWebSite/?action=routesearch&route=935&lang=en",20.6000,"07/12/24 00:00:00"
8097,"KMB",,"270P","270P","270P",1,"T",1,7.5000000000000000e+01,"上水","上水","SHEUNG SHUI","九龍站","九龙站","KOWLOON STATION","https://search.kmb.hk/KMBWebSite/?action=routesearch&route=270P&lang=zh-hk","https://search.kmb.hk/KMBWebSite/?action=routesearch&route=270P&lang=zh-cn","https://search.kmb.hk/KMBWebSite/?action=routesearch&route=270P&lang=en",16.9000,"01/02/25 00:00:00"
8099,"KMB",,"258S","258S","258S",1,"T",1,7.4000000000000000e+01,"屯門(山景邨)","屯门(山景邨)","TUEN MUN (SHAN KING ESTATE)","藍田站","蓝田站","LAM TIN STATION","https://search.kmb.hk/KMBWebSite/?action=routesearch&route=258S&lang=zh-hk","https://search.kmb.hk/KMBWebSite/?action=routesearch&route=258S&lang=zh-cn","https://search.kmb.hk/KMBWebSite/?action=routesearch&route=258S&lang=en",18.8000,"12/15/23 00:00:00"
8100,"KMB",,"960X","960X","960X",1,"T",1,7.9000000000000000e+01,"洪水橋(洪元路)","洪水桥(洪元路)","HUNG SHUI KIU (HUNG YUEN ROAD)","鰂魚涌(英皇道)","鰂鱼涌(英皇道)","QUARRY BAY (KING'S ROAD)","https://search.kmb.hk/KMBWebSite/?action=routesearch&route=960X&lang=zh-hk","https://search.kmb.hk/KMBWebSite/?action=routesearch&route=960X&lang=zh-cn","https://search.kmb.hk/KMBWebSite/?action=routesearch&route=960X&lang=en",27.0000,"09/22/23 00:00:00"
8101,"CTB",,"E11S","E11S","E11S",1,"T",1,7.5000000000000000e+01,"東涌 (滿東邨)","东涌 (满东邨)","Tung Chung (Mun Tung Estate)","天后站","天后站","Tin Hau Station","https://mobile.bravobus.com.hk/nwp3/?f=1&ds=E11S&dsmode=1&l=0","https://mobile.bravobus.com.hk/nwp3/?f=1&ds=E11S&dsmode=1&l=2","https://mobile.bravobus.com.hk/nwp3/?f=1&ds=E11S&dsmode=1&l=1",23.8000,"11/24/23 00:00:00"
8102,"CTB",,"99X","99X","99X",1,"T",1,4.9000000000000000e+01,"海怡半島","海怡半岛","South Horizons","西灣河(太康街)","西湾河(太康街)","Sai Wan Ho (Tai Hong Street)","https://mobile.bravobus.com.hk/nwp3/?f=1&ds=99X&dsmode=1&l=0","https://mobile.bravobus.com.hk/nwp3/?f=1&ds=99X&dsmode=1&l=2","https://mobile.bravobus.com.hk/nwp3/?f=1&ds=99X&dsmode=1&l=1",9.7000,"06/18/23 00:00:00"
8104,"KMB+CTB",,"982X","982X","982X",1,"T",1,4.7000000000000000e+01,"愉翠苑","愉翠苑","YU CHUI COURT","灣仔(菲林明道)","湾仔(菲林明道)","WAN CHAI(FLEMING ROAD)","https://search.kmb.hk/KMBWebSite/?action=routesearch&route=982X&lang=zh-hk","https://search.kmb.hk/KMBWebSite/?action=routesearch&route=982X&lang=zh-cn","https://search.kmb.hk/KMBWebSite/?action=routesearch&route=982X&lang=en",20.8000,"08/09/24 00:00:00"
8114,"KMB",,"5P","5P","5P",1,"T",1,4.0000000000000000e+01,"慈雲山(中)","慈云山(中)","TSZ WAN SHAN (CENTRAL)","尖沙咀碼頭","尖沙咀码头","STAR FERRY","https://search.kmb.hk/KMBWebSite/?action=routesearch&route=5P&lang=zh-hk","https://search.kmb.hk/KMBWebSite/?action=routesearch&route=5P&lang=zh-cn","https://search.kmb.hk/KMBWebSite/?action=routesearch&route=5P&lang=en",6.7000,"09/20/24 00:00:00"
8115,"KMB",,"215P","215P","215P",1,"T",1,3.9000000000000000e+01,"藍田(廣田邨)","蓝田(广田邨)","LAM TIN (KWONG TIN ESTATE)","九龍站","九龙站","KOWLOON STATION","https://search.kmb.hk/KMBWebSite/?action=routesearch&route=215P&lang=zh-hk","https://search.kmb.hk/KMBWebSite/?action=routesearch&route=215P&lang=zh-cn","https://search.kmb.hk/KMBWebSite/?action=routesearch&route=215P&lang=en",8.6000,"01/02/25 00:00:00"
8116,"CTB",,"702","702","702",1,"T",1,2.6000000000000000e+01,"泓景臺","泓景台","Banyan Garden","民樂樓","民乐楼","Man Lok House","https://mobile.bravobus.com.hk/nwp3/?f=1&ds=702&dsmode=1&l=0","https://mobile.bravobus.com.hk/nwp3/?f=1&ds=702&dsmode=1&l=2","https://mobile.bravobus.com.hk/nwp3/?f=1&ds=702&dsmode=1&l=1",5.0000,"06/18/23 00:00:00"
8118,"CTB",,"702S","702S","702S",1,"T",1,2.1000000000000000e+01,"海盈邨","海盈邨","Hoi Ying Estate","蘇屋邨","苏屋邨","So Uk Estate","https://mobile.bravobus.com.hk/nwp3/?f=1&ds=702S&dsmode=1&l=0","https://mobile.bravobus.com.hk/nwp3/?f=1&ds=702S&dsmode=1&l=2","https://mobile.bravobus.com.hk/nwp3/?f=1&ds=702S&dsmode=1&l=1",4.7000,"06/18/23 00:00:00"
8122,"CTB",,"702","702","702",1,"T",1,1.1000000000000000e+01,"欽州街","钦州街","Yen Chow Street","海麗邨","海丽邨","Hoi Lai Estate","https://mobile.bravobus.com.hk/nwp3/?f=1&ds=702&dsmode=1&l=0","https://mobile.bravobus.com.hk/nwp3/?f=1&ds=702&dsmode=1&l=2","https://mobile.bravobus.com.hk/nwp3/?f=1&ds=702&dsmode=1&l=1",4.4000,"06/18/23 00:00:00"
8124,"KMB+CTB",,"914P","914P","914P",1,"T",1,4.9000000000000000e+01,"海麗邨","海丽邨","HOI LAI ESTATE","銅鑼灣(天后)","铜锣湾(天后)","CAUSEWAY BAY (TIN HAU)","https://search.kmb.hk/KMBWebSite/?action=routesearch&route=914P&lang=zh-hk","https://search.kmb.hk/KMBWebSite/?action=routesearch&route=914P&lang=zh-cn","https://search.kmb.hk/KMBWebSite/?action=routesearch&route=914P&lang=en",12.2000,"06/18/23 00:00:00"
8134,"KMB",,"272A","272A","272A",1,"T",1,1.2000000000000000e+01,"大學站","大学站","UNIVERSITY STATION","博研路(循環線)(經創新路)","博研路(循环线)(经创新路)","POK YIN ROAD (CIRCULAR) (via Chong San Road)","https://search.kmb.hk/KMBWebSite/?action=routesearch&route=272A&lang=zh-hk","https://search.kmb.hk/KMBWebSite/?action=routesearch&route=272A&lang=zh-cn","https://search.kmb.hk/KMBWebSite/?action=routesearch&route=272A&lang=en",5.1000,"01/17/25 00:00:00"
8136,"KMB",,"68E","68E","68E",1,"R",0,4.5000000000000000e+01,"元朗公園","元朗公园","YUEN LONG PARK","青衣站","青衣站","TSING YI STATION","https://search.kmb.hk/KMBWebSite/?action=routesearch&route=68E&lang=zh-hk","https://search.kmb.hk/KMBWebSite/?action=routesearch&route=68E&lang=zh-cn","https://search.kmb.hk/KMBWebSite/?action=routesearch&route=68E&lang=en",12.5000,"01/02/25 00:00:00"
8137,"KMB",,"268C","268C","268C",1,"T",1,6.2000000000000000e+01,"銀田花園","银田花园","SILVER FIELD GARDEN","觀塘碼頭","观塘码头","KWUN TONG FERRY","https://search.kmb.hk/KMBWebSite/?action=routesearch&route=268C&lang=zh-hk","https://search.kmb.hk/KMBWebSite/?action=routesearch&route=268C&lang=zh-cn","https://search.kmb.hk/KMBWebSite/?action=routesearch&route=268C&lang=en",20.8000,"07/07/23 00:00:00"
8138,"CTB",,"85","85","85",1,"T",1,4.3000000000000000e+01,"小西灣(藍灣半島)","小西湾(蓝湾半岛)","Siu Sai Wan (Island Resort)","北角碼頭","北角码头","North Point Ferry","https://mobile.bravobus.com.hk/nwp3/?f=1&ds=85&dsmode=1&l=0","https://mobile.bravobus.com.hk/nwp3/?f=1&ds=85&dsmode=1&l=2","https://mobile.bravobus.com.hk/nwp3/?f=1&ds=85&dsmode=1&l=1",5.2000,"01/02/25 00:00:00"
8139,"CTB",,"85A","85A","85A",1,"T",1,4.1000000000000000e+01,"北角碼頭","北角码头","North Point Ferry Pier","筲箕灣","筲箕湾","Shau Kei Wan","https://mobile.bravobus.com.hk/nwp3/?f=1&ds=85A&dsmode=1&l=0","https://mobile.bravobus.com.hk/nwp3/?f=1&ds=85A&dsmode=1&l=2","https://mobile.bravobus.com.hk/nwp3/?f=1&ds=85A&dsmode=1&l=1",5.2000,"08/30/23 00:00:00"
8141,"CTB",,"18X","18X","18X",1,"T",1,5.6000000000000000e+01,"筲箕灣","筲箕湾","Shau Kei Wan","堅尼地城(卑路乍灣)","坚尼地城(卑路乍湾)","Kennedy Town (Belcher Bay)","https://mobile.bravobus.com.hk/nwp3/?f=1&ds=18X&dsmode=1&l=0","https://mobile.bravobus.com.hk/nwp3/?f=1&ds=18X&dsmode=1&l=2","https://mobile.bravobus.com.hk/nwp3/?f=1&ds=18X&dsmode=1&l=1",10.8000,"01/02/25 00:00:00"
8149,"KMB",,"270B","270B","270B",1,"T",1,5.9000000000000000e+01,"深水埗","深水埗","SHAM SHUI PO","上水","上水","SHEUNG SHUI","https://search.kmb.hk/KMBWebSite/?action=routesearch&route=270B&lang=zh-hk","https://search.kmb.hk/KMBWebSite/?action=routesearch&route=270B&lang=zh-cn","https://search.kmb.hk/KMBWebSite/?action=routesearch&route=270B&lang=en",16.9000,"01/02/25 00:00:00"
8150,"KMB",,"270S","270S","270S",1,"NT",1,7.9000000000000000e+01,"尖沙咀東(麼地道)","尖沙咀东(麽地道)","TSIM SHA TSUI EAST (MODY ROAD)","粉嶺(聯和墟)","粉岭(联和墟)","FANLING (LUEN WO HUI)","https://search.kmb.hk/KMBWebSite/?action=routesearch&route=270S&lang=zh-hk","https://search.kmb.hk/KMBWebSite/?action=routesearch&route=270S&lang=zh-cn","https://search.kmb.hk/KMBWebSite/?action=routesearch&route=270S&lang=en",20.8000,"12/02/24 00:00:00"
8151,"KMB",,"78K","78K","78K",1,"T",1,3.8000000000000000e+01,"沙頭角","沙头角","SHA TAU KOK","粉嶺(華明)","粉岭(华明)","FANLING (WAH MING)","https://search.kmb.hk/KMBWebSite/?action=routesearch&route=78K&lang=zh-hk","https://search.kmb.hk/KMBWebSite/?action=routesearch&route=78K&lang=zh-cn","https://search.kmb.hk/KMBWebSite/?action=routesearch&route=78K&lang=en",8.6000,"02/16/24 00:00:00"
8152,"KMB",,"73","73","73",1,"R",0,3.3000000000000000e+01,"粉嶺(華明)","粉岭(华明)","FANLING (WAH MING)","大埔中心","大埔中心","TAI PO CENTRAL","https://search.kmb.hk/KMBWebSite/?action=routesearch&route=73&lang=zh-hk","https://search.kmb.hk/KMBWebSite/?action=routesearch&route=73&lang=zh-cn","https://search.kmb.hk/KMBWebSite/?action=routesearch&route=73&lang=en",7.8000,"02/16/24 00:00:00"
8153,"KMB",,"74C","74C","74C",1,"T",1,7.9000000000000000e+01,"九龍坑","九龙坑","KAU LUNG HANG","觀塘碼頭","观塘码头","KWUN TONG FERRY","https://search.kmb.hk/KMBWebSite/?action=routesearch&route=74C&lang=zh-hk","https://search.kmb.hk/KMBWebSite/?action=routesearch&route=74C&lang=zh-cn","https://search.kmb.hk/KMBWebSite/?action=routesearch&route=74C&lang=en",16.9000,"01/02/25 00:00:00"
8154,"KMB",,"77K","77K","77K",1,"T",1,5.2000000000000000e+01,"上水","上水","SHEUNG SHUI","元朗(西)","元朗(西)","YUEN LONG (WEST)","https://search.kmb.hk/KMBWebSite/?action=routesearch&route=77K&lang=zh-hk","https://search.kmb.hk/KMBWebSite/?action=routesearch&route=77K&lang=zh-cn","https://search.kmb.hk/KMBWebSite/?action=routesearch&route=77K&lang=en",8.4000,"06/18/23 00:00:00"
8162,"CTB",,"952","952","952",1,"T",1,6.7000000000000000e+01,"菲林明道","菲林明道","Fleming Road","屯門(置樂花園)","屯门(置乐花园)","Tuen Mun (Chi Lok Fa Yuen)","https://mobile.bravobus.com.hk/nwp3/?f=1&ds=952&dsmode=1&l=0","https://mobile.bravobus.com.hk/nwp3/?f=1&ds=952&dsmode=1&l=2","https://mobile.bravobus.com.hk/nwp3/?f=1&ds=952&dsmode=1&l=1",24.2000,"01/02/25 00:00:00"
8163,"KMB",,"234C","234C","234C",1,"T",1,6.4000000000000000e+01,"深井","深井","SHAM TSENG","觀塘(翠屏北邨)","观塘(翠屏北邨)","KWUN TONG (TSUI PING NORTH ESTATE)","https://search.kmb.hk/KMBWebSite/?action=routesearch&route=234C&lang=zh-hk","https://search.kmb.hk/KMBWebSite/?action=routesearch&route=234C&lang=zh-cn","https://search.kmb.hk/KMBWebSite/?action=routesearch&route=234C&lang=en",11.5000,"01/19/24 00:00:00"
8164,"KMB",,"75P","75P","75P",1,"T",1,2.8000000000000000e+01,"大美督","大美督","TAI MEI TUK","大埔墟站","大埔墟站","TAI PO MARKET STATION","https://search.kmb.hk/KMBWebSite/?action=routesearch&route=75P&lang=zh-hk","https://search.kmb.hk/KMBWebSite/?action=routesearch&route=75P&lang=zh-cn","https://search.kmb.hk/KMBWebSite/?action=routesearch&route=75P&lang=en",7.9000,"06/18/23 00:00:00"
8165,"KMB+CTB",,"302A","302A","302A",1,"T",1,6.0000000000000000e+01,"慈雲山(北)","慈云山(北)","Tsz Wan Shan (North)","北角 (健康村) ","北角 (健康村) ","North Point (Healthy Village)","https://search.kmb.hk/KMBWebSite/?action=routesearch&route=302A&lang=zh-hk","https://search.kmb.hk/KMBWebSite/?action=routesearch&route=302A&lang=zh-cn","https://search.kmb.hk/KMBWebSite/?action=routesearch&route=302A&lang=en",14.4000,"06/18/23 00:00:00"
8166,"KMB",,"76K","76K","76K",1,"T",1,7.0000000000000000e+01,"粉嶺(華明)","粉岭(华明)","FANLING (WAH MING)","朗屏邨","朗屏邨","LONG PING ESTATE","https://search.kmb.hk/KMBWebSite/?action=routesearch&route=76K&lang=zh-hk","https://search.kmb.hk/KMBWebSite/?action=routesearch&route=76K&lang=zh-cn","https://search.kmb.hk/KMBWebSite/?action=routesearch&route=76K&lang=en",9.6000,"06/18/23 00:00:00"
8168,"CTB",,"682A","682A","682A",1,"T",1,6.5000000000000000e+01,"馬鞍山市中心","马鞍山市中心","Ma On Shan Town Centre","柴灣(東)","柴湾(东)","Chai Wan (East)","https://mobile.bravobus.com.hk/nwp3/?f=1&ds=682A&dsmode=1&l=0","https://mobile.bravobus.com.hk/nwp3/?f=1&ds=682A&dsmode=1&l=2","https://mobile.bravobus.com.hk/nwp3/?f=1&ds=682A&dsmode=1&l=1",24.4000,"01/02/25 00:00:00"
8169,"KMB",,"5R","5R","5R",1,"R",0,1.4000000000000000e+01,"啟德郵輪碼頭","启德邮轮码头","KAI TAK CRUISE TERMINAL","觀塘(apm)(循環線)","观塘(apm)(循环线)","KWUN TONG (apm) (CIRCULAR)","https://search.kmb.hk/KMBWebSite/?action=routesearch&route=5R&lang=zh-hk","https://search.kmb.hk/KMBWebSite/?action=routesearch&route=5R&lang=zh-cn","https://search.kmb.hk/KMBWebSite/?action=routesearch&route=5R&lang=en",8.1000,"12/02/24 00:00:00"
8170,"KMB+CTB",,"680B","680B","680B",1,"T",1,5.3000000000000000e+01,"富安花園巴士總站","富安花园巴士总站","Chevalier Garden Bus Terminus","金鐘站(東)","金钟站(东)","Admiralty Station (East)","https://search.kmb.hk/KMBWebSite/?action=routesearch&route=680B&lang=zh-hk","https://search.kmb.hk/KMBWebSite/?action=routesearch&route=680B&lang=zh-cn","https://search.kmb.hk/KMBWebSite/?action=routesearch&route=680B&lang=en",24.4000,"06/18/23 00:00:00"
8172,"KMB+CTB",,"678","678","678",1,"T",1,1.0000000000000000e+02,"上水","上水","Sheung Shui","銅鑼灣","铜锣湾","Causeway Bay","https://search.kmb.hk/KMBWebSite/?action=routesearch&route=678&lang=zh-hk","https://search.kmb.hk/KMBWebSite/?action=routesearch&route=678&lang=zh-cn","https://search.kmb.hk/KMBWebSite/?action=routesearch&route=678&lang=en",27.8000,"01/02/25 00:00:00"
8173,"KMB+CTB",,"606X","606X","606X",1,"T",1,5.0000000000000000e+01,"啟業","启业","KAI YIP","小西灣(藍灣半島)(晨早班次)","小西湾(蓝湾半岛)(晨早班次)","SIU SAI WAN (ISLAND RESORT) (Morning departures)","https://search.kmb.hk/KMBWebSite/?action=routesearch&route=606X&lang=zh-hk","https://search.kmb.hk/KMBWebSite/?action=routesearch&route=606X&lang=zh-cn","https://search.kmb.hk/KMBWebSite/?action=routesearch&route=606X&lang=en",14.4000,"06/18/23 00:00:00"
8180,"KMB+CTB",,"690","690","690",1,"T",1,6.1000000000000000e+01,"康盛花園","康盛花园","Hong Sing Garden","中環(交易廣場)(經禮頓道)","中环(交易广场)(经礼顿道)","Central (Exchange Square) (via Leighton Road)","https://search.kmb.hk/KMBWebSite/?action=routesearch&route=690&lang=zh-hk","https://search.kmb.hk/KMBWebSite/?action=routesearch&route=690&lang=zh-cn","https://search.kmb.hk/KMBWebSite/?action=routesearch&route=690&lang=en",17.8000,"01/30/24 00:00:00"
8181,"CTB",,"682P","682P","682P",1,"T",1,7.1000000000000000e+01,"烏溪沙站","烏溪沙站","Wu Kai Sha Station","柴灣(東)","柴湾(东)","Chai Wan (East)","https://mobile.bravobus.com.hk/nwp3/?f=1&ds=682P&dsmode=1&l=0","https://mobile.bravobus.com.hk/nwp3/?f=1&ds=682P&dsmode=1&l=2","https://mobile.bravobus.com.hk/nwp3/?f=1&ds=682P&dsmode=1&l=1",24.4000,"01/02/25 00:00:00"
8182,"CTB",,"682B","682B","682B",1,"T",1,5.9000000000000000e+01,"水泉澳邨","水泉澳村","Shui Chueu O Estate","柴灣(東)","柴湾(东)","Chai Wan (East)","https://mobile.bravobus.com.hk/nwp3/?f=1&ds=682B&dsmode=1&l=0","https://mobile.bravobus.com.hk/nwp3/?f=1&ds=682B&dsmode=1&l=2","https://mobile.bravobus.com.hk/nwp3/?f=1&ds=682B&dsmode=1&l=1",24.4000,"01/02/25 00:00:00"
8183,"KMB",,"N73","N73","N73",1,"N",0,6.4000000000000000e+01,"沙田市中心","沙田市中心","SHATIN CENTRAL","落馬洲","落马洲","LOK MA CHAU","https://search.kmb.hk/KMBWebSite/?action=routesearch&route=N73&lang=zh-hk","https://search.kmb.hk/KMBWebSite/?action=routesearch&route=N73&lang=zh-cn","https://search.kmb.hk/KMBWebSite/?action=routesearch&route=N73&lang=en",22.6000,"01/02/25 00:00:00"
8185,"KMB",,"82B","82B","82B",1,"T",1,5.0000000000000000e+00,"美田","美田","MEI TIN","大圍站","大围站","TAI WAI STATION","https://search.kmb.hk/KMBWebSite/?action=routesearch&route=82B&lang=zh-hk","https://search.kmb.hk/KMBWebSite/?action=routesearch&route=82B&lang=zh-cn","https://search.kmb.hk/KMBWebSite/?action=routesearch&route=82B&lang=en",4.9000,"06/18/23 00:00:00"
8186,"NLB",,"B2X","B2X","B2X",1,"T",3,1.7000000000000000e+01,"天水圍 (天耀邨)","天水围 (天耀邨)","Tin Shui Wai (Tin Yiu Estate)","深圳灣口岸","深圳湾口岸","Shenzhen Bay Port","http://www.nlb.com.hk/route?q=B2X","http://www.nlb.com.hk/route?q=B2X","http://www.nlb.com.hk/route?q=B2X",11.3000,"06/18/23 00:00:00"
8196,"KMB",,"88X","88X","88X",1,"T",1,5.5000000000000000e+01,"穗禾苑","穗禾苑","SUI WO COURT","平田(平田方向經觀塘繞道，火炭方向經觀塘道)","平田(平田方向经观塘绕道，火炭方向经观塘道)","PING TIN (via Kwun Tong Bypass on journey to Ping Tin and via Kwun Tong Road on journey to Fo Tan)","https://search.kmb.hk/KMBWebSite/?action=routesearch&route=88X&lang=zh-hk","https://search.kmb.hk/KMBWebSite/?action=routesearch&route=88X&lang=zh-cn","https://search.kmb.hk/KMBWebSite/?action=routesearch&route=88X&lang=en",11.6000,"01/02/25 00:00:00"
8197,"KMB",,"82C","82C","82C",1,"T",1,2.9000000000000000e+01,"廣源","广源","KWONG YUEN","香港科學園","香港科学园","HONG KONG SCIENCE PARK","https://search.kmb.hk/KMBWebSite/?action=routesearch&route=82C&lang=zh-hk","https://search.kmb.hk/KMBWebSite/?action=routesearch&route=82C&lang=zh-cn","https://search.kmb.hk/KMBWebSite/?action=routesearch&route=82C&lang=en",8.3000,"06/21/24 00:00:00"
8198,"KMB",,"287X","287X","287X",1,"R",0,5.1000000000000000e+01,"水泉澳","水泉澳","SHUI CHUEN O","佐敦(循環線)","佐敦(循环线)","JORDAN (CIRCULAR)","https://search.kmb.hk/KMBWebSite/?action=routesearch&route=287X&lang=zh-hk","https://search.kmb.hk/KMBWebSite/?action=routesearch&route=287X&lang=zh-cn","https://search.kmb.hk/KMBWebSite/?action=routesearch&route=287X&lang=en",8.1000,"12/06/24 00:00:00"
8199,"KMB",,"T270","T270","T270",1,"T",1,6.2000000000000000e+01,"粉嶺(祥華)","粉岭(祥华)","FANLING (CHEUNG WAH)","尖沙咀東(麼地道)","尖沙咀东(麽地道)","TSIM SHA TSUI EAST (MODY ROAD)","https://search.kmb.hk/KMBWebSite/?action=routesearch&route=T270&lang=zh-hk","https://search.kmb.hk/KMBWebSite/?action=routesearch&route=T270&lang=zh-cn","https://search.kmb.hk/KMBWebSite/?action=routesearch&route=T270&lang=en",18.0000,"06/18/23 00:00:00"
8200,"KMB",,"T277","T277","T277",1,"T",1,8.8000000000000000e+01,"上水","上水","SHEUNG SHUI","藍田站","蓝田站","LAM TIN STATION","https://search.kmb.hk/KMBWebSite/?action=routesearch&route=T277&lang=zh-hk","https://search.kmb.hk/KMBWebSite/?action=routesearch&route=T277&lang=zh-cn","https://search.kmb.hk/KMBWebSite/?action=routesearch&route=T277&lang=en",18.0000,"06/10/23 00:00:00"
8207,"KMB",,"64S","64S","64S",1,"T",1,1.5000000000000000e+01,"上村球場","上村球场","SHEUNG TSUEN PLAYGROUND","錦上路站","锦上路站","KAM SHEUNG ROAD STATION","https://search.kmb.hk/KMBWebSite/?action=routesearch&route=64S&lang=zh-hk","https://search.kmb.hk/KMBWebSite/?action=routesearch&route=64S&lang=zh-cn","https://search.kmb.hk/KMBWebSite/?action=routesearch&route=64S&lang=en",6.7000,"09/27/24 00:00:00"
8208,"KMB",,"251B","251B","251B",1,"R",0,2.0000000000000000e+01,"八鄉路","八乡路","PAT HEUNG ROAD","上村(循環線)","上村(循环线)","SHEUNG TSUEN (CIRCULAR)","https://search.kmb.hk/KMBWebSite/?action=routesearch&route=251B&lang=zh-hk","https://search.kmb.hk/KMBWebSite/?action=routesearch&route=251B&lang=zh-cn","https://search.kmb.hk/KMBWebSite/?action=routesearch&route=251B&lang=en",6.7000,"06/18/23 00:00:00"
8209,"KMB",,"274X","274X","274X",1,"T",1,4.2000000000000000e+01,"觀塘碼頭","观塘码头","KWUN TONG FERRY","大埔中心","大埔中心","TAI PO CENTRAL","https://search.kmb.hk/KMBWebSite/?action=routesearch&route=274X&lang=zh-hk","https://search.kmb.hk/KMBWebSite/?action=routesearch&route=274X&lang=zh-cn","https://search.kmb.hk/KMBWebSite/?action=routesearch&route=274X&lang=en",11.5000,"07/10/23 00:00:00"
8213,"KMB",,"269A","269A","269A",1,"T",1,4.8000000000000000e+01,"濕地公園路","湿地公园路","WETLAND PARK ROAD","葵涌(葵芳邨)","葵涌(葵芳邨)","KWAI CHUNG (KWAI FONG ESTATE)","https://search.kmb.hk/KMBWebSite/?action=routesearch&route=269A&lang=zh-hk","https://search.kmb.hk/KMBWebSite/?action=routesearch&route=269A&lang=zh-cn","https://search.kmb.hk/KMBWebSite/?action=routesearch&route=269A&lang=en",12.5000,"06/18/23 00:00:00"
8214,"KMB",,"269P","269P","269P",1,"T",1,5.0000000000000000e+01,"葵涌(葵芳邨)","葵涌(葵芳邨)","KWAI CHUNG (KWAI FONG ESTATE)","濕地公園路","湿地公园路","WETLAND PARK ROAD","https://search.kmb.hk/KMBWebSite/?action=routesearch&route=269P&lang=zh-hk","https://search.kmb.hk/KMBWebSite/?action=routesearch&route=269P&lang=zh-cn","https://search.kmb.hk/KMBWebSite/?action=routesearch&route=269P&lang=en",12.5000,"06/18/23 00:00:00"
8225,"KMB",,"74P","74P","74P",1,"T",1,5.0000000000000000e+01,"觀塘碼頭","观塘码头","KWUN TONG FERRY","大埔中心","大埔中心","TAI PO CENTRAL","https://search.kmb.hk/KMBWebSite/?action=routesearch&route=74P&lang=zh-hk","https://search.kmb.hk/KMBWebSite/?action=routesearch&route=74P&lang=zh-cn","https://search.kmb.hk/KMBWebSite/?action=routesearch&route=74P&lang=en",11.5000,"06/10/23 00:00:00"
8226,"KMB",,"72C","72C","72C",1,"T",1,3.6000000000000000e+01,"大美督","大美督","TAI MEI TUK B/T","大埔墟站","大埔墟站","TAI PO MARKET STATION","https://search.kmb.hk/KMBWebSite/?action=routesearch&route=72C&lang=zh-hk","https://search.kmb.hk/KMBWebSite/?action=routesearch&route=72C&lang=zh-cn","https://search.kmb.hk/KMBWebSite/?action=routesearch&route=72C&lang=en",6.7000,"08/16/24 00:00:00"
8228,"KMB+CTB",,"101X","101X","101X",1,"T",1,7.8000000000000000e+01,"觀塘(裕民坊)","观塘(裕民坊)","Kwun Tong (Yue Man Square)","堅尼地城(經九龍灣商貿區)","坚尼地城(经九龙湾商贸区)","Kennedy Town (via Kowloon Bay Business Area)","https://search.kmb.hk/KMBWebSite/?action=routesearch&route=101X&lang=zh-hk","https://search.kmb.hk/KMBWebSite/?action=routesearch&route=101X&lang=zh-cn","https://search.kmb.hk/KMBWebSite/?action=routesearch&route=101X&lang=en",14.4000,"06/18/23 00:00:00"
8229,"KMB",,"280X","280X","280X",1,"R",0,4.7000000000000000e+01,"穗禾苑","穗禾苑","SUI WO COURT","尖沙咀東(麼地道)","尖沙咀东(麽地道)","TSIM SHA TSUI EAST (MODY ROAD)","https://search.kmb.hk/KMBWebSite/?action=routesearch&route=280X&lang=zh-hk","https://search.kmb.hk/KMBWebSite/?action=routesearch&route=280X&lang=zh-cn","https://search.kmb.hk/KMBWebSite/?action=routesearch&route=280X&lang=en",10.2000,"01/02/25 00:00:00"
8230,"KMB",,"X42C","X42C","X42C",1,"T",1,5.5000000000000000e+01,"青衣(長亨邨)","青衣(长亨邨)","TSING YI (CHEUNG HANG ESTATE)","油塘","油塘","YAU TONG","https://search.kmb.hk/KMBWebSite/?action=routesearch&route=X42C&lang=zh-hk","https://search.kmb.hk/KMBWebSite/?action=routesearch&route=X42C&lang=zh-cn","https://search.kmb.hk/KMBWebSite/?action=routesearch&route=X42C&lang=en",12.1000,"12/20/24 00:00:00"
8242,"KMB",,"87D","87D","87D",1,"T",1,5.8000000000000000e+01,"馬鞍山市中心","马鞍山市中心","MA ON SHAN TOWN CENTRE","紅磡站","红磡站","HUNG HOM STATION","https://search.kmb.hk/KMBWebSite/?action=routesearch&route=87D&lang=zh-hk","https://search.kmb.hk/KMBWebSite/?action=routesearch&route=87D&lang=zh-cn","https://search.kmb.hk/KMBWebSite/?action=routesearch&route=87D&lang=en",10.8000,"06/14/24 00:00:00"
8243,"KMB",,"35X","35X","35X",1,"T",1,5.1000000000000000e+01,"葵涌(安蔭邨)","葵涌(安荫邨)","KWAI CHUNG (ON YAM ESTATE)","尖沙咀東","尖沙咀东","TSIM SHA TSUI EAST","https://search.kmb.hk/KMBWebSite/?action=routesearch&route=35X&lang=zh-hk","https://search.kmb.hk/KMBWebSite/?action=routesearch&route=35X&lang=zh-cn","https://search.kmb.hk/KMBWebSite/?action=routesearch&route=35X&lang=en",10.1000,"06/18/23 00:00:00"
8244,"KMB",,"290","290","290",1,"R",0,6.5000000000000000e+01,"坑口(北)(將軍澳醫院)","坑口(北)(将军澳医院)","HANG HAU (NORTH) (TSEUNG KWAN O HOSPITAL)","荃灣西站","荃湾西站","TSUEN WAN WEST STATION","https://search.kmb.hk/KMBWebSite/?action=routesearch&route=290&lang=zh-hk","https://search.kmb.hk/KMBWebSite/?action=routesearch&route=290&lang=zh-cn","https://search.kmb.hk/KMBWebSite/?action=routesearch&route=290&lang=en",12.1000,"06/17/24 00:00:00"
8245,"KMB",,"290A","290A","290A",1,"R",0,7.8000000000000000e+01,"將軍澳(彩明)","将军澳(彩明)","TSEUNG KWAN O (CHOI MING)","荃灣西站","荃湾西站","TSUEN WAN WEST STATION","https://search.kmb.hk/KMBWebSite/?action=routesearch&route=290A&lang=zh-hk","https://search.kmb.hk/KMBWebSite/?action=routesearch&route=290A&lang=zh-cn","https://search.kmb.hk/KMBWebSite/?action=routesearch&route=290A&lang=en",12.1000,"06/18/23 00:00:00"
8247,"KMB",,"98D","98D","98D",1,"T",1,4.5000000000000000e+01,"坑口(北)(將軍澳醫院)","坑口(北)(将军澳医院)","HANG HAU (NORTH) (TSEUNG KWAN O HOSPITAL)","尖沙咀東(不經重華路及培成路)","尖沙咀东(不经重华路及培成路)","TSIM SHA TSUI EAST (OMIT CHUNG WA ROAD & PUI SHING ROAD)","https://search.kmb.hk/KMBWebSite/?action=routesearch&route=98D&lang=zh-hk","https://search.kmb.hk/KMBWebSite/?action=routesearch&route=98D&lang=zh-cn","https://search.kmb.hk/KMBWebSite/?action=routesearch&route=98D&lang=en",11.3000,"01/02/25 00:00:00"
8254,"CTB",,"4","4","4",1,"T",1,4.6000000000000000e+01,"田灣","田湾","Tin Wan","中環","中环","Central","https://mobile.bravobus.com.hk/nwp3/?f=1&ds=4&dsmode=1&l=0","https://mobile.bravobus.com.hk/nwp3/?f=1&ds=4&dsmode=1&l=2","https://mobile.bravobus.com.hk/nwp3/?f=1&ds=4&dsmode=1&l=1",7.7000,"01/02/25 00:00:00"
8256,"CTB",,"4X","4X","4X",1,"T",1,3.1000000000000000e+01,"上環","上环","Sheung Wan","華富(南)(途經林士街天橋)","华富(南)(途经林士街天桥)","Wah Fu (South) (via Rumsey Street Flyover)","https://mobile.bravobus.com.hk/nwp3/?f=1&ds=4X&dsmode=1&l=0","https://mobile.bravobus.com.hk/nwp3/?f=1&ds=4X&dsmode=1&l=2","https://mobile.bravobus.com.hk/nwp3/?f=1&ds=4X&dsmode=1&l=1",7.1000,"01/02/25 00:00:00"
8257,"CTB",,"4X","4X","4X",1,"T",1,3.7000000000000000e+01,"華富(南)","华富(南)","Wah Fu (South)","中環","中环","Central","https://mobile.bravobus.com.hk/nwp3/?f=1&ds=4X&dsmode=1&l=0","https://mobile.bravobus.com.hk/nwp3/?f=1&ds=4X&dsmode=1&l=2","https://mobile.bravobus.com.hk/nwp3/?f=1&ds=4X&dsmode=1&l=1",7.1000,"06/18/23 00:00:00"
8258,"CTB",,"70","70","70",1,"T",1,4.4000000000000000e+01,"華貴","华贵","Wah Kwai","中環(交易廣場)(經田灣)","中环(交易广场)(经田湾)","Central (Exchange Square) (via Tin Wan)","https://mobile.bravobus.com.hk/nwp3/?f=1&ds=70&dsmode=1&l=0","https://mobile.bravobus.com.hk/nwp3/?f=1&ds=70&dsmode=1&l=2","https://mobile.bravobus.com.hk/nwp3/?f=1&ds=70&dsmode=1&l=1",6.6000,"01/02/25 00:00:00"
8261,"KMB",,"286X","286X","286X",1,"T",1,3.7000000000000000e+01,"顯徑","显径","HIN KENG","深水埗(循環線)(不經美田及美林)","深水埗(循环线)(不经美田及美林)","SHUM SHUI PO(CIRCULAR) (omit Mei Tin and Mei Lam)","https://search.kmb.hk/KMBWebSite/?action=routesearch&route=286X&lang=zh-hk","https://search.kmb.hk/KMBWebSite/?action=routesearch&route=286X&lang=zh-cn","https://search.kmb.hk/KMBWebSite/?action=routesearch&route=286X&lang=en",8.1000,"06/18/23 00:00:00"
8262,"KMB",,"286P","286P","286P",1,"T",1,4.1000000000000000e+01,"美松苑","美松苑","MEI CHUNG COURT","長沙灣","长沙湾","CHEUNG SHA WAN","https://search.kmb.hk/KMBWebSite/?action=routesearch&route=286P&lang=zh-hk","https://search.kmb.hk/KMBWebSite/?action=routesearch&route=286P&lang=zh-cn","https://search.kmb.hk/KMBWebSite/?action=routesearch&route=286P&lang=en",8.1000,"10/13/23 00:00:00"
8272,"CTB",,"9","9","9",1,"T",1,2.9000000000000000e+01,"大浪灣","大浪湾","Big Wave Bay","筲箕灣(泳季班次)","筲箕湾(泳季班次)","Shau Kei Wan (Swimming seasons)","https://mobile.bravobus.com.hk/nwp3/?f=1&ds=9&dsmode=1&l=0","https://mobile.bravobus.com.hk/nwp3/?f=1&ds=9&dsmode=1&l=2","https://mobile.bravobus.com.hk/nwp3/?f=1&ds=9&dsmode=1&l=1",9.4000,"06/18/23 00:00:00"
8273,"KMB",,"978A","978A","978A",1,"T",1,7.5000000000000000e+01,"粉嶺(聯和墟)","粉岭(联和墟)","FANLING (LUEN WO HUI)","會展站","会展站","EXHIBITION CENTRE STATION","https://search.kmb.hk/KMBWebSite/?action=routesearch&route=978A&lang=zh-hk","https://search.kmb.hk/KMBWebSite/?action=routesearch&route=978A&lang=zh-cn","https://search.kmb.hk/KMBWebSite/?action=routesearch&route=978A&lang=en",27.9000,"06/30/23 00:00:00"
8274,"KMB",,"978B","978B","978B",1,"T",1,6.7000000000000000e+01,"粉嶺置福圍","粉岭置福围","CHI FUK CIRCUIT","會展站","会展站","EXHIBITION CENTRE STATION","https://search.kmb.hk/KMBWebSite/?action=routesearch&route=978B&lang=zh-hk","https://search.kmb.hk/KMBWebSite/?action=routesearch&route=978B&lang=zh-cn","https://search.kmb.hk/KMBWebSite/?action=routesearch&route=978B&lang=en",27.9000,"06/10/23 00:00:00"
8276,"CTB",,"682A","682A","682A",1,"T",1,7.6000000000000000e+01,"柴灣(東)","柴湾(东)","Chai Wan (East)","泥涌","泥涌","Nai Chung","https://mobile.bravobus.com.hk/nwp3/?f=1&ds=682A&dsmode=1&l=0","https://mobile.bravobus.com.hk/nwp3/?f=1&ds=682A&dsmode=1&l=2","https://mobile.bravobus.com.hk/nwp3/?f=1&ds=682A&dsmode=1&l=1",24.4000,"01/02/25 00:00:00"
8277,"CTB",,"796P","796P","796P",1,"T",1,5.1000000000000000e+01,"尖沙咀(東)","尖沙咀(东)","Tsim Sha Tsui (East)","將軍澳站","将军澳站","Tseung Kwan O Station","https://mobile.bravobus.com.hk/nwp3/?f=1&ds=796P&dsmode=1&l=0","https://mobile.bravobus.com.hk/nwp3/?f=1&ds=796P&dsmode=1&l=2","https://mobile.bravobus.com.hk/nwp3/?f=1&ds=796P&dsmode=1&l=1",10.3000,"09/27/24 00:00:00"
8278,"KMB",,"673","673","673",1,"R",0,9.3000000000000000e+01,"上水","上水","SHEUNG SHUI","中環(香港站)","中环(香港站)","CENTRAL (HONG KONG STATION)","https://search.kmb.hk/KMBWebSite/?action=routesearch&route=673&lang=zh-hk","https://search.kmb.hk/KMBWebSite/?action=routesearch&route=673&lang=zh-cn","https://search.kmb.hk/KMBWebSite/?action=routesearch&route=673&lang=en",27.9000,"01/02/25 00:00:00"
8174,"KMB+CTB",,"606A","606A","606A",1,"T",1,5.3000000000000000e+01,"彩雲(豐盛街)","彩云(丰盛街)","CHOI WAN (FUNG SHING STREET)","筲箕灣(耀東邨)","筲箕湾(耀东邨)","SHAU KEI WAN (YIU TUNG ESTATE)","https://search.kmb.hk/KMBWebSite/?action=routesearch&route=606A&lang=zh-hk","https://search.kmb.hk/KMBWebSite/?action=routesearch&route=606A&lang=zh-cn","https://search.kmb.hk/KMBWebSite/?action=routesearch&route=606A&lang=en",12.9000,"06/18/23 00:00:00"
8175,"KMB+CTB",,"606X","606X","606X",1,"T",1,4.3000000000000000e+01,"九龍灣(企業廣場)","九龙湾(企业广场)","Kowloon Bay (Enterprise Square)","小西灣(藍灣半島)","小西湾(蓝湾半岛)","Siu Sai Wan (Island Resort)","https://search.kmb.hk/KMBWebSite/?action=routesearch&route=606X&lang=zh-hk","https://search.kmb.hk/KMBWebSite/?action=routesearch&route=606X&lang=zh-cn","https://search.kmb.hk/KMBWebSite/?action=routesearch&route=606X&lang=en",14.4000,"01/02/25 00:00:00"
8177,"KMB+CTB",,"110","110","110",1,"T",1,6.5000000000000000e+01,"筲箕灣","筲箕湾","SHAU KEI WAN","尖沙咀東(麼地道)","尖沙咀东(麽地道)","TSIM SHA TSUI EAST (MODY ROAD)","https://search.kmb.hk/KMBWebSite/?action=routesearch&route=110&lang=zh-hk","https://search.kmb.hk/KMBWebSite/?action=routesearch&route=110&lang=zh-cn","https://search.kmb.hk/KMBWebSite/?action=routesearch&route=110&lang=en",12.2000,"03/24/24 00:00:00"
8178,"KMB",,"46P","46P","46P",1,"T",1,3.0000000000000000e+01,"美田","美田","MEI TIN","葵芳站","葵芳站","KWAI FONG STATION","https://search.kmb.hk/KMBWebSite/?action=routesearch&route=46P&lang=zh-hk","https://search.kmb.hk/KMBWebSite/?action=routesearch&route=46P&lang=zh-cn","https://search.kmb.hk/KMBWebSite/?action=routesearch&route=46P&lang=en",9.3000,"06/18/23 00:00:00"
8179,"CTB",,"99X","99X","99X",1,"T",1,5.2000000000000000e+01,"鴨脷洲 (鴨脷洲大街)","鸭脷洲 (鸭脷洲大街)","Ap Lei Chau (Main Street, Ap Lei Chau)","西灣河(太康街)","西湾河(太康街)","Sai Wan Ho (Tai Hong Street)","https://mobile.bravobus.com.hk/nwp3/?f=1&ds=99X&dsmode=1&l=0","https://mobile.bravobus.com.hk/nwp3/?f=1&ds=99X&dsmode=1&l=2","https://mobile.bravobus.com.hk/nwp3/?f=1&ds=99X&dsmode=1&l=1",9.7000,"06/18/23 00:00:00"
8189,"KMB",,"99R","99R","99R",1,"T",1,3.3000000000000000e+01,"西貢北(西貢警署)","西贡北(西贡警署)","SAI KUNG NORTH (SAI KUNG POLICE STATION)","大學站","大学站","UNIVERSITY STATION","https://search.kmb.hk/KMBWebSite/?action=routesearch&route=99R&lang=zh-hk","https://search.kmb.hk/KMBWebSite/?action=routesearch&route=99R&lang=zh-cn","https://search.kmb.hk/KMBWebSite/?action=routesearch&route=99R&lang=en",18.2000,"06/18/23 00:00:00"
8191,"KMB",,"17","17","17",1,"T",1,2.7000000000000000e+01,"九龍灣站","九龙湾站","KOWLOON BAY STATION","何文田(愛民邨)","何文田(爱民邨)","HO MAN TIN (OI MAN ESTATE)","https://search.kmb.hk/KMBWebSite/?action=routesearch&route=17&lang=zh-hk","https://search.kmb.hk/KMBWebSite/?action=routesearch&route=17&lang=zh-cn","https://search.kmb.hk/KMBWebSite/?action=routesearch&route=17&lang=en",6.7000,"06/18/23 00:00:00"
8192,"KMB",,"74B","74B","74B",1,"T",1,4.4000000000000000e+01,"九龍灣","九龙湾","KOWLOON BAY","大埔中心","大埔中心","TAI PO CENTRAL","https://search.kmb.hk/KMBWebSite/?action=routesearch&route=74B&lang=zh-hk","https://search.kmb.hk/KMBWebSite/?action=routesearch&route=74B&lang=zh-cn","https://search.kmb.hk/KMBWebSite/?action=routesearch&route=74B&lang=en",11.5000,"07/10/23 00:00:00"
8194,"KMB+CTB",,"101X","101X","101X",1,"T",1,6.7000000000000000e+01,"堅尼地城","坚尼地城","Kennedy Town","觀塘(裕民坊)","观塘(裕民坊)","Kwun Tong (Yue Man Square)","https://search.kmb.hk/KMBWebSite/?action=routesearch&route=101X&lang=zh-hk","https://search.kmb.hk/KMBWebSite/?action=routesearch&route=101X&lang=zh-cn","https://search.kmb.hk/KMBWebSite/?action=routesearch&route=101X&lang=en",14.4000,"06/10/23 00:00:00"
8195,"KMB",,"88X","88X","88X",1,"T",1,5.8000000000000000e+01,"穗禾苑","穗禾苑","SUI WO COURT","平田(平田方向經觀塘道，火炭方向經觀塘繞道)","平田(平田方向经观塘道，火炭方向经观塘绕道)","PING TIN (via Kwun Tong Road on journey to Ping Tin and via Kwun Tong Bypass on journey to Fo Tan)","https://search.kmb.hk/KMBWebSite/?action=routesearch&route=88X&lang=zh-hk","https://search.kmb.hk/KMBWebSite/?action=routesearch&route=88X&lang=zh-cn","https://search.kmb.hk/KMBWebSite/?action=routesearch&route=88X&lang=en",11.6000,"01/02/25 00:00:00"
8201,"KMB",,"2F","2F","2F",1,"T",1,4.3000000000000000e+01,"慈雲山(北)","慈云山(北)","TSZ WAN SHAN (NORTH)","長沙灣(星期一至五早上繁忙時間服務)","长沙湾(星期一至五早上繁忙时间服务)","CHEUNG SHA WAN (Moring peak Monday to Friday Only)","https://search.kmb.hk/KMBWebSite/?action=routesearch&route=2F&lang=zh-hk","https://search.kmb.hk/KMBWebSite/?action=routesearch&route=2F&lang=zh-cn","https://search.kmb.hk/KMBWebSite/?action=routesearch&route=2F&lang=en",6.7000,"06/10/23 00:00:00"
8202,"KMB",,"273D","273D","273D",1,"R",0,1.7000000000000000e+01,"上水","上水","SHEUNG SHUI","華明(循環線)","华明(循环线)","WAH MING (CIRCULAR)","https://search.kmb.hk/KMBWebSite/?action=routesearch&route=273D&lang=zh-hk","https://search.kmb.hk/KMBWebSite/?action=routesearch&route=273D&lang=zh-cn","https://search.kmb.hk/KMBWebSite/?action=routesearch&route=273D&lang=en",5.1000,"10/02/24 00:00:00"
8203,"KMB",,"268X","268X","268X",1,"R",0,6.5000000000000000e+01,"洪水橋(洪福邨)","洪水桥(洪福邨)","HUNG SHUI KIU (HUNG FUK ESTATE)","佐敦(西九龍站)","佐敦(西九龙站)","JORDAN (WEST KOWLOON STATION)","https://search.kmb.hk/KMBWebSite/?action=routesearch&route=268X&lang=zh-hk","https://search.kmb.hk/KMBWebSite/?action=routesearch&route=268X&lang=zh-cn","https://search.kmb.hk/KMBWebSite/?action=routesearch&route=268X&lang=en",16.2000,"01/02/25 00:00:00"
8204,"KMB",,"270","270","270",1,"NT",1,1.5000000000000000e+01,"上水(天平)","上水(天平)","SHEUNG SHUI (TIN PING)","翠麗花園","翠丽花园","TSUI LAI GARDEN","https://search.kmb.hk/KMBWebSite/?action=routesearch&route=270&lang=zh-hk","https://search.kmb.hk/KMBWebSite/?action=routesearch&route=270&lang=zh-cn","https://search.kmb.hk/KMBWebSite/?action=routesearch&route=270&lang=en",4.3000,"06/18/23 00:00:00"
8205,"NLB",,"37","37","37",1,"T",1,2.0000000000000000e+01,"逸東邨","逸东邨","Yat Tung Estate","迎東邨(經松滿路)","迎东邨(经松满路)","Ying Tung Estate (via Chung Mun Road)","http://www.nlb.com.hk/route?q=37","http://www.nlb.com.hk/route?q=37","http://www.nlb.com.hk/route?q=37",3.9000,"06/10/23 00:00:00"
8206,"CTB",,"682","682","682",1,"R",0,9.0000000000000000e+01,"柴灣(東)","柴湾(东)","Chai Wan (East)","烏溪沙站","乌溪沙站","Wu Kai Sha Station","https://mobile.bravobus.com.hk/nwp3/?f=1&ds=682&dsmode=1&l=0","https://mobile.bravobus.com.hk/nwp3/?f=1&ds=682&dsmode=1&l=2","https://mobile.bravobus.com.hk/nwp3/?f=1&ds=682&dsmode=1&l=1",24.4000,"01/02/25 00:00:00"
8215,"KMB",,"286C","286C","286C",1,"R",0,6.1000000000000000e+01,"利安","利安","LEE ON","長沙灣(海達邨)","长沙湾(海达邨)","CHEUNG SHA WAN (HOI TAT ESTATE)","https://search.kmb.hk/KMBWebSite/?action=routesearch&route=286C&lang=zh-hk","https://search.kmb.hk/KMBWebSite/?action=routesearch&route=286C&lang=zh-cn","https://search.kmb.hk/KMBWebSite/?action=routesearch&route=286C&lang=en",11.3000,"01/02/25 00:00:00"
8220,"CTB",,"H1","H1","H1",1,"T",1,6.2000000000000000e+01,"中環 (天星碼頭)","中环 (天星码头)","Central (Star Ferry)","尖沙咀(不經遮打道)","尖沙咀(不经遮打道)","Tsim Sha Tsui (omit Chater Road)","https://mobile.bravobus.com.hk/nwp3/?f=1&ds=H1&dsmode=1&l=0","https://mobile.bravobus.com.hk/nwp3/?f=1&ds=H1&dsmode=1&l=2","https://mobile.bravobus.com.hk/nwp3/?f=1&ds=H1&dsmode=1&l=1",47.6000,"02/01/24 00:00:00"
8221,"CTB",,"H2","H2","H2",1,"T",1,5.4000000000000000e+01,"尖沙咀","尖沙咀","Tsim Sha Tsui","中環 (天星碼頭)","中环 (天星码头)","Central (Star Ferry)","https://mobile.bravobus.com.hk/nwp3/?f=1&ds=H2&dsmode=1&l=0","https://mobile.bravobus.com.hk/nwp3/?f=1&ds=H2&dsmode=1&l=2","https://mobile.bravobus.com.hk/nwp3/?f=1&ds=H2&dsmode=1&l=1",47.6000,"04/02/24 00:00:00"
8222,"KMB",,"240X","240X","240X",1,"T",1,5.3000000000000000e+01,"黃泥頭","黄泥头","WONG NAI TAU","葵興站","葵兴站","KWAI HING STATION","https://search.kmb.hk/KMBWebSite/?action=routesearch&route=240X&lang=zh-hk","https://search.kmb.hk/KMBWebSite/?action=routesearch&route=240X&lang=zh-cn","https://search.kmb.hk/KMBWebSite/?action=routesearch&route=240X&lang=en",11.3000,"01/02/25 00:00:00"
8223,"CTB",,"43M","43M","43M",1,"R",0,5.5000000000000000e+01,"田灣","田湾","Tin Wan","石塘咀(循環線)","石塘咀(循环线)","Shek Tong Tsui (Circular)","https://mobile.bravobus.com.hk/nwp3/?f=1&ds=43M&dsmode=1&l=0","https://mobile.bravobus.com.hk/nwp3/?f=1&ds=43M&dsmode=1&l=2","https://mobile.bravobus.com.hk/nwp3/?f=1&ds=43M&dsmode=1&l=1",7.1000,"12/11/24 00:00:00"
8224,"KMB",,"74D","74D","74D",1,"R",0,6.1000000000000000e+01,"九龍坑","九龙坑","KAU LUNG HANG","觀塘碼頭","观塘码头","KWUN TONG FERRY","https://search.kmb.hk/KMBWebSite/?action=routesearch&route=74D&lang=zh-hk","https://search.kmb.hk/KMBWebSite/?action=routesearch&route=74D&lang=zh-cn","https://search.kmb.hk/KMBWebSite/?action=routesearch&route=74D&lang=en",16.9000,"01/02/25 00:00:00"
8231,"KMB",,"28B","28B","28B",1,"T",1,4.0000000000000000e+01,"啟德(啟晴邨)","启德(启晴村)","KAI TAK (KAI CHING ESTATE)","彩福(經牛頭角總站)","彩福(经牛头角总站)","CHOI FOOK (via Ngau Tau Kok Terminus)","https://search.kmb.hk/KMBWebSite/?action=routesearch&route=28B&lang=zh-hk","https://search.kmb.hk/KMBWebSite/?action=routesearch&route=28B&lang=zh-cn","https://search.kmb.hk/KMBWebSite/?action=routesearch&route=28B&lang=en",5.8000,"06/18/23 00:00:00"
8232,"NLB",,"11A","11A","11A",1,"T",3,3.8000000000000000e+01,"東涌站巴士總站","东涌站巴士总站","Tung Chung Station Bus Terminus","石壁","石壁","Shek Pik","http://www.nlb.com.hk/route?q=11A","http://www.nlb.com.hk/route?q=11A","http://www.nlb.com.hk/route?q=11A",17.6000,"06/18/23 00:00:00"
8236,"CTB",,"E22X","E22X","E22X",1,"T",1,9.4000000000000000e+01,"油塘","油塘","Yau Tong","航天城","航天城","SKYCITY","https://mobile.bravobus.com.hk/nwp3/?f=1&ds=E22X&dsmode=1&l=0","https://mobile.bravobus.com.hk/nwp3/?f=1&ds=E22X&dsmode=1&l=2","https://mobile.bravobus.com.hk/nwp3/?f=1&ds=E22X&dsmode=1&l=1",18.6000,"01/02/25 00:00:00"
8239,"XB",,"油尖 - 皇崗 (日間)","油尖 - 皇岗 (日间)","Yau Tsim - Huanggang (Day)",1,"R",0,4.3000000000000000e+01,"油尖","油尖","Yau Tsim","皇崗","皇岗","Huanggang","https://www.td.gov.hk/tc/transport_in_hong_kong/land_based_cross_boundary_transport/access_to_lok_ma_chau_control_point/yau_tsim_route/index.html","https://www.td.gov.hk/sc/transport_in_hong_kong/land_based_cross_boundary_transport/access_to_lok_ma_chau_control_point/yau_tsim_route/index.html","https://www.td.gov.hk/en/transport_in_hong_kong/land_based_cross_boundary_transport/access_to_lok_ma_chau_control_point/yau_tsim_route/index.html",40.0000,"05/06/20 00:00:00"
8240,"KMB",,"87D","87D","87D",1,"T",1,6.0000000000000000e+01,"錦英苑","锦英苑","KAM YING COURT","紅磡站(不經馬鞍山市中心)","红磡站(不经马鞍山市中心)","HUNG HOM STATION (ONLY OMIT MA ON SHAN)","https://search.kmb.hk/KMBWebSite/?action=routesearch&route=87D&lang=zh-hk","https://search.kmb.hk/KMBWebSite/?action=routesearch&route=87D&lang=zh-cn","https://search.kmb.hk/KMBWebSite/?action=routesearch&route=87D&lang=en",10.8000,"06/14/24 00:00:00"
8248,"KMB",,"98D","98D","98D",1,"T",1,3.9000000000000000e+01,"坑口(北)(將軍澳醫院)","坑口(北)(将军澳医院)","HANG HAU (NORTH) (TSEUNG KWAN O HOSPITAL)","尖沙咀東(經寶順路)","尖沙咀东(经宝顺路)","TSIM SHA TSUI EAST (VIA PO SHUN ROAD)","https://search.kmb.hk/KMBWebSite/?action=routesearch&route=98D&lang=zh-hk","https://search.kmb.hk/KMBWebSite/?action=routesearch&route=98D&lang=zh-cn","https://search.kmb.hk/KMBWebSite/?action=routesearch&route=98D&lang=en",11.3000,"01/02/25 00:00:00"
8249,"KMB",,"98P","98P","98P",1,"T",1,6.2000000000000000e+01,"尖沙咀東","尖沙咀东","TSIM SHA TSUI EAST","坑口(北)(將軍澳醫院)","坑口(北)(将军澳医院)","HANG HAU (NORTH) (TSEUNG KWAN O HOSPITAL)","https://search.kmb.hk/KMBWebSite/?action=routesearch&route=98P&lang=zh-hk","https://search.kmb.hk/KMBWebSite/?action=routesearch&route=98P&lang=zh-cn","https://search.kmb.hk/KMBWebSite/?action=routesearch&route=98P&lang=en",11.3000,"07/26/24 00:00:00"
8250,"XB",,"旺角 - 皇崗 (夜間)","旺角 - 皇岗 (夜间)","Mong Kok - Huanggang (Night)",1,"N",1,5.6000000000000000e+01,"旺角","旺角","Mong Kok","皇崗","皇岗","Huanggang","https://www.td.gov.hk/tc/transport_in_hong_kong/land_based_cross_boundary_transport/access_to_lok_ma_chau_control_point/mong_kok_route/index.html","https://www.td.gov.hk/sc/transport_in_hong_kong/land_based_cross_boundary_transport/access_to_lok_ma_chau_control_point/mong_kok_route/index.html","https://www.td.gov.hk/en/transport_in_hong_kong/land_based_cross_boundary_transport/access_to_lok_ma_chau_control_point/mong_kok_route/index.html",42.0000,"08/13/21 00:00:00"
8251,"KMB",,"288","288","288",1,"R",0,1.6000000000000000e+01,"水泉澳(上)","水泉澳(上)","SHUI CHUEN O (UPPER)","沙田市中心(循環線)","沙田市中心(循环线)","SHA TIN CENTRAL (CIRCULAR)","https://search.kmb.hk/KMBWebSite/?action=routesearch&route=288&lang=zh-hk","https://search.kmb.hk/KMBWebSite/?action=routesearch&route=288&lang=zh-cn","https://search.kmb.hk/KMBWebSite/?action=routesearch&route=288&lang=en",5.1000,"06/18/23 00:00:00"
8252,"CTB",,"1P","1P","1P",1,"T",1,2.2000000000000000e+01,"黃泥涌道 (樂活道)","黄泥涌道 (乐活道)","Wong Nai Chung Road (Broadwood Road)","中環","中环","Central","https://mobile.bravobus.com.hk/nwp3/?f=1&ds=1P&dsmode=1&l=0","https://mobile.bravobus.com.hk/nwp3/?f=1&ds=1P&dsmode=1&l=2","https://mobile.bravobus.com.hk/nwp3/?f=1&ds=1P&dsmode=1&l=1",4.8000,"10/24/24 00:00:00"
8264,"KMB",,"36X","36X","36X",1,"T",1,4.6000000000000000e+01,"梨木樹","梨木树","LEI MUK SHUE","尖沙咀東(麼地道)","尖沙咀东(麽地道)","TSIM SHA TSUI EAST (MODY ROAD)","https://search.kmb.hk/KMBWebSite/?action=routesearch&route=36X&lang=zh-hk","https://search.kmb.hk/KMBWebSite/?action=routesearch&route=36X&lang=zh-cn","https://search.kmb.hk/KMBWebSite/?action=routesearch&route=36X&lang=en",9.0000,"06/18/23 00:00:00"
8267,"CTB",,"NA29","NA29","NA29",1,"NT",1,8.3000000000000000e+01,"將軍澳(寶林)","将军澳(宝林)","Tseung Kwan O (Po Lam)","機場 / 港珠澳大橋香港口岸","机场 / 港珠澳大桥香港口岸","Airport / HZMB Hong Kong Port","https://mobile.bravobus.com.hk/nwp3/?f=1&ds=NA29&dsmode=1&l=0","https://mobile.bravobus.com.hk/nwp3/?f=1&ds=NA29&dsmode=1&l=2","https://mobile.bravobus.com.hk/nwp3/?f=1&ds=NA29&dsmode=1&l=1",54.4000,"12/20/24 00:00:00"
8269,"CTB",,"37B","37B","37B",1,"T",1,3.7000000000000000e+01,"中環 (交易廣場)","中环 (交易广场)","Central (Exchange Square)","置富花園","置富花园","Chi Fu Fa Yuen","https://mobile.bravobus.com.hk/nwp3/?f=1&ds=37B&dsmode=1&l=0","https://mobile.bravobus.com.hk/nwp3/?f=1&ds=37B&dsmode=1&l=2","https://mobile.bravobus.com.hk/nwp3/?f=1&ds=37B&dsmode=1&l=1",6.6000,"06/10/23 00:00:00"
8270,"CTB",,"7","7","7",1,"NT",1,3.9000000000000000e+01,"石排灣","石排湾","Shek Pai Wan","中環碼頭(經華富)","中环码头(经华富)","Central (Ferry Piers) (via Wah Fu)","https://mobile.bravobus.com.hk/nwp3/?f=1&ds=7&dsmode=1&l=0","https://mobile.bravobus.com.hk/nwp3/?f=1&ds=7&dsmode=1&l=2","https://mobile.bravobus.com.hk/nwp3/?f=1&ds=7&dsmode=1&l=1",7.4000,"01/02/25 00:00:00"
8271,"CTB",,"7","7","7",1,"T",1,3.8000000000000000e+01,"石排灣","石排湾","Shek Pai Wan","中環碼頭(經置富花園)","中环码头(经置富花园)","Central (Ferry Piers) (via Chi Fu Fa Yuen)","https://mobile.bravobus.com.hk/nwp3/?f=1&ds=7&dsmode=1&l=0","https://mobile.bravobus.com.hk/nwp3/?f=1&ds=7&dsmode=1&l=2","https://mobile.bravobus.com.hk/nwp3/?f=1&ds=7&dsmode=1&l=1",7.4000,"01/02/25 00:00:00"
8279,"CTB",,"E11A","E11A","E11A",1,"T",1,9.5000000000000000e+01,"天后站","天后站","Tin Hau Station","航天城","航天城","SKYCITY","https://mobile.bravobus.com.hk/nwp3/?f=1&ds=E11A&dsmode=1&l=0","https://mobile.bravobus.com.hk/nwp3/?f=1&ds=E11A&dsmode=1&l=2","https://mobile.bravobus.com.hk/nwp3/?f=1&ds=E11A&dsmode=1&l=1",21.7000,"09/26/24 00:00:00"
8281,"KMB",,"268P","268P","268P",1,"T",1,8.6000000000000000e+01,"媽橫路(山水樓)","妈横路(山水楼)","MA WANG ROAD (SAN SHUI HOUSE)","觀塘碼頭","观塘码头","KWUN TONG FERRY","https://search.kmb.hk/KMBWebSite/?action=routesearch&route=268P&lang=zh-hk","https://search.kmb.hk/KMBWebSite/?action=routesearch&route=268P&lang=zh-cn","https://search.kmb.hk/KMBWebSite/?action=routesearch&route=268P&lang=en",20.8000,"06/18/23 00:00:00"
8282,"KMB",,"69C","69C","69C",1,"T",1,7.4000000000000000e+01,"天恩邨","天恩邨","TIN YAN ESTATE","觀塘碼頭","观塘码头","KWUN TONG FERRY","https://search.kmb.hk/KMBWebSite/?action=routesearch&route=69C&lang=zh-hk","https://search.kmb.hk/KMBWebSite/?action=routesearch&route=69C&lang=zh-cn","https://search.kmb.hk/KMBWebSite/?action=routesearch&route=69C&lang=en",20.8000,"11/01/24 00:00:00"
8283,"KMB",,"269C","269C","269C",1,"T",1,6.2000000000000000e+01,"天慈","天慈","TIN TSZ","觀塘碼頭","观塘码头","KWUN TONG FERRY","https://search.kmb.hk/KMBWebSite/?action=routesearch&route=269C&lang=zh-hk","https://search.kmb.hk/KMBWebSite/?action=routesearch&route=269C&lang=zh-cn","https://search.kmb.hk/KMBWebSite/?action=routesearch&route=269C&lang=en",20.8000,"08/02/24 00:00:00"
8287,"CTB",,"E22C","E22C","E22C",1,"T",1,1.0200000000000000e+02,"調景嶺站","调景岭站","Tiu Keng Leng Station","飛機維修區","飞机维修区","Aircraft Maintenance Area","https://mobile.bravobus.com.hk/nwp3/?f=1&ds=E22C&dsmode=1&l=0","https://mobile.bravobus.com.hk/nwp3/?f=1&ds=E22C&dsmode=1&l=2","https://mobile.bravobus.com.hk/nwp3/?f=1&ds=E22C&dsmode=1&l=1",28.5000,"06/18/23 00:00:00"
8288,"KMB",,"83A","83A","83A",1,"T",1,3.6000000000000000e+01,"水泉澳","水泉澳","SHUI CHUEN O","觀塘碼頭","观塘码头","KWUN TONG FERRY PIER","https://search.kmb.hk/KMBWebSite/?action=routesearch&route=83A&lang=zh-hk","https://search.kmb.hk/KMBWebSite/?action=routesearch&route=83A&lang=zh-cn","https://search.kmb.hk/KMBWebSite/?action=routesearch&route=83A&lang=en",8.1000,"06/18/23 00:00:00"
8290,"NLB",,"37H","37H","37H",1,"R",0,2.1000000000000000e+01,"迎東邨","迎东邨","Ying Tung Estate","北大嶼山醫院(循環線)","北大屿山医院(循环线)","North Lantau Hospital (Circular)","http://www.nlb.com.hk/route?q=37H","http://www.nlb.com.hk/route?q=37H","http://www.nlb.com.hk/route?q=37H",3.9000,"11/14/23 00:00:00"
8291,"KMB",,"934A","934A","934A",1,"T",1,4.8000000000000000e+01,"荃灣(荃威花園)","荃湾(荃威花园)","TSUEN WAN (ALLWAY GARDENS)","灣仔(菲林明道)","湾仔(菲林明道)","WAN CHAI (FLEMING ROAD)","https://search.kmb.hk/KMBWebSite/?action=routesearch&route=934A&lang=zh-hk","https://search.kmb.hk/KMBWebSite/?action=routesearch&route=934A&lang=zh-cn","https://search.kmb.hk/KMBWebSite/?action=routesearch&route=934A&lang=en",20.6000,"01/02/25 00:00:00"
8292,"CTB",,"962C","962C","962C",1,"T",1,1.0000000000000000e+02,"屯門(龍門居)","屯门(龙门居)","Tuen Mun (Lung Mun Oasis)","太古(康怡廣場)","太古(康怡广场)","Taikoo (Kornhill Plaza)","https://mobile.bravobus.com.hk/nwp3/?f=1&ds=962C&dsmode=1&l=0","https://mobile.bravobus.com.hk/nwp3/?f=1&ds=962C&dsmode=1&l=2","https://mobile.bravobus.com.hk/nwp3/?f=1&ds=962C&dsmode=1&l=1",27.3000,"06/18/23 00:00:00"
8293,"LWB",,"A43P","A43P","A43P",1,"T",1,7.8000000000000000e+01,"粉嶺(聯和墟)","粉岭(联和墟)","FANLING (LUEN WO HUI)","機場(地面運輸中心)","机场(地面运输中心)","AIRPORT (GROUND TRANSPORTATION CENTRE)","https://search.kmb.hk/KMBWebSite/?action=routesearch&route=A43P&lang=zh-hk","https://search.kmb.hk/KMBWebSite/?action=routesearch&route=A43P&lang=zh-cn","https://search.kmb.hk/KMBWebSite/?action=routesearch&route=A43P&lang=en",32.4000,"08/19/24 00:00:00"
8295,"LWB",,"A36","A36","A36",1,"R",0,5.6000000000000000e+01,"錦上路站","锦上路站","KAM SHEUNG ROAD STATION","機場(地面運輸中心)","机场(地面运输中心)","AIRPORT (GROUND TRANSPORTATION CENTRE)","https://search.kmb.hk/KMBWebSite/?action=routesearch&route=A36&lang=zh-hk","https://search.kmb.hk/KMBWebSite/?action=routesearch&route=A36&lang=zh-cn","https://search.kmb.hk/KMBWebSite/?action=routesearch&route=A36&lang=en",19.8000,"01/02/25 00:00:00"
8299,"CTB",,"798A","798A","798A",1,"T",1,5.3000000000000000e+01,"將軍澳 (康盛花園)","将军澳 (康盛花园)","Tseung Kwan O (Hong Sing Garden)","沙田站","沙田站","Sha Tin Station","https://mobile.bravobus.com.hk/nwp3/?f=1&ds=798A&dsmode=1&l=0","https://mobile.bravobus.com.hk/nwp3/?f=1&ds=798A&dsmode=1&l=2","https://mobile.bravobus.com.hk/nwp3/?f=1&ds=798A&dsmode=1&l=1",13.1000,"06/18/23 00:00:00"
8311,"KMB",,"259X","259X","259X",1,"T",1,9.0000000000000000e+01,"屯門(龍門居)","屯门(龙门居)","TUEN MUN (LUNG MUN OASIS)","觀塘碼頭","观塘码头","KWUN TONG FERRY","https://search.kmb.hk/KMBWebSite/?action=routesearch&route=259X&lang=zh-hk","https://search.kmb.hk/KMBWebSite/?action=routesearch&route=259X&lang=zh-cn","https://search.kmb.hk/KMBWebSite/?action=routesearch&route=259X&lang=en",20.8000,"06/18/23 00:00:00"
8312,"KMB",,"16X","16X","16X",1,"T",1,3.4000000000000000e+01,"藍田(廣田邨)","蓝田(广田邨)","LAM TIN (KWONG TIN ESTATE)","旺角(柏景灣)","旺角(柏景湾)","MONG KOK (PARK AVENUE)","https://search.kmb.hk/KMBWebSite/?action=routesearch&route=16X&lang=zh-hk","https://search.kmb.hk/KMBWebSite/?action=routesearch&route=16X&lang=zh-cn","https://search.kmb.hk/KMBWebSite/?action=routesearch&route=16X&lang=en",8.6000,"11/24/23 00:00:00"
8313,"KMB",,"N36","N36","N36",1,"NT",1,1.3000000000000000e+01,"荃灣站","荃湾站","TSUEN WAN STATION","梨木樹(循環線)","梨木树(循环线)","LEI MUK SHUE (CIRCULAR)","https://search.kmb.hk/KMBWebSite/?action=routesearch&route=N36&lang=zh-hk","https://search.kmb.hk/KMBWebSite/?action=routesearch&route=N36&lang=zh-cn","https://search.kmb.hk/KMBWebSite/?action=routesearch&route=N36&lang=en",7.7000,"06/18/23 00:00:00"
8314,"KMB",,"N39","N39","N39",1,"NT",1,8.0000000000000000e+00,"荃灣站","荃湾站","TSUEN WAN STATION","荃威花園(循環線)","荃威花园(循环线)","ALLWAY GARDENS (CIRCULAR)","https://search.kmb.hk/KMBWebSite/?action=routesearch&route=N39&lang=zh-hk","https://search.kmb.hk/KMBWebSite/?action=routesearch&route=N39&lang=zh-cn","https://search.kmb.hk/KMBWebSite/?action=routesearch&route=N39&lang=en",5.5000,"06/18/23 00:00:00"
8317,"KMB",,"603","603","603",1,"T",1,2.8000000000000000e+01,"平田","平田","PING TIN","金鐘(海富中心)","金钟(海富中心)","ADMIRALTY (ADMIRALTY CENTRE)","https://search.kmb.hk/KMBWebSite/?action=routesearch&route=603&lang=zh-hk","https://search.kmb.hk/KMBWebSite/?action=routesearch&route=603&lang=zh-cn","https://search.kmb.hk/KMBWebSite/?action=routesearch&route=603&lang=en",13.9000,"01/17/25 00:00:00"
8318,"KMB",,"87E","87E","87E",1,"T",1,6.9000000000000000e+01,"泥涌","泥涌","NAI CHUNG","尖沙咀","尖沙咀","TSIM SHA TSUI","https://search.kmb.hk/KMBWebSite/?action=routesearch&route=87E&lang=zh-hk","https://search.kmb.hk/KMBWebSite/?action=routesearch&route=87E&lang=zh-cn","https://search.kmb.hk/KMBWebSite/?action=routesearch&route=87E&lang=en",14.3000,"01/02/25 00:00:00"
8326,"CTB",,"S56","S56","S56",1,"NT",1,2.1000000000000000e+01,"東涌站巴士總站","东涌站巴士总站","Tung Chung Station Bus Terminus","機場(客運大樓)(以裕雅商場為終點)","机场(客运大楼)(以裕雅商场为终点)","Airport (Passenger Terminal Building) (terminated at Yu Nga Shopping Centre)","https://mobile.bravobus.com.hk/nwp3/?f=1&ds=S56&dsmode=1&l=0","https://mobile.bravobus.com.hk/nwp3/?f=1&ds=S56&dsmode=1&l=2","https://mobile.bravobus.com.hk/nwp3/?f=1&ds=S56&dsmode=1&l=1",3.7000,"11/27/23 00:00:00"
8327,"NLB",,"34","34","34",1,"T",1,2.0000000000000000e+01,"石門甲","石门甲","Shek Mun Kap","東涌達東路巴士總站(不經赤立角新村)","东涌达东路巴士总站(不经赤立角新村)","Tung Chung Tat Tung Road Bus Terminus (Omit Chek Lap Kok New Village)","http://www.nlb.com.hk/route?q=34","http://www.nlb.com.hk/route?q=34","http://www.nlb.com.hk/route?q=34",5.1000,"12/02/24 00:00:00"
8329,"LRTFeeder",,"K75A","K75A","K75A",1,"R",0,1.1000000000000000e+01,"天水圍站","天水围站","Tin Shui Wai Station","洪水橋 (循環線)","洪水桥 (循环线)","Hung Shui Kiu (Circular)","https://www.mtr.com.hk/ch/customer/services/bus_finder_search_box.html","https://www.mtr.com.hk/ch/customer/services/bus_finder_search_box.html","https://www.mtr.com.hk/en/customer/services/bus_finder_search_box.html",5.1000,"06/24/24 00:00:00"
8330,"CTB",,"789","789","789",1,"T",1,3.7000000000000000e+01,"小西灣(藍灣半島)","小西湾(蓝湾半岛)","Siu Sai Wan (Island Resort)","金鐘(樂禮街)(不停富景花園)","金钟(乐礼街)(不停富景花园)","Admiralty (Rodney Street) (omit Fullview Garden)","https://mobile.bravobus.com.hk/nwp3/?f=1&ds=789&dsmode=1&l=0","https://mobile.bravobus.com.hk/nwp3/?f=1&ds=789&dsmode=1&l=2","https://mobile.bravobus.com.hk/nwp3/?f=1&ds=789&dsmode=1&l=1",8.7000,"01/02/25 00:00:00"
8331,"NLB",,"37M","37M","37M",1,"T",1,8.0000000000000000e+00,"迎東邨","迎东邨","Ying Tung Estate","東涌市中心 (循環線)(不經裕雅苑及裕雅商場)","东涌市中心 (循环线)(不经裕雅苑及裕雅商场)","Tung Chung Town Centre (Circular) (omit Yu Nga Court and Yu Nga Shopping Centre)","http://www.nlb.com.hk/route?q=37M","http://www.nlb.com.hk/route?q=37M","http://www.nlb.com.hk/route?q=37M",3.9000,"07/12/24 00:00:00"
8341,"KMB+CTB",,"101","101","101",1,"NT",1,6.3000000000000000e+01,"觀塘(裕民坊)","观塘(裕民坊)","Kwun Tong (Yue Man Square)","卑路乍街","卑路乍街","Belcher's Street","https://search.kmb.hk/KMBWebSite/?action=routesearch&route=101&lang=zh-hk","https://search.kmb.hk/KMBWebSite/?action=routesearch&route=101&lang=zh-cn","https://search.kmb.hk/KMBWebSite/?action=routesearch&route=101&lang=en",12.9000,"06/18/23 00:00:00"
8343,"KMB",,"213M","213M","213M",1,"R",0,1.2000000000000000e+01,"安泰","安泰","ON TAI","藍田站(循環線)","蓝田站(循环线)","LAM TIN STATION (CIRCULAR)","https://search.kmb.hk/KMBWebSite/?action=routesearch&route=213M&lang=zh-hk","https://search.kmb.hk/KMBWebSite/?action=routesearch&route=213M&lang=zh-cn","https://search.kmb.hk/KMBWebSite/?action=routesearch&route=213M&lang=en",5.1000,"12/13/24 00:00:00"
8345,"KMB",,"270D","270D","270D",1,"T",1,6.4000000000000000e+01,"粉嶺(聯和墟)","粉岭(联和墟)","FANLING (LUEN WO HUI)","深水埗","深水埗","SHAM SHUI PO","https://search.kmb.hk/KMBWebSite/?action=routesearch&route=270D&lang=zh-hk","https://search.kmb.hk/KMBWebSite/?action=routesearch&route=270D&lang=zh-cn","https://search.kmb.hk/KMBWebSite/?action=routesearch&route=270D&lang=en",16.9000,"06/18/23 00:00:00"
8346,"CTB",,"NA11","NA11","NA11",1,"NT",1,8.2000000000000000e+01,"北角碼頭","北角码头","North Point Ferry Pier","港珠澳大橋香港口岸","港珠澳大桥香港口岸","HZMB Hong Kong Port","https://mobile.bravobus.com.hk/nwp3/?f=1&ds=NA11&dsmode=1&l=0","https://mobile.bravobus.com.hk/nwp3/?f=1&ds=NA11&dsmode=1&l=2","https://mobile.bravobus.com.hk/nwp3/?f=1&ds=NA11&dsmode=1&l=1",54.4000,"02/07/24 00:00:00"
8347,"LWB",,"S64P","S64P","S64P",1,"T",1,2.0000000000000000e+01,"迎東邨","迎东邨","YING TUNG ESTATE","機場(貨運及航膳區)(循環線)","机场(货运及航膳区)(循环线)","AIRPORT (CARGO AND CATERING AREA) (CIRCULAR)","https://search.kmb.hk/KMBWebSite/?action=routesearch&route=S64P&lang=zh-hk","https://search.kmb.hk/KMBWebSite/?action=routesearch&route=S64P&lang=zh-cn","https://search.kmb.hk/KMBWebSite/?action=routesearch&route=S64P&lang=en",3.8000,"06/18/23 00:00:00"
8348,"KMB",,"68F","68F","68F",1,"R",0,1.8000000000000000e+01,"峻巒","峻峦","PARK YOHO","元朗公園(循環線)","元朗公园(循环线)","YUEN LONG PARK (CIRCULAR)","https://search.kmb.hk/KMBWebSite/?action=routesearch&route=68F&lang=zh-hk","https://search.kmb.hk/KMBWebSite/?action=routesearch&route=68F&lang=zh-cn","https://search.kmb.hk/KMBWebSite/?action=routesearch&route=68F&lang=en",6.7000,"11/17/23 00:00:00"
8357,"KMB",,"213D","213D","213D",1,"R",0,4.7000000000000000e+01,"中秀茂坪","中秀茂坪","SAU MAU PING (CENTRAL)","旺角(循環線)","旺角(循环线)","MONG KOK (CIRCULAR)","https://search.kmb.hk/KMBWebSite/?action=routesearch&route=213D&lang=zh-hk","https://search.kmb.hk/KMBWebSite/?action=routesearch&route=213D&lang=zh-cn","https://search.kmb.hk/KMBWebSite/?action=routesearch&route=213D&lang=en",9.0000,"01/04/24 00:00:00"
8358,"CTB",,"E21C","E21C","E21C",1,"T",1,7.7000000000000000e+01,"大角咀(維港灣)","大角咀(维港湾)","Tai Kok Tsui (Island Harbourview)","飛機維修區","飞机维修区","Aircraft Maintenance Area","https://mobile.bravobus.com.hk/nwp3/?f=1&ds=E21C&dsmode=1&l=0","https://mobile.bravobus.com.hk/nwp3/?f=1&ds=E21C&dsmode=1&l=2","https://mobile.bravobus.com.hk/nwp3/?f=1&ds=E21C&dsmode=1&l=1",23.8000,"06/18/23 00:00:00"
8359,"KMB",,"288A","288A","288A",1,"T",1,1.1000000000000000e+01,"水泉澳","水泉澳","SHUI CHUEN O","沙田市中心","沙田市中心","SHA TIN CENTRAL","https://search.kmb.hk/KMBWebSite/?action=routesearch&route=288A&lang=zh-hk","https://search.kmb.hk/KMBWebSite/?action=routesearch&route=288A&lang=zh-cn","https://search.kmb.hk/KMBWebSite/?action=routesearch&route=288A&lang=en",5.1000,"07/19/23 00:00:00"
8360,"CTB",,"930","930","930",1,"R",0,5.7000000000000000e+01,"會展站","会展站","Exhibition Centre Station","荃灣西站","荃湾西站","Tsuen Wan West Station","https://mobile.bravobus.com.hk/nwp3/?f=1&ds=930&dsmode=1&l=0","https://mobile.bravobus.com.hk/nwp3/?f=1&ds=930&dsmode=1&l=2","https://mobile.bravobus.com.hk/nwp3/?f=1&ds=930&dsmode=1&l=1",20.8000,"01/02/25 00:00:00"
8361,"LWB",,"A47X","A47X","A47X",1,"R",0,9.9000000000000000e+01,"大埔(太和)","大埔(太和)","TAI PO (TAI WO)","機場(地面運輸中心)","机场(地面运输中心)","AIRPORT (GROUND TRANSPORTATION CENTRE)","https://search.kmb.hk/KMBWebSite/?action=routesearch&route=A47X&lang=zh-hk","https://search.kmb.hk/KMBWebSite/?action=routesearch&route=A47X&lang=zh-cn","https://search.kmb.hk/KMBWebSite/?action=routesearch&route=A47X&lang=en",29.0000,"10/10/24 00:00:00"
8363,"KMB",,"91S","91S","91S",1,"T",1,3.3000000000000000e+01,"清水灣","清水湾","CLEAR WATER BAY","觀塘","观塘","KWUN TONG","https://search.kmb.hk/KMBWebSite/?action=routesearch&route=91S&lang=zh-hk","https://search.kmb.hk/KMBWebSite/?action=routesearch&route=91S&lang=zh-cn","https://search.kmb.hk/KMBWebSite/?action=routesearch&route=91S&lang=en",8.4000,"09/27/24 00:00:00"
8372,"LWB",,"A33X","A33X","A33X",1,"R",0,5.2000000000000000e+01,"屯門(富泰邨)","屯门(富泰邨)","TUEN MUN (FU TAI ESTATE)","機場(地面運輸中心)","机场(地面运输中心)","AIRPORT (GROUND TRANSPORTATION CENTRE)","https://search.kmb.hk/KMBWebSite/?action=routesearch&route=A33X&lang=zh-hk","https://search.kmb.hk/KMBWebSite/?action=routesearch&route=A33X&lang=zh-cn","https://search.kmb.hk/KMBWebSite/?action=routesearch&route=A33X&lang=en",15.7000,"08/30/24 00:00:00"
8373,"LWB",,"A33X","A33X","A33X",1,"T",1,5.6000000000000000e+01,"屯門(富泰邨)","屯门(富泰邨)","TUEN MUN (FU TAI ESTATE)","機場(地面運輸中心)(經國泰城)","机场(地面运输中心)(经国泰城)","AIRPORT (GROUND TRANSPORTATION CENTRE) (via Cathay City)","https://search.kmb.hk/KMBWebSite/?action=routesearch&route=A33X&lang=zh-hk","https://search.kmb.hk/KMBWebSite/?action=routesearch&route=A33X&lang=zh-cn","https://search.kmb.hk/KMBWebSite/?action=routesearch&route=A33X&lang=en",15.7000,"11/24/23 00:00:00"
8374,"KMB",,"44M","44M","44M",1,"T",1,1.1000000000000000e+01,"青衣(長安邨)","青衣(长安邨)","TSING YI (CHEUNG ON ESTATE)","葵興站","葵兴站","KWAI HING STATION","https://search.kmb.hk/KMBWebSite/?action=routesearch&route=44M&lang=zh-hk","https://search.kmb.hk/KMBWebSite/?action=routesearch&route=44M&lang=zh-cn","https://search.kmb.hk/KMBWebSite/?action=routesearch&route=44M&lang=en",5.4000,"11/08/24 00:00:00"
8376,"KMB",,"258X","258X","258X",1,"T",1,9.3000000000000000e+01,"屯門(寶田邨)","屯门(宝田邨)","TUEN MUN (PO TIN ESTATE)","觀塘碼頭","观塘码头","KWUN TONG FERRY","https://search.kmb.hk/KMBWebSite/?action=routesearch&route=258X&lang=zh-hk","https://search.kmb.hk/KMBWebSite/?action=routesearch&route=258X&lang=zh-cn","https://search.kmb.hk/KMBWebSite/?action=routesearch&route=258X&lang=en",20.8000,"09/23/24 00:00:00"
8377,"KMB",,"267X","267X","267X",1,"T",1,6.5000000000000000e+01,"屯門(兆康苑)","屯门(兆康苑)","TUEN MUN (SIU HONG COURT)","藍田站","蓝田站","LAM TIN STATION","https://search.kmb.hk/KMBWebSite/?action=routesearch&route=267X&lang=zh-hk","https://search.kmb.hk/KMBWebSite/?action=routesearch&route=267X&lang=zh-cn","https://search.kmb.hk/KMBWebSite/?action=routesearch&route=267X&lang=en",18.8000,"06/10/23 00:00:00"
8383,"CTB",,"82","82","82",1,"T",1,4.3000000000000000e+01,"北角碼頭","北角码头","North Point Ferry Pier","小西灣(藍灣半島)(經柴灣東工業區)","小西湾(蓝湾半岛)(经柴湾东工业区)","Siu Sai Wan (Island Resort) (via Chai Wan East Industrial Area)","https://mobile.bravobus.com.hk/nwp3/?f=1&ds=82&dsmode=1&l=0","https://mobile.bravobus.com.hk/nwp3/?f=1&ds=82&dsmode=1&l=2","https://mobile.bravobus.com.hk/nwp3/?f=1&ds=82&dsmode=1&l=1",5.5000,"06/18/23 00:00:00"
8384,"KMB",,"74E","74E","74E",1,"T",1,6.3000000000000000e+01,"大美督","大美督","TAI MEI TUK","觀塘碼頭","观塘码头","KWUN TONG FERRY","https://search.kmb.hk/KMBWebSite/?action=routesearch&route=74E&lang=zh-hk","https://search.kmb.hk/KMBWebSite/?action=routesearch&route=74E&lang=zh-cn","https://search.kmb.hk/KMBWebSite/?action=routesearch&route=74E&lang=en",16.9000,"06/10/23 00:00:00"
8385,"KMB",,"74B","74B","74B",1,"T",1,5.1000000000000000e+01,"大埔中心","大埔中心","TAI PO CENTRAL","觀塘碼頭","观塘码头","KWUN TONG FERRY","https://search.kmb.hk/KMBWebSite/?action=routesearch&route=74B&lang=zh-hk","https://search.kmb.hk/KMBWebSite/?action=routesearch&route=74B&lang=zh-cn","https://search.kmb.hk/KMBWebSite/?action=routesearch&route=74B&lang=en",11.5000,"07/07/23 00:00:00"
8386,"CTB",,"48","48","48",1,"T",1,1.5000000000000000e+01,"深灣","深湾","Sham Wan","華富(循環線)(經華富往海洋公園)","华富(循环线)(经华富往海洋公园)","Wah Fu (Circular) (via Wah Fu to Ocean Park)","https://mobile.bravobus.com.hk/nwp3/?f=1&ds=48&dsmode=1&l=0","https://mobile.bravobus.com.hk/nwp3/?f=1&ds=48&dsmode=1&l=2","https://mobile.bravobus.com.hk/nwp3/?f=1&ds=48&dsmode=1&l=1",4.2000,"06/10/23 00:00:00"
8387,"CTB",,"48","48","48",1,"T",1,1.4000000000000000e+01,"深灣","深湾","Sham Wan","華富","华富","Wah Fu","https://mobile.bravobus.com.hk/nwp3/?f=1&ds=48&dsmode=1&l=0","https://mobile.bravobus.com.hk/nwp3/?f=1&ds=48&dsmode=1&l=2","https://mobile.bravobus.com.hk/nwp3/?f=1&ds=48&dsmode=1&l=1",4.2000,"06/10/23 00:00:00"
8388,"CTB",,"48","48","48",1,"T",1,1.9000000000000000e+01,"海洋公園","海洋公园","Ocean Park","華富(深灣為終點站)(循環線)","华富(深湾为终点站)(循环线)","Wah Fu(Terminated At Shum Wan)(Circular)","https://mobile.bravobus.com.hk/nwp3/?f=1&ds=48&dsmode=1&l=0","https://mobile.bravobus.com.hk/nwp3/?f=1&ds=48&dsmode=1&l=2","https://mobile.bravobus.com.hk/nwp3/?f=1&ds=48&dsmode=1&l=1",4.2000,"06/10/23 00:00:00"
8397,"LWB",,"NA43","NA43","NA43",1,"NT",1,9.1000000000000000e+01,"粉嶺(聯和墟)","粉岭(联和墟)","FANLING (LUEN WO HUI)","港珠澳大橋香港口岸","港珠澳大桥香港口岸","HZMB HONG KONG PORT","https://search.kmb.hk/KMBWebSite/?action=routesearch&route=NA43&lang=zh-hk","https://search.kmb.hk/KMBWebSite/?action=routesearch&route=NA43&lang=zh-cn","https://search.kmb.hk/KMBWebSite/?action=routesearch&route=NA43&lang=en",47.2000,"11/15/24 00:00:00"
8398,"LWB",,"NA41","NA41","NA41",1,"NT",1,9.5000000000000000e+01,"水泉澳","水泉澳","SHUI CHUEN O","港珠澳大橋香港口岸","港珠澳大桥香港口岸","HZMB HONG KONG PORT","https://search.kmb.hk/KMBWebSite/?action=routesearch&route=NA41&lang=zh-hk","https://search.kmb.hk/KMBWebSite/?action=routesearch&route=NA41&lang=zh-cn","https://search.kmb.hk/KMBWebSite/?action=routesearch&route=NA41&lang=en",41.9000,"12/13/24 00:00:00"
8399,"LWB",,"NA40","NA40","NA40",1,"NT",1,9.5000000000000000e+01,"烏溪沙站","乌溪沙站","WU KAI SHA STATION","港珠澳大橋香港口岸","港珠澳大桥香港口岸","HZMB HONG KONG PORT","https://search.kmb.hk/KMBWebSite/?action=routesearch&route=NA40&lang=zh-hk","https://search.kmb.hk/KMBWebSite/?action=routesearch&route=NA40&lang=zh-cn","https://search.kmb.hk/KMBWebSite/?action=routesearch&route=NA40&lang=en",41.9000,"11/15/24 00:00:00"
8400,"KMB",,"N283","N283","N283",1,"NT",1,5.6000000000000000e+01,"尖沙咀東(麼地道)","尖沙咀东(麽地道)","TSIM SHA TSUI EAST (MODY ROAD)","黃泥頭","黄泥头","WONG NAI TAU","https://search.kmb.hk/KMBWebSite/?action=routesearch&route=N283&lang=zh-hk","https://search.kmb.hk/KMBWebSite/?action=routesearch&route=N283&lang=zh-cn","https://search.kmb.hk/KMBWebSite/?action=routesearch&route=N283&lang=en",19.3000,"06/18/23 00:00:00"
8401,"KMB",,"47A","47A","47A",1,"R",0,3.9000000000000000e+01,"水泉澳","水泉澳","SHUI CHUEN O","葵芳(南)","葵芳(南)","KWAI FONG (SOUTH)","https://search.kmb.hk/KMBWebSite/?action=routesearch&route=47A&lang=zh-hk","https://search.kmb.hk/KMBWebSite/?action=routesearch&route=47A&lang=zh-cn","https://search.kmb.hk/KMBWebSite/?action=routesearch&route=47A&lang=en",9.3000,"06/10/23 00:00:00"
8402,"KMB+CTB",,"980X","980X","980X",1,"T",1,7.0000000000000000e+01,"烏溪沙站","乌溪沙站","WU KAI SHA STATION","灣仔(菲林明道)","湾仔(菲林明道)","WAN CHAI (FLEMING ROAD)","https://search.kmb.hk/KMBWebSite/?action=routesearch&route=980X&lang=zh-hk","https://search.kmb.hk/KMBWebSite/?action=routesearch&route=980X&lang=zh-cn","https://search.kmb.hk/KMBWebSite/?action=routesearch&route=980X&lang=en",24.4000,"06/18/23 00:00:00"
8302,"LWB",,"NA33","NA33","NA33",1,"NT",1,7.4000000000000000e+01,"國泰城","国泰城","CATHAY PACIFIC CITY","屯門(富泰邨)","屯门(富泰邨)","TUEN MUN (FU TAI ESTATE)","https://search.kmb.hk/KMBWebSite/?action=routesearch&route=NA33&lang=zh-hk","https://search.kmb.hk/KMBWebSite/?action=routesearch&route=NA33&lang=zh-cn","https://search.kmb.hk/KMBWebSite/?action=routesearch&route=NA33&lang=en",29.3000,"06/18/24 00:00:00"
8306,"KMB",,"264R","264R","264R",1,"T",1,7.2000000000000000e+01,"大埔墟站","大埔墟站","TAI PO MARKET STATION","天耀","天耀","TIN YIU","https://search.kmb.hk/KMBWebSite/?action=routesearch&route=264R&lang=zh-hk","https://search.kmb.hk/KMBWebSite/?action=routesearch&route=264R&lang=zh-cn","https://search.kmb.hk/KMBWebSite/?action=routesearch&route=264R&lang=en",18.9000,"01/02/25 00:00:00"
8307,"KMB+CTB",,"182X","182X","182X",1,"T",1,6.6000000000000000e+01,"中環(港澳碼頭)","中环(港澳码头)","Central (Macau Ferry)","愉翠苑","愉翠苑","Yu Chui Court","https://search.kmb.hk/KMBWebSite/?action=routesearch&route=182X&lang=zh-hk","https://search.kmb.hk/KMBWebSite/?action=routesearch&route=182X&lang=zh-cn","https://search.kmb.hk/KMBWebSite/?action=routesearch&route=182X&lang=en",20.8000,"06/18/23 00:00:00"
8308,"KMB+CTB",,"982X","982X","982X",1,"T",1,4.5000000000000000e+01,"水泉澳總站","水泉澳总站","SHUI CHUEN O B/T","灣仔(菲林明道)","湾仔(菲林明道)","WAN CHAI(FLEMING ROAD)","https://search.kmb.hk/KMBWebSite/?action=routesearch&route=982X&lang=zh-hk","https://search.kmb.hk/KMBWebSite/?action=routesearch&route=982X&lang=zh-cn","https://search.kmb.hk/KMBWebSite/?action=routesearch&route=982X&lang=en",20.8000,"03/22/24 00:00:00"
8309,"KMB",,"2X","2X","2X",1,"R",0,3.9000000000000000e+01,"彩福","彩福","CHOI FOOK","美孚","美孚","MEI FOO","https://search.kmb.hk/KMBWebSite/?action=routesearch&route=2X&lang=zh-hk","https://search.kmb.hk/KMBWebSite/?action=routesearch&route=2X&lang=zh-cn","https://search.kmb.hk/KMBWebSite/?action=routesearch&route=2X&lang=en",7.8000,"06/18/23 00:00:00"
8310,"CTB",,"85A","85A","85A",1,"T",1,3.6000000000000000e+01,"筲箕灣","筲箕湾","Shau Kei Wan","寶馬山","宝马山","Braemar Hill","https://mobile.bravobus.com.hk/nwp3/?f=1&ds=85A&dsmode=1&l=0","https://mobile.bravobus.com.hk/nwp3/?f=1&ds=85A&dsmode=1&l=2","https://mobile.bravobus.com.hk/nwp3/?f=1&ds=85A&dsmode=1&l=1",5.2000,"06/18/23 00:00:00"
8319,"KMB",,"298","298","298",1,"T",1,8.0000000000000000e+00,"坑口站","坑口站","HANG HAU STATION","百勝角(循環線)","百胜角(循环线)","PAK SHING KOK(CIRCULAR)","https://search.kmb.hk/KMBWebSite/?action=routesearch&route=298&lang=zh-hk","https://search.kmb.hk/KMBWebSite/?action=routesearch&route=298&lang=zh-cn","https://search.kmb.hk/KMBWebSite/?action=routesearch&route=298&lang=en",5.8000,"12/02/24 00:00:00"
8320,"LWB",,"S64C","S64C","S64C",1,"T",1,2.0000000000000000e+01,"東涌(逸東)","东涌(逸东)","TUNG CHUNG (YAT TUNG)","航膳東路(循環線)","航膳东路(循环线)","CATERING ROAD EAST (CIRCULAR)","https://search.kmb.hk/KMBWebSite/?action=routesearch&route=S64C&lang=zh-hk","https://search.kmb.hk/KMBWebSite/?action=routesearch&route=S64C&lang=zh-cn","https://search.kmb.hk/KMBWebSite/?action=routesearch&route=S64C&lang=en",3.8000,"06/18/23 00:00:00"
8321,"LWB",,"S64X","S64X","S64X",1,"T",1,2.6000000000000000e+01,"東涌(滿東)","东涌(满东)","TUNG CHUNG (MUN TUNG)","機場(循環線)","机场(循环线)","AIRPORT (CIRCULAR)","https://search.kmb.hk/KMBWebSite/?action=routesearch&route=S64X&lang=zh-hk","https://search.kmb.hk/KMBWebSite/?action=routesearch&route=S64X&lang=zh-cn","https://search.kmb.hk/KMBWebSite/?action=routesearch&route=S64X&lang=en",3.8000,"01/23/25 00:00:00"
8322,"LWB",,"S64X","S64X","S64X",1,"T",1,3.0000000000000000e+01,"東涌(滿東)","东涌(满东)","TUNG CHUNG (MUN TUNG)","機場(循環線)(經機場博覽館)","机场(循环线)(经机场博览馆)","AIRPORT (CIRCULAR) (VIA ASIAWORLD-EXPO)","https://search.kmb.hk/KMBWebSite/?action=routesearch&route=S64X&lang=zh-hk","https://search.kmb.hk/KMBWebSite/?action=routesearch&route=S64X&lang=zh-cn","https://search.kmb.hk/KMBWebSite/?action=routesearch&route=S64X&lang=en",3.8000,"01/23/25 00:00:00"
8324,"CTB",,"S56","S56","S56",1,"R",0,2.7000000000000000e+01,"東涌站巴士總站","东涌站巴士总站","Tung Chung Station Bus Terminus","機場(客運大樓)(循環線)","机场(客运大楼)(循环线)","Airport (Passenger Terminal Building)(Circular)","https://mobile.bravobus.com.hk/nwp3/?f=1&ds=S56&dsmode=1&l=0","https://mobile.bravobus.com.hk/nwp3/?f=1&ds=S56&dsmode=1&l=2","https://mobile.bravobus.com.hk/nwp3/?f=1&ds=S56&dsmode=1&l=1",3.7000,"11/27/23 00:00:00"
8332,"KMB",,"270C","270C","270C",1,"T",1,8.5000000000000000e+01,"粉嶺(聯和墟)","粉岭(联和墟)","FANLING (LUEN WO HUI)","尖沙咀東(麼地道)","尖沙咀东(麽地道)","TSIM SHA TSUI EAST (MODY ROAD)","https://search.kmb.hk/KMBWebSite/?action=routesearch&route=270C&lang=zh-hk","https://search.kmb.hk/KMBWebSite/?action=routesearch&route=270C&lang=zh-cn","https://search.kmb.hk/KMBWebSite/?action=routesearch&route=270C&lang=en",16.9000,"01/02/25 00:00:00"
8336,"CTB",,"5B","5B","5B",1,"NT",1,5.3000000000000000e+01,"堅尼地城","坚尼地城","Kennedy Town","銅鑼灣","铜锣湾","Causeway Bay","https://mobile.bravobus.com.hk/nwp3/?f=1&ds=5B&dsmode=1&l=0","https://mobile.bravobus.com.hk/nwp3/?f=1&ds=5B&dsmode=1&l=2","https://mobile.bravobus.com.hk/nwp3/?f=1&ds=5B&dsmode=1&l=1",4.8000,"06/10/23 00:00:00"
8337,"CTB",,"5B","5B","5B",1,"T",1,5.8000000000000000e+01,"摩星嶺","摩星岭","Felix Villas","香港大球場(不經遮打道)","香港大球场(不经遮打道)","Hong Kong Stadium (omit Chater Road)","https://mobile.bravobus.com.hk/nwp3/?f=1&ds=5B&dsmode=1&l=0","https://mobile.bravobus.com.hk/nwp3/?f=1&ds=5B&dsmode=1&l=2","https://mobile.bravobus.com.hk/nwp3/?f=1&ds=5B&dsmode=1&l=1",4.8000,"10/04/24 00:00:00"
8338,"CTB",,"5B","5B","5B",1,"NT",1,5.3000000000000000e+01,"堅尼地城","坚尼地城","Kennedy Town","銅鑼灣(不經遮打道)","铜锣湾(不经遮打道)","Causeway Bay (omit Chater Road)","https://mobile.bravobus.com.hk/nwp3/?f=1&ds=5B&dsmode=1&l=0","https://mobile.bravobus.com.hk/nwp3/?f=1&ds=5B&dsmode=1&l=2","https://mobile.bravobus.com.hk/nwp3/?f=1&ds=5B&dsmode=1&l=1",4.8000,"06/10/23 00:00:00"
8339,"CTB",,"5B","5B","5B",1,"NT",1,4.1000000000000000e+01,"銅鑼灣","铜锣湾","Causeway Bay","堅尼地城","坚尼地城","Kennedy Town","https://mobile.bravobus.com.hk/nwp3/?f=1&ds=5B&dsmode=1&l=0","https://mobile.bravobus.com.hk/nwp3/?f=1&ds=5B&dsmode=1&l=2","https://mobile.bravobus.com.hk/nwp3/?f=1&ds=5B&dsmode=1&l=1",4.8000,"01/02/25 00:00:00"
8340,"KMB+CTB",,"101","101","101",1,"T",1,4.4000000000000000e+01,"觀塘(裕民坊)","观塘(裕民坊)","KWUN TONG (YUE MAN SQUARE)","德輔道中","德辅道中","DES VOEUX RD CENTRAL","https://search.kmb.hk/KMBWebSite/?action=routesearch&route=101&lang=zh-hk","https://search.kmb.hk/KMBWebSite/?action=routesearch&route=101&lang=zh-cn","https://search.kmb.hk/KMBWebSite/?action=routesearch&route=101&lang=en",12.9000,"06/18/23 00:00:00"
8349,"LWB",,"A37","A37","A37",1,"R",0,7.9000000000000000e+01,"朗屏站","朗屏站","LONG PING STATION","機場(地面運輸中心)","机场(地面运输中心)","AIRPORT (GROUND TRANSPORTATION CENTRE)","https://search.kmb.hk/KMBWebSite/?action=routesearch&route=A37&lang=zh-hk","https://search.kmb.hk/KMBWebSite/?action=routesearch&route=A37&lang=zh-cn","https://search.kmb.hk/KMBWebSite/?action=routesearch&route=A37&lang=en",19.8000,"12/02/24 00:00:00"
8352,"KMB",,"213X","213X","213X",1,"R",0,4.9000000000000000e+01,"安泰(南)(恒泰樓)","安泰(南)(恒泰楼)","ON TAI (SOUTH) (HANG TAI HOUSE)","尖沙咀(循環線)","尖沙咀(循环线)","TSIM SHA TSUI (CIRCULAR)","https://search.kmb.hk/KMBWebSite/?action=routesearch&route=213X&lang=zh-hk","https://search.kmb.hk/KMBWebSite/?action=routesearch&route=213X&lang=zh-cn","https://search.kmb.hk/KMBWebSite/?action=routesearch&route=213X&lang=en",9.8000,"06/10/23 00:00:00"
8353,"KMB",,"6P","6P","6P",1,"T",1,6.6000000000000000e+01,"長沙灣(蘇屋邨)","长沙湾(苏屋邨)","CHEUNG SHA WAN (SO UK ESTATE)","鯉魚門邨","鲤鱼门邨","LEI YUE MUN ESTATE","https://search.kmb.hk/KMBWebSite/?action=routesearch&route=6P&lang=zh-hk","https://search.kmb.hk/KMBWebSite/?action=routesearch&route=6P&lang=zh-cn","https://search.kmb.hk/KMBWebSite/?action=routesearch&route=6P&lang=en",7.4000,"10/04/24 00:00:00"
8354,"KMB",,"214","214","214",1,"R",0,6.0000000000000000e+01,"油塘","油塘","YAU TONG","長沙灣(甘泉街)","长沙湾(甘泉街)","CHEUNG SHA WAN (KOM TSUN STREET)","https://search.kmb.hk/KMBWebSite/?action=routesearch&route=214&lang=zh-hk","https://search.kmb.hk/KMBWebSite/?action=routesearch&route=214&lang=zh-cn","https://search.kmb.hk/KMBWebSite/?action=routesearch&route=214&lang=en",9.1000,"06/10/23 00:00:00"
8355,"CTB",,"88X","88X","88X",1,"T",1,6.2000000000000000e+01,"小西灣(藍灣半島)","小西湾(蓝湾半岛)","Siu Sai Wan (Island Resort)","堅尼地城(卑路乍灣)","坚尼地城(卑路乍湾)","Kennedy Town (Belcher Bay)","https://mobile.bravobus.com.hk/nwp3/?f=1&ds=88X&dsmode=1&l=0","https://mobile.bravobus.com.hk/nwp3/?f=1&ds=88X&dsmode=1&l=2","https://mobile.bravobus.com.hk/nwp3/?f=1&ds=88X&dsmode=1&l=1",12.2000,"01/02/25 00:00:00"
8364,"KMB+CTB",,"905P","905P","905P",1,"T",1,5.8000000000000000e+01,"荔枝角","荔枝角","Lai Chi Kok","灣仔(港灣道)","湾仔(港湾道)","WAN CHAI (HARBOUR ROAD)","https://search.kmb.hk/KMBWebSite/?action=routesearch&route=905P&lang=zh-hk","https://search.kmb.hk/KMBWebSite/?action=routesearch&route=905P&lang=zh-cn","https://search.kmb.hk/KMBWebSite/?action=routesearch&route=905P&lang=en",12.9000,"06/18/23 00:00:00"
8365,"KMB",,"269S","269S","269S",1,"T",1,9.8000000000000000e+01,"天水圍市中心","天水围市中心","TIN SHUI WAI TOWN CENTRE","觀塘碼頭","观塘码头","KWUN TONG FERRY","https://search.kmb.hk/KMBWebSite/?action=routesearch&route=269S&lang=zh-hk","https://search.kmb.hk/KMBWebSite/?action=routesearch&route=269S&lang=zh-cn","https://search.kmb.hk/KMBWebSite/?action=routesearch&route=269S&lang=en",20.8000,"06/18/23 00:00:00"
8367,"KMB+CTB",,"948A","948A","948A",1,"T",1,5.4000000000000000e+01,"長安邨","长安邨","Cheung On Estate","銅鑼灣(天后)","铜锣湾(天后)","Causeway Bay (Tin Hau)","https://search.kmb.hk/KMBWebSite/?action=routesearch&route=948A&lang=zh-hk","https://search.kmb.hk/KMBWebSite/?action=routesearch&route=948A&lang=zh-cn","https://search.kmb.hk/KMBWebSite/?action=routesearch&route=948A&lang=en",20.8000,"06/18/23 00:00:00"
8368,"LWB",,"E32","E32","E32",1,"T",1,7.5000000000000000e+01,"葵芳(南)","葵芳(南)","KWAI FONG (SOUTH)","航天城(經青衣中/南)","航天城(经青衣中/南)","SKYCITY (VIA TSING YI CENTRAL/SOUTH)","https://search.kmb.hk/KMBWebSite/?action=routesearch&route=E32&lang=zh-hk","https://search.kmb.hk/KMBWebSite/?action=routesearch&route=E32&lang=zh-cn","https://search.kmb.hk/KMBWebSite/?action=routesearch&route=E32&lang=en",11.2000,"11/24/23 00:00:00"
8369,"LWB",,"A36","A36","A36",1,"T",1,5.9000000000000000e+01,"錦上路站","锦上路站","KAM SHEUNG ROAD STATION","機場(地面運輸中心)(經國泰城)","机场(地面运输中心)(经国泰城)","AIRPORT (GROUND TRANSPORTATION CENTRE) (via Cathay City)","https://search.kmb.hk/KMBWebSite/?action=routesearch&route=A36&lang=zh-hk","https://search.kmb.hk/KMBWebSite/?action=routesearch&route=A36&lang=zh-cn","https://search.kmb.hk/KMBWebSite/?action=routesearch&route=A36&lang=en",19.8000,"01/02/25 00:00:00"
8378,"KMB",,"673P","673P","673P",1,"T",1,7.8000000000000000e+01,"上水","上水","SHEUNG SHUI","中環(林士街)","中环(林士街)","CENTRAL (RUMSEY STREET)","https://search.kmb.hk/KMBWebSite/?action=routesearch&route=673P&lang=zh-hk","https://search.kmb.hk/KMBWebSite/?action=routesearch&route=673P&lang=zh-cn","https://search.kmb.hk/KMBWebSite/?action=routesearch&route=673P&lang=en",27.9000,"01/02/25 00:00:00"
8379,"KMB",,"3X","3X","3X",1,"T",1,5.4000000000000000e+01,"慈雲山(北)","慈云山(北)","TSZ WAN SHAN (NORTH)","中港碼頭(經富山)","中港码头(经富山)","CHINA FERRY TERMINAL (via Fu Shan)","https://search.kmb.hk/KMBWebSite/?action=routesearch&route=3X&lang=zh-hk","https://search.kmb.hk/KMBWebSite/?action=routesearch&route=3X&lang=zh-cn","https://search.kmb.hk/KMBWebSite/?action=routesearch&route=3X&lang=en",7.8000,"06/18/23 00:00:00"
8380,"KMB",,"43C","43C","43C",1,"T",1,4.4000000000000000e+01,"維港灣","维港湾","ISLAND HARBOURVIEW","青衣(長亨邨)","青衣(长亨邨)","TSING YI (CHEUNG HANG ESTATE)","https://search.kmb.hk/KMBWebSite/?action=routesearch&route=43C&lang=zh-hk","https://search.kmb.hk/KMBWebSite/?action=routesearch&route=43C&lang=zh-cn","https://search.kmb.hk/KMBWebSite/?action=routesearch&route=43C&lang=en",7.8000,"09/15/23 00:00:00"
8381,"LWB",,"A32","A32","A32",1,"R",0,7.1000000000000000e+01,"葵涌邨","葵涌邨","KWAI CHUNG ESTATE","機場(地面運輸中心)","机场(地面运输中心)","AIRPORT (GROUND TRANSPORTATION CENTRE)","https://search.kmb.hk/KMBWebSite/?action=routesearch&route=A32&lang=zh-hk","https://search.kmb.hk/KMBWebSite/?action=routesearch&route=A32&lang=zh-cn","https://search.kmb.hk/KMBWebSite/?action=routesearch&route=A32&lang=en",19.8000,"03/15/24 00:00:00"
8382,"KMB",,"47X","47X","47X",1,"T",1,4.7000000000000000e+01,"秦石","秦石","CHUN SHEK","葵盛(東)(不經沙田市中心)","葵盛(东)(不经沙田市中心)","KWAI SHING (EAST) (omit Sha Tin Central)","https://search.kmb.hk/KMBWebSite/?action=routesearch&route=47X&lang=zh-hk","https://search.kmb.hk/KMBWebSite/?action=routesearch&route=47X&lang=zh-cn","https://search.kmb.hk/KMBWebSite/?action=routesearch&route=47X&lang=en",9.3000,"12/27/24 00:00:00"
8389,"CTB",,"78","78","78",1,"NT",1,2.1000000000000000e+01,"華貴邨","华贵邨","Wah Kwai Estate","黃竹坑","黄竹坑","Wong Chuk Hang","https://mobile.bravobus.com.hk/nwp3/?f=1&ds=78&dsmode=1&l=0","https://mobile.bravobus.com.hk/nwp3/?f=1&ds=78&dsmode=1&l=2","https://mobile.bravobus.com.hk/nwp3/?f=1&ds=78&dsmode=1&l=1",4.2000,"06/18/23 00:00:00"
8390,"KMB",,"74X","74X","74X",1,"T",1,3.8000000000000000e+01,"廣福邨","广福邨","KWONG FUK ESTATE","觀塘碼頭","观塘码头","KWUN TONG FERRY","https://search.kmb.hk/KMBWebSite/?action=routesearch&route=74X&lang=zh-hk","https://search.kmb.hk/KMBWebSite/?action=routesearch&route=74X&lang=zh-cn","https://search.kmb.hk/KMBWebSite/?action=routesearch&route=74X&lang=en",11.5000,"06/18/23 00:00:00"
8391,"KMB",,"74X","74X","74X",1,"T",1,4.1000000000000000e+01,"運頭塘邨","运头塘邨","WAN TAU TONG B/T","觀塘碼頭","观塘码头","KWUN TONG FERRY","https://search.kmb.hk/KMBWebSite/?action=routesearch&route=74X&lang=zh-hk","https://search.kmb.hk/KMBWebSite/?action=routesearch&route=74X&lang=zh-cn","https://search.kmb.hk/KMBWebSite/?action=routesearch&route=74X&lang=en",11.5000,"06/18/23 00:00:00"
8393,"KMB",,"968","968","968",1,"T",1,6.2000000000000000e+01,"元朗公園","元朗公园","YUEN LONG PARK","銅鑼灣(天后)","铜锣湾(天后)","CAUSEWAY BAY (TIN HAU)","https://search.kmb.hk/KMBWebSite/?action=routesearch&route=968&lang=zh-hk","https://search.kmb.hk/KMBWebSite/?action=routesearch&route=968&lang=zh-cn","https://search.kmb.hk/KMBWebSite/?action=routesearch&route=968&lang=en",27.0000,"06/07/24 00:00:00"
8394,"LWB",,"A38","A38","A38",1,"R",0,8.9000000000000000e+01,"荃灣(荃威花園)","荃湾(荃威花园)","TSUEN WAN (ALLWAY GARDENS)","機場(地面運輸中心)","机场(地面运输中心)","AIRPORT (GROUND TRANSPORTATION CENTRE)","https://search.kmb.hk/KMBWebSite/?action=routesearch&route=A38&lang=zh-hk","https://search.kmb.hk/KMBWebSite/?action=routesearch&route=A38&lang=zh-cn","https://search.kmb.hk/KMBWebSite/?action=routesearch&route=A38&lang=en",19.8000,"06/28/24 00:00:00"
8403,"KMB+CTB",,"980X","980X","980X",1,"T",1,6.7000000000000000e+01,"金鐘站(東)","金钟站(东)","Admiralty Station (East)","烏溪沙站","乌溪沙站","Wu Kai Sha Station","https://search.kmb.hk/KMBWebSite/?action=routesearch&route=980X&lang=zh-hk","https://search.kmb.hk/KMBWebSite/?action=routesearch&route=980X&lang=zh-cn","https://search.kmb.hk/KMBWebSite/?action=routesearch&route=980X&lang=en",24.4000,"06/18/23 00:00:00"
8404,"KMB+CTB",,"981P","981P","981P",1,"T",1,6.3000000000000000e+01,"耀安","耀安","Yiu On","灣仔(菲林明道)","湾仔(菲林明道)","Wan Chai (Fleming Road)","https://search.kmb.hk/KMBWebSite/?action=routesearch&route=981P&lang=zh-hk","https://search.kmb.hk/KMBWebSite/?action=routesearch&route=981P&lang=zh-cn","https://search.kmb.hk/KMBWebSite/?action=routesearch&route=981P&lang=en",24.4000,"06/18/23 00:00:00"
8405,"KMB+CTB",,"981P","981P","981P",1,"T",1,6.0000000000000000e+01,"金鐘站(東)","金钟站(东)","Admiralty Station (East)","耀安","耀安","Yiu On","https://search.kmb.hk/KMBWebSite/?action=routesearch&route=981P&lang=zh-hk","https://search.kmb.hk/KMBWebSite/?action=routesearch&route=981P&lang=zh-cn","https://search.kmb.hk/KMBWebSite/?action=routesearch&route=981P&lang=en",24.4000,"06/18/23 00:00:00"
8406,"PI",,"NR331S","NR331S","NR331S",1,"R",0,2.3000000000000000e+01,"馬灣(珀欣路)","马湾(珀欣路)","MA WAN(PAK YAN ROAD)","荃灣西站","荃湾西站","TSUEN WAN WEST STATION","https://www.td.gov.hk/filemanager/tc/content_4796/TNTW/NR331c_20231204.pdf","https://www.td.gov.hk/filemanager/sc/content_4796/TNTW/NR331c_20231204.pdf","https://www.td.gov.hk/filemanager/en/content_4796/TNTW/NR331_20231204.pdf",14.3000,"12/13/24 00:00:00"
8409,"KMB",,"290X","290X","290X",1,"R",0,8.2000000000000000e+01,"康城站","康城站","LOHAS PARK STATION","荃灣西站","荃湾西站","TSUEN WAN WEST STATION","https://search.kmb.hk/KMBWebSite/?action=routesearch&route=290X&lang=zh-hk","https://search.kmb.hk/KMBWebSite/?action=routesearch&route=290X&lang=zh-cn","https://search.kmb.hk/KMBWebSite/?action=routesearch&route=290X&lang=en",12.1000,"06/14/24 00:00:00"
8413,"KMB",,"271B","271B","271B",1,"T",1,8.2000000000000000e+01,"大埔(富亨)","大埔(富亨)","TAI PO (FU HENG)","佐敦(西九龍站)","佐敦(西九龙站)","JORDAN (WEST KOWLOON STATION)","https://search.kmb.hk/KMBWebSite/?action=routesearch&route=271B&lang=zh-hk","https://search.kmb.hk/KMBWebSite/?action=routesearch&route=271B&lang=zh-cn","https://search.kmb.hk/KMBWebSite/?action=routesearch&route=271B&lang=en",12.5000,"01/02/25 00:00:00"
8414,"KMB",,"271X","271X","271X",1,"T",1,9.6000000000000000e+01,"佐敦(西九龍站)","佐敦(西九龙站)","JORDAN (WEST KOWLOON STATION)","大埔(富亨)","大埔(富亨)","TAI PO (FU HENG)","https://search.kmb.hk/KMBWebSite/?action=routesearch&route=271X&lang=zh-hk","https://search.kmb.hk/KMBWebSite/?action=routesearch&route=271X&lang=zh-cn","https://search.kmb.hk/KMBWebSite/?action=routesearch&route=271X&lang=en",13.6000,"01/06/25 00:00:00"
8415,"KMB",,"271","271","271",1,"T",1,6.5000000000000000e+01,"佐敦(西九龍站)","佐敦(西九龙站)","JORDAN (WEST KOWLOON STATION)","大埔(富亨)(不經大埔太和路)","大埔(富亨)(不经大埔太和路)","TAI PO (FU HENG) (omit Tai Po Tai Wo Road)","https://search.kmb.hk/KMBWebSite/?action=routesearch&route=271&lang=zh-hk","https://search.kmb.hk/KMBWebSite/?action=routesearch&route=271&lang=zh-cn","https://search.kmb.hk/KMBWebSite/?action=routesearch&route=271&lang=en",12.5000,"01/06/25 00:00:00"
8419,"CTB",,"722","722","722",1,"T",1,4.1000000000000000e+01,"耀東邨","耀东邨","Yiu Tung Estate","中環(交易廣場)","中环(交易广场)","Central (Exchange Square)","https://mobile.bravobus.com.hk/nwp3/?f=1&ds=722&dsmode=1&l=0","https://mobile.bravobus.com.hk/nwp3/?f=1&ds=722&dsmode=1&l=2","https://mobile.bravobus.com.hk/nwp3/?f=1&ds=722&dsmode=1&l=1",8.7000,"01/02/25 00:00:00"
8420,"KMB",,"296M","296M","296M",1,"T",1,2.2000000000000000e+01,"唐明苑","唐明苑","TONG MING COURT","康盛花園","康盛花园","HONG SING GARDEN","https://search.kmb.hk/KMBWebSite/?action=routesearch&route=296M&lang=zh-hk","https://search.kmb.hk/KMBWebSite/?action=routesearch&route=296M&lang=zh-cn","https://search.kmb.hk/KMBWebSite/?action=routesearch&route=296M&lang=en",5.8000,"06/18/23 00:00:00"
8421,"LRTFeeder",,"K73","K73","K73",1,"T",1,2.3000000000000000e+01,"天恩邨","天恩邨","Tin Yan Estate","元朗西","元朗西","Yuen Long West","https://www.mtr.com.hk/ch/customer/services/bus_finder_search_box.html","https://www.mtr.com.hk/ch/customer/services/bus_finder_search_box.html","https://www.mtr.com.hk/en/customer/services/bus_finder_search_box.html",5.1000,"06/24/24 00:00:00"
8422,"LRTFeeder",,"506","506","506",1,"T",1,7.0000000000000000e+00,"富健花園","富健花园","Glorious Garden","屯門站","屯门站","Tuen Mun Station","https://www.mtr.com.hk/ch/customer/services/bus_finder_search_box.html","https://www.mtr.com.hk/ch/customer/services/bus_finder_search_box.html","https://www.mtr.com.hk/en/customer/services/bus_finder_search_box.html",5.1000,"06/24/24 00:00:00"
8431,"LWB",,"E32A","E32A","E32A",1,"R",0,6.0000000000000000e+01,"東涌發展碼頭","东涌发展码头","TUNG CHUNG DEVELOPMENT PIER","葵芳(南)","葵芳(南)","KWAI FONG (SOUTH)","https://search.kmb.hk/KMBWebSite/?action=routesearch&route=E32A&lang=zh-hk","https://search.kmb.hk/KMBWebSite/?action=routesearch&route=E32A&lang=zh-cn","https://search.kmb.hk/KMBWebSite/?action=routesearch&route=E32A&lang=en",11.2000,"12/02/24 00:00:00"
8432,"KMB",,"75X","75X","75X",1,"T",1,6.6000000000000000e+01,"九龍城碼頭","九龙城码头","KOWLOON CITY FERRY","大埔(富善)(經大埔中心總站)","大埔(富善)(经大埔中心总站)","TAI PO (FU SHIN) (via Tai Po Central Terminus)","https://search.kmb.hk/KMBWebSite/?action=routesearch&route=75X&lang=zh-hk","https://search.kmb.hk/KMBWebSite/?action=routesearch&route=75X&lang=zh-cn","https://search.kmb.hk/KMBWebSite/?action=routesearch&route=75X&lang=en",11.5000,"08/31/23 00:00:00"
8434,"KMB",,"8P","8P","8P",1,"T",1,1.4000000000000000e+01,"海逸豪園","海逸豪园","LAGUNA VERDE","尖沙咀 (漢口道)","尖沙咀 (汉口道)","TSIM SHA TSUI (HANKOW ROAD)","https://search.kmb.hk/KMBWebSite/?action=routesearch&route=8P&lang=zh-hk","https://search.kmb.hk/KMBWebSite/?action=routesearch&route=8P&lang=zh-cn","https://search.kmb.hk/KMBWebSite/?action=routesearch&route=8P&lang=en",5.1000,"06/18/23 00:00:00"
8435,"KMB",,"613","613","613",1,"R",0,5.8000000000000000e+01,"安泰(西)(和泰樓)","安泰(西)(和泰楼)","ON TAI (WEST) (WO TAI HOUSE)","筲箕灣","筲箕湾","SHAU KEI WAN","https://search.kmb.hk/KMBWebSite/?action=routesearch&route=613&lang=zh-hk","https://search.kmb.hk/KMBWebSite/?action=routesearch&route=613&lang=zh-cn","https://search.kmb.hk/KMBWebSite/?action=routesearch&route=613&lang=en",11.4000,"11/08/24 00:00:00"
8436,"KMB",,"3D","3D","3D",1,"T",1,1.8000000000000000e+01,"慈雲山(南)","慈云山(南)","TSZ WAN SHAN (SOUTH)","觀塘(裕民坊)","观塘(裕民坊)","KWUN TONG (YUE MAN SQUARE)","https://search.kmb.hk/KMBWebSite/?action=routesearch&route=3D&lang=zh-hk","https://search.kmb.hk/KMBWebSite/?action=routesearch&route=3D&lang=zh-cn","https://search.kmb.hk/KMBWebSite/?action=routesearch&route=3D&lang=en",5.8000,"03/22/24 00:00:00"
8449,"KMB+CTB",,"171","171","171",1,"T",1,6.8000000000000000e+01,"海怡半島","海怡半岛","South Horizons","荔枝角(經海洋公園)","荔枝角(经海洋公园)","Lai Chi Kok (via Ocean Park)","https://search.kmb.hk/KMBWebSite/?action=routesearch&route=171&lang=zh-hk","https://search.kmb.hk/KMBWebSite/?action=routesearch&route=171&lang=zh-cn","https://search.kmb.hk/KMBWebSite/?action=routesearch&route=171&lang=en",14.7000,"06/18/23 00:00:00"
8455,"CTB",,"592","592","592",1,"T",1,2.4000000000000000e+01,"海怡半島","海怡半岛","South Horizons","銅鑼灣(摩頓台)(經黃竹坑天橋)","铜锣湾(摩顿台)(经黄竹坑天桥)","Causeway Bay (Moreton Terrace) (via Wong Chuk Hang flyover)","https://mobile.bravobus.com.hk/nwp3/?f=1&ds=592&dsmode=1&l=0","https://mobile.bravobus.com.hk/nwp3/?f=1&ds=592&dsmode=1&l=2","https://mobile.bravobus.com.hk/nwp3/?f=1&ds=592&dsmode=1&l=1",6.6000,"01/02/25 00:00:00"
8459,"KMB",,"48P","48P","48P",1,"T",1,5.7000000000000000e+01,"火炭駿洋邨","火炭骏洋邨","FO TAN CHUN YEUNG ESTATE","青龍頭","青龙头","TSING LUNG TAU","https://search.kmb.hk/KMBWebSite/?action=routesearch&route=48P&lang=zh-hk","https://search.kmb.hk/KMBWebSite/?action=routesearch&route=48P&lang=zh-cn","https://search.kmb.hk/KMBWebSite/?action=routesearch&route=48P&lang=en",14.9000,"12/29/23 00:00:00"
8468,"KMB+CTB",,"107","107","107",1,"T",1,5.8000000000000000e+01,"九龍灣","九龙湾","Kowloon Bay","華貴(經海洋公園)","华贵(经海洋公园)","Wah Kwai (via Ocean Park)","https://search.kmb.hk/KMBWebSite/?action=routesearch&route=107&lang=zh-hk","https://search.kmb.hk/KMBWebSite/?action=routesearch&route=107&lang=zh-cn","https://search.kmb.hk/KMBWebSite/?action=routesearch&route=107&lang=en",14.7000,"06/18/23 00:00:00"
8469,"KMB",,"B1","B1","B1",1,"R",0,3.2000000000000000e+01,"媽橫路(山水樓)","妈横路(山水楼)","MA WANG ROAD (SAN SHUI HOUSE)","落馬洲站(福田)","落马洲站(福田)","LOK MA CHAU STATION (FUTIAN)","https://search.kmb.hk/KMBWebSite/?action=routesearch&route=B1&lang=zh-hk","https://search.kmb.hk/KMBWebSite/?action=routesearch&route=B1&lang=zh-cn","https://search.kmb.hk/KMBWebSite/?action=routesearch&route=B1&lang=en",15.3000,"01/02/25 00:00:00"
8477,"CTB",,"973","973","973",1,"T",1,1.0700000000000000e+02,"尖沙咀東(麼地道)","尖沙咀东(麽地道)","Tsim Sha Tsui East (Mody Road)","赤柱(經西九文化區及海洋公園)","赤柱(经西九文化区及海洋公园)","Stanley (via West Kowloon Cultural District & Ocean Park)","https://mobile.bravobus.com.hk/nwp3/?f=1&ds=973&dsmode=1&l=0","https://mobile.bravobus.com.hk/nwp3/?f=1&ds=973&dsmode=1&l=2","https://mobile.bravobus.com.hk/nwp3/?f=1&ds=973&dsmode=1&l=1",18.1000,"01/02/25 00:00:00"
8478,"CTB",,"8H","8H","8H",1,"T",0,5.4000000000000000e+01,"小西灣 (藍灣半島)","小西湾 (蓝湾半岛)","Siu Sai Wan (Island Resort)","東華東院","东华东院","Tung Wah Eastern Hospital","https://mobile.bravobus.com.hk/nwp3/?f=1&ds=8H&dsmode=1&l=0","https://mobile.bravobus.com.hk/nwp3/?f=1&ds=8H&dsmode=1&l=2","https://mobile.bravobus.com.hk/nwp3/?f=1&ds=8H&dsmode=1&l=1",7.0000,"01/02/25 00:00:00"
8480,"KMB",,"278A","278A","278A",1,"R",0,6.4000000000000000e+01,"皇后山","皇后山","QUEEN'S HILL","荃灣(如心廣場)","荃湾(如心广场)","TSUEN WAN (NINA TOWER)","https://search.kmb.hk/KMBWebSite/?action=routesearch&route=278A&lang=zh-hk","https://search.kmb.hk/KMBWebSite/?action=routesearch&route=278A&lang=zh-cn","https://search.kmb.hk/KMBWebSite/?action=routesearch&route=278A&lang=en",14.7000,"06/10/23 00:00:00"
8482,"KMB",,"224X","224X","224X",1,"T",1,3.1000000000000000e+01,"啟德巴士總站","启德巴士总站","KAI TAK BUS TERMINUS","尖沙咀東(循環線)","尖沙咀东(循环线)","TSIM SHA TSUI EAST (CIRCULAR)","https://search.kmb.hk/KMBWebSite/?action=routesearch&route=224X&lang=zh-hk","https://search.kmb.hk/KMBWebSite/?action=routesearch&route=224X&lang=zh-cn","https://search.kmb.hk/KMBWebSite/?action=routesearch&route=224X&lang=en",8.6000,"01/02/25 00:00:00"
8483,"CTB",,"12A","12A","12A",1,"T",1,1.2000000000000000e+01,"金鐘(添馬街)","金钟(添马街)","Admiralty (Tamar Street)","麥當奴道(循環線)(不經遮打道)","麦当奴道(循环线)(不经遮打道)","MacDonnell Road (Circular) (omit Chater Road)","https://mobile.bravobus.com.hk/nwp3/?f=1&ds=12A&dsmode=1&l=0","https://mobile.bravobus.com.hk/nwp3/?f=1&ds=12A&dsmode=1&l=2","https://mobile.bravobus.com.hk/nwp3/?f=1&ds=12A&dsmode=1&l=1",6.1000,"06/18/23 00:00:00"
8492,"KMB",,"83X","83X","83X",1,"R",0,3.9000000000000000e+01,"水泉澳","水泉澳","SHUI CHUEN O","觀塘碼頭","观塘码头","KWUN TONG FERRY","https://search.kmb.hk/KMBWebSite/?action=routesearch&route=83X&lang=zh-hk","https://search.kmb.hk/KMBWebSite/?action=routesearch&route=83X&lang=zh-cn","https://search.kmb.hk/KMBWebSite/?action=routesearch&route=83X&lang=en",8.1000,"12/20/24 00:00:00"
8493,"KMB",,"49X","49X","49X",1,"T",1,5.3000000000000000e+01,"碩門邨","硕门邨","SHEK MUN ESTATE","青衣碼頭","青衣码头","TSING YI FERRY","https://search.kmb.hk/KMBWebSite/?action=routesearch&route=49X&lang=zh-hk","https://search.kmb.hk/KMBWebSite/?action=routesearch&route=49X&lang=zh-cn","https://search.kmb.hk/KMBWebSite/?action=routesearch&route=49X&lang=en",10.4000,"06/18/23 00:00:00"
8494,"KMB",,"49X","49X","49X",1,"T",1,5.5000000000000000e+01,"廣源","广源","KWONG YUEN","青衣碼頭(不經沙田市中心)","青衣码头(不经沙田市中心)","TSING YI FERRY (OMIT SHA TIN CENTRAL)","https://search.kmb.hk/KMBWebSite/?action=routesearch&route=49X&lang=zh-hk","https://search.kmb.hk/KMBWebSite/?action=routesearch&route=49X&lang=zh-cn","https://search.kmb.hk/KMBWebSite/?action=routesearch&route=49X&lang=en",10.4000,"06/18/23 00:00:00"
8496,"KMB",,"214","214","214",1,"T",1,4.6000000000000000e+01,"寶達","宝达","PO TAT","荔枝角站","荔枝角站","LAI CHI KOK STATION","https://search.kmb.hk/KMBWebSite/?action=routesearch&route=214&lang=zh-hk","https://search.kmb.hk/KMBWebSite/?action=routesearch&route=214&lang=zh-cn","https://search.kmb.hk/KMBWebSite/?action=routesearch&route=214&lang=en",9.1000,"12/04/23 00:00:00"
8497,"KMB",,"80","80","80",1,"T",1,3.9000000000000000e+01,"美林","美林","MEI LAM","觀塘碼頭(不經顯徑)","观塘码头(不经显径)","KWUN TONG FERRY (OMIT HIN KENG)","https://search.kmb.hk/KMBWebSite/?action=routesearch&route=80&lang=zh-hk","https://search.kmb.hk/KMBWebSite/?action=routesearch&route=80&lang=zh-cn","https://search.kmb.hk/KMBWebSite/?action=routesearch&route=80&lang=en",8.4000,"11/22/24 00:00:00"
8498,"KMB",,"80A","80A","80A",1,"T",1,5.6000000000000000e+01,"美林","美林","MEI LAM","觀塘碼頭","观塘码头","KWUN TONG FERRY","https://search.kmb.hk/KMBWebSite/?action=routesearch&route=80A&lang=zh-hk","https://search.kmb.hk/KMBWebSite/?action=routesearch&route=80A&lang=zh-cn","https://search.kmb.hk/KMBWebSite/?action=routesearch&route=80A&lang=en",8.4000,"06/10/23 00:00:00"
8510,"KMB",,"280X","280X","280X",1,"T",1,4.5000000000000000e+01,"駿景園","骏景园","ROYAL ASCOT","尖沙咀東(麼地道)","尖沙咀东(麽地道)","TSIM SHA TSUI EAST (MODY ROAD)","https://search.kmb.hk/KMBWebSite/?action=routesearch&route=280X&lang=zh-hk","https://search.kmb.hk/KMBWebSite/?action=routesearch&route=280X&lang=zh-cn","https://search.kmb.hk/KMBWebSite/?action=routesearch&route=280X&lang=en",10.2000,"06/18/23 00:00:00"
8511,"KMB",,"N41X","N41X","N41X",1,"NT",1,5.3000000000000000e+01,"紅磡站","红磡站","HUNG HOM STATION","青衣(長宏邨)","青衣(长宏邨)","TSING YI (CHEUNG WANG ESTATE)","https://search.kmb.hk/KMBWebSite/?action=routesearch&route=N41X&lang=zh-hk","https://search.kmb.hk/KMBWebSite/?action=routesearch&route=N41X&lang=zh-cn","https://search.kmb.hk/KMBWebSite/?action=routesearch&route=N41X&lang=en",19.3000,"12/01/23 00:00:00"
8512,"KMB",,"296P","296P","296P",1,"T",1,4.3000000000000000e+01,"尚德","尚德","SHEUNG TAK","荔枝角站","荔枝角站","LAI CHI KOK STATION","https://search.kmb.hk/KMBWebSite/?action=routesearch&route=296P&lang=zh-hk","https://search.kmb.hk/KMBWebSite/?action=routesearch&route=296P&lang=zh-cn","https://search.kmb.hk/KMBWebSite/?action=routesearch&route=296P&lang=en",9.6000,"06/18/23 00:00:00"
8513,"KMB",,"N287","N287","N287",1,"NT",1,6.5000000000000000e+01,"尖沙咀東(麼地道)","尖沙咀东(麽地道)","TSIM SHA TSUI EAST (MODY ROAD)","烏溪沙站","乌溪沙站","WU KAI SHA STATION","https://search.kmb.hk/KMBWebSite/?action=routesearch&route=N287&lang=zh-hk","https://search.kmb.hk/KMBWebSite/?action=routesearch&route=N287&lang=zh-cn","https://search.kmb.hk/KMBWebSite/?action=routesearch&route=N287&lang=en",19.3000,"06/18/23 00:00:00"
8514,"KMB",,"64K","64K","64K",1,"T",1,1.3000000000000000e+01,"梧桐寨(白牛石)","梧桐寨(白牛石)","NG TUNG CHAI (PAK NGAU SHEK)","大埔(太和)","大埔(太和)","TAI PO (TAI WO)","https://search.kmb.hk/KMBWebSite/?action=routesearch&route=64K&lang=zh-hk","https://search.kmb.hk/KMBWebSite/?action=routesearch&route=64K&lang=zh-cn","https://search.kmb.hk/KMBWebSite/?action=routesearch&route=64K&lang=en",6.7000,"07/28/23 00:00:00"
8524,"KMB",,"40A","40A","40A",1,"T",1,5.3000000000000000e+01,"葵興站","葵兴站","KWAI HING STATION","平田","平田","PING TIN","https://search.kmb.hk/KMBWebSite/?action=routesearch&route=40A&lang=zh-hk","https://search.kmb.hk/KMBWebSite/?action=routesearch&route=40A&lang=zh-cn","https://search.kmb.hk/KMBWebSite/?action=routesearch&route=40A&lang=en",10.1000,"03/08/24 00:00:00"
8525,"KMB",,"234D","234D","234D",1,"T",1,8.3000000000000000e+01,"青龍頭","青龙头","TSING LUNG TAU","觀塘(翠屏北邨)","观塘(翠屏北邨)","KWUN TONG (TSUI PING NORTH ESTATE)","https://search.kmb.hk/KMBWebSite/?action=routesearch&route=234D&lang=zh-hk","https://search.kmb.hk/KMBWebSite/?action=routesearch&route=234D&lang=zh-cn","https://search.kmb.hk/KMBWebSite/?action=routesearch&route=234D&lang=en",12.2000,"06/18/23 00:00:00"
8526,"KMB",,"268A","268A","268A",1,"T",1,6.3000000000000000e+01,"朗屏邨","朗屏邨","LONG PING ESTATE","觀塘碼頭","观塘码头","KWUN TONG FERRY","https://search.kmb.hk/KMBWebSite/?action=routesearch&route=268A&lang=zh-hk","https://search.kmb.hk/KMBWebSite/?action=routesearch&route=268A&lang=zh-cn","https://search.kmb.hk/KMBWebSite/?action=routesearch&route=268A&lang=en",20.8000,"06/18/23 00:00:00"
8527,"LWB",,"NA47","NA47","NA47",1,"NT",1,9.2000000000000000e+01,"大埔(太和)","大埔(太和)","TAI PO (TAI WO)","港珠澳大橋香港口岸","港珠澳大桥香港口岸","HZMB HONG KONG PORT","https://search.kmb.hk/KMBWebSite/?action=routesearch&route=NA47&lang=zh-hk","https://search.kmb.hk/KMBWebSite/?action=routesearch&route=NA47&lang=zh-cn","https://search.kmb.hk/KMBWebSite/?action=routesearch&route=NA47&lang=en",44.5000,"09/29/23 00:00:00"
8532,"KMB",,"X42P","X42P","X42P",1,"T",1,5.0000000000000000e+01,"青衣站","青衣站","TSING YI STATION","藍田站","蓝田站","LAM TIN STATION","https://search.kmb.hk/KMBWebSite/?action=routesearch&route=X42P&lang=zh-hk","https://search.kmb.hk/KMBWebSite/?action=routesearch&route=X42P&lang=zh-cn","https://search.kmb.hk/KMBWebSite/?action=routesearch&route=X42P&lang=en",12.1000,"12/27/23 00:00:00"
8533,"NLB",,"4","4","4",1,"T",3,2.5000000000000000e+01,"梅窩碼頭","梅窝码头","Mui Wo Ferry Pier","塘福","塘福","Tong Fuk","http://www.nlb.com.hk/route?q=4","http://www.nlb.com.hk/route?q=4","http://www.nlb.com.hk/route?q=4",13.0000,"11/01/24 00:00:00"
8543,"KMB",,"38P","38P","38P",1,"T",1,7.4000000000000000e+01,"葵盛(中)","葵盛(中)","KWAI SHING (CENTRAL)","平田","平田","PING TIN","https://search.kmb.hk/KMBWebSite/?action=routesearch&route=38P&lang=zh-hk","https://search.kmb.hk/KMBWebSite/?action=routesearch&route=38P&lang=zh-cn","https://search.kmb.hk/KMBWebSite/?action=routesearch&route=38P&lang=en",11.1000,"06/21/24 00:00:00"
8544,"KMB",,"5C","5C","5C",1,"T",1,4.6000000000000000e+01,"毓華街","毓华街","YUK WAH STREET","尖沙咀碼頭","尖沙咀码头","STAR FERRY","https://search.kmb.hk/KMBWebSite/?action=routesearch&route=5C&lang=zh-hk","https://search.kmb.hk/KMBWebSite/?action=routesearch&route=5C&lang=zh-cn","https://search.kmb.hk/KMBWebSite/?action=routesearch&route=5C&lang=en",6.7000,"06/18/23 00:00:00"
8545,"CTB",,"N796","N796","N796",1,"N",0,6.4000000000000000e+01,"日出康城","日出康城","LOHAS Park","尖沙咀(循環線)","尖沙咀(循环线)","Tsim Sha Tsui (Circular)","https://mobile.bravobus.com.hk/nwp3/?f=1&ds=N796&dsmode=1&l=0","https://mobile.bravobus.com.hk/nwp3/?f=1&ds=N796&dsmode=1&l=2","https://mobile.bravobus.com.hk/nwp3/?f=1&ds=N796&dsmode=1&l=1",19.6000,"10/02/24 00:00:00"
8546,"KMB",,"52P","52P","52P",1,"T",1,8.1000000000000000e+01,"掃管笏","扫管笏","SO KWUN WAT","旺角(柏景灣)","旺角(柏景湾)","MONG KOK (PARK AVENUE)","https://search.kmb.hk/KMBWebSite/?action=routesearch&route=52P&lang=zh-hk","https://search.kmb.hk/KMBWebSite/?action=routesearch&route=52P&lang=zh-cn","https://search.kmb.hk/KMBWebSite/?action=routesearch&route=52P&lang=en",14.6000,"11/22/24 00:00:00"
8548,"KMB",,"261B","261B","261B",1,"T",1,6.9000000000000000e+01,"掃管笏","扫管笏","SO KWUN WAT","九龍站","九龙站","KOWLOON STATION","https://search.kmb.hk/KMBWebSite/?action=routesearch&route=261B&lang=zh-hk","https://search.kmb.hk/KMBWebSite/?action=routesearch&route=261B&lang=zh-cn","https://search.kmb.hk/KMBWebSite/?action=routesearch&route=261B&lang=en",15.5000,"01/02/25 00:00:00"
8549,"KMB",,"3B","3B","3B",1,"T",1,4.1000000000000000e+01,"紅磡(紅鸞道)","红磡(红鸾道)","HUNG HOM (HUNG LUEN ROAD)","慈雲山(中)(不停正暉樓)","慈云山(中)(不停正晖楼)","TSZ WAN SHAN (CENTRAL) (omit Ching Fai House)","https://search.kmb.hk/KMBWebSite/?action=routesearch&route=3B&lang=zh-hk","https://search.kmb.hk/KMBWebSite/?action=routesearch&route=3B&lang=zh-cn","https://search.kmb.hk/KMBWebSite/?action=routesearch&route=3B&lang=en",5.8000,"06/18/23 00:00:00"
8423,"LRTFeeder",,"K53","K53","K53",1,"T",1,2.4000000000000000e+01,"屯門站","屯门站","Tuen Mun Station","掃管笏","扫管笏","So Kwun Wat","https://www.mtr.com.hk/ch/customer/services/bus_finder_search_box.html","https://www.mtr.com.hk/ch/customer/services/bus_finder_search_box.html","https://www.mtr.com.hk/en/customer/services/bus_finder_search_box.html",5.1000,"06/24/24 00:00:00"
8424,"NLB",,"37S","37S","37S",1,"T",3,4.0000000000000000e+00,"東涌發展碼頭","东涌发展码头","Tung Chung Development Ferry Pier","東涌站巴士總站","东涌站巴士总站","Tung Chung Station Bus Terminus","http://www.nlb.com.hk/route?q=37S","http://www.nlb.com.hk/route?q=37S","http://www.nlb.com.hk/route?q=37S",3.9000,"06/11/23 00:00:00"
8425,"KMB",,"91M","91M","91M",1,"T",1,1.9000000000000000e+01,"香港科技大學(北)","香港科技大学(北)","H.K.U.S.T (NORTH)","寶林","宝林","PO LAM","https://search.kmb.hk/KMBWebSite/?action=routesearch&route=91M&lang=zh-hk","https://search.kmb.hk/KMBWebSite/?action=routesearch&route=91M&lang=zh-cn","https://search.kmb.hk/KMBWebSite/?action=routesearch&route=91M&lang=en",5.1000,"06/18/23 00:00:00"
8426,"KMB",,"91P","91P","91P",1,"T",1,1.7000000000000000e+01,"香港科技大學(南)","香港科技大学(南)","H.K.U.S.T. (SOUTH)","坪石 / 彩虹站","坪石 / 彩虹站","PING SHEK / CHOI HUNG STATION","https://search.kmb.hk/KMBWebSite/?action=routesearch&route=91P&lang=zh-hk","https://search.kmb.hk/KMBWebSite/?action=routesearch&route=91P&lang=zh-cn","https://search.kmb.hk/KMBWebSite/?action=routesearch&route=91P&lang=en",7.1000,"08/30/24 00:00:00"
8427,"CTB",,"A20","A20","A20",1,"T",1,1.0400000000000000e+02,"紅磡站","红磡站","Hung Hom Station","機場(地面運輸中心)","机场(地面运输中心)","Airport (Ground Transportation Centre)","https://mobile.bravobus.com.hk/nwp3/?f=1&ds=A20&dsmode=1&l=0","https://mobile.bravobus.com.hk/nwp3/?f=1&ds=A20&dsmode=1&l=2","https://mobile.bravobus.com.hk/nwp3/?f=1&ds=A20&dsmode=1&l=1",34.6000,"11/09/23 00:00:00"
8428,"CTB",,"N796","N796","N796",1,"NT",1,7.5000000000000000e+01,"尖沙咀東(漆咸道南)","尖沙咀东(漆咸道南)","Tsim Sha Tsui East (Chatham Road South)","日出康城","日出康城","Lohas Park","https://mobile.bravobus.com.hk/nwp3/?f=1&ds=N796&dsmode=1&l=0","https://mobile.bravobus.com.hk/nwp3/?f=1&ds=N796&dsmode=1&l=2","https://mobile.bravobus.com.hk/nwp3/?f=1&ds=N796&dsmode=1&l=1",19.6000,"06/18/23 00:00:00"
8437,"KMB",,"3D","3D","3D",1,"T",1,1.6000000000000000e+01,"正康樓","正康楼","CHING HONG HOUSE","觀塘(裕民坊)","观塘(裕民坊)","KWUN TONG (YUE MAN SQUARE)","https://search.kmb.hk/KMBWebSite/?action=routesearch&route=3D&lang=zh-hk","https://search.kmb.hk/KMBWebSite/?action=routesearch&route=3D&lang=zh-cn","https://search.kmb.hk/KMBWebSite/?action=routesearch&route=3D&lang=en",5.8000,"06/10/23 00:00:00"
8440,"KMB",,"3M","3M","3M",1,"T",1,1.3000000000000000e+01,"彩雲","彩云","CHOI WAN","慈雲山(南)","慈云山(南)","TSZ WAN SHAN (SOUTH)","https://search.kmb.hk/KMBWebSite/?action=routesearch&route=3M&lang=zh-hk","https://search.kmb.hk/KMBWebSite/?action=routesearch&route=3M&lang=zh-cn","https://search.kmb.hk/KMBWebSite/?action=routesearch&route=3M&lang=en",5.1000,"02/02/24 00:00:00"
8445,"CTB",,"11","11","11",1,"T",1,3.6000000000000000e+01,"中環碼頭","中环码头","Central (Ferry Piers)","大坑徑","大坑径","Tai Hang Drive","https://mobile.bravobus.com.hk/nwp3/?f=1&ds=11&dsmode=1&l=0","https://mobile.bravobus.com.hk/nwp3/?f=1&ds=11&dsmode=1&l=2","https://mobile.bravobus.com.hk/nwp3/?f=1&ds=11&dsmode=1&l=1",8.6000,"06/10/23 00:00:00"
8446,"CTB",,"11","11","11",1,"T",1,3.6000000000000000e+01,"中環碼頭","中环码头","Central (Ferry Piers)","大坑徑(上課日加開班次)","大坑径(上课日加开班次)","Tai Hang Drive (School days additional departure)","https://mobile.bravobus.com.hk/nwp3/?f=1&ds=11&dsmode=1&l=0","https://mobile.bravobus.com.hk/nwp3/?f=1&ds=11&dsmode=1&l=2","https://mobile.bravobus.com.hk/nwp3/?f=1&ds=11&dsmode=1&l=1",8.6000,"06/10/23 00:00:00"
8447,"CTB",,"11","11","11",1,"T",1,6.0000000000000000e+01,"中環碼頭","中环码头","Central (Ferry Piers)","渣甸山(深夜班次)","渣甸山(深夜班次)","Jardine's Lookout (Night time departure)","https://mobile.bravobus.com.hk/nwp3/?f=1&ds=11&dsmode=1&l=0","https://mobile.bravobus.com.hk/nwp3/?f=1&ds=11&dsmode=1&l=2","https://mobile.bravobus.com.hk/nwp3/?f=1&ds=11&dsmode=1&l=1",8.6000,"06/10/23 00:00:00"
8448,"KMB+CTB",,"171","171","171",1,"NT",1,6.1000000000000000e+01,"海怡半島","海怡半岛","South Horizons","荔枝角(不經海怡路)","荔枝角(不经海怡路)","Lai Chi Kok (omit South Horizon Drive)","https://search.kmb.hk/KMBWebSite/?action=routesearch&route=171&lang=zh-hk","https://search.kmb.hk/KMBWebSite/?action=routesearch&route=171&lang=zh-cn","https://search.kmb.hk/KMBWebSite/?action=routesearch&route=171&lang=en",14.7000,"06/18/23 00:00:00"
8470,"KMB+CTB",,"170","170","170",1,"T",1,5.7000000000000000e+01,"沙田站","沙田站","SHATIN STATION","華富(中)(經海洋公園)","华富(中)(经海洋公园)","WAH FU (CENTRAL) (via Ocean Park)","https://search.kmb.hk/KMBWebSite/?action=routesearch&route=170&lang=zh-hk","https://search.kmb.hk/KMBWebSite/?action=routesearch&route=170&lang=zh-cn","https://search.kmb.hk/KMBWebSite/?action=routesearch&route=170&lang=en",20.8000,"06/18/23 00:00:00"
8472,"KMB",,"213S","213S","213S",1,"T",1,7.0000000000000000e+00,"安達","安达","ON TAT","藍田站(循環線)","蓝田站(循环线)","LAM TIN STATION (CIRCULAR)","https://search.kmb.hk/KMBWebSite/?action=routesearch&route=213S&lang=zh-hk","https://search.kmb.hk/KMBWebSite/?action=routesearch&route=213S&lang=zh-cn","https://search.kmb.hk/KMBWebSite/?action=routesearch&route=213S&lang=en",5.1000,"06/18/23 00:00:00"
8473,"KMB",,"88","88","88",1,"R",0,4.9000000000000000e+01,"中秀茂坪","中秀茂坪","SAU MAU PING (CENTRAL)","大圍站","大围站","TAI WAI STATION","https://search.kmb.hk/KMBWebSite/?action=routesearch&route=88&lang=zh-hk","https://search.kmb.hk/KMBWebSite/?action=routesearch&route=88&lang=zh-cn","https://search.kmb.hk/KMBWebSite/?action=routesearch&route=88&lang=en",8.6000,"08/11/23 00:00:00"
8474,"CTB",,"NA12","NA12","NA12",1,"NT",1,1.2100000000000000e+02,"杏花邨","杏花邨","Heng Fa Chuen","港珠澳大橋香港口岸","港珠澳大桥香港口岸","HZMB Hong Kong Port","https://mobile.bravobus.com.hk/nwp3/?f=1&ds=NA12&dsmode=1&l=0","https://mobile.bravobus.com.hk/nwp3/?f=1&ds=NA12&dsmode=1&l=2","https://mobile.bravobus.com.hk/nwp3/?f=1&ds=NA12&dsmode=1&l=1",60.7000,"01/02/25 00:00:00"
8475,"CTB",,"969C","969C","969C",1,"T",1,1.0100000000000000e+02,"天水圍 (美湖居)","天水围 (美湖居)","Tin Shui Wai (Maywood Court)","太古 (康怡廣場)","太古 (康怡广场)","Taikoo (Kornhill Plaza)","https://mobile.bravobus.com.hk/nwp3/?f=1&ds=969C&dsmode=1&l=0","https://mobile.bravobus.com.hk/nwp3/?f=1&ds=969C&dsmode=1&l=2","https://mobile.bravobus.com.hk/nwp3/?f=1&ds=969C&dsmode=1&l=1",28.2000,"11/03/23 00:00:00"
8476,"CTB",,"973","973","973",1,"T",1,9.1000000000000000e+01,"赤柱","赤柱","Stanley","尖沙咀東(麼地道)(經深灣)","尖沙咀东(麽地道)(经深湾)","Tsim Sha Tsui East (Mody Road) (via Sham Wan)","https://mobile.bravobus.com.hk/nwp3/?f=1&ds=973&dsmode=1&l=0","https://mobile.bravobus.com.hk/nwp3/?f=1&ds=973&dsmode=1&l=2","https://mobile.bravobus.com.hk/nwp3/?f=1&ds=973&dsmode=1&l=1",18.1000,"01/02/25 00:00:00"
8484,"CTB",,"12A","12A","12A",1,"T",1,1.0000000000000000e+01,"金鐘(添馬街)","金钟(添马街)","Admiralty (Tamar Street)","麥當勞道(循環線)(不經中環)","麦当劳道(循环线)(不经中环)","MacDonnell Road (Circular) (omit Central)","https://mobile.bravobus.com.hk/nwp3/?f=1&ds=12A&dsmode=1&l=0","https://mobile.bravobus.com.hk/nwp3/?f=1&ds=12A&dsmode=1&l=2","https://mobile.bravobus.com.hk/nwp3/?f=1&ds=12A&dsmode=1&l=1",6.1000,"06/18/23 00:00:00"
8487,"CTB",,"9","9","9",1,"T",1,2.9000000000000000e+01,"筲箕灣","筲箕湾","Shau Kei Wan","石澳(不經鶴咀及大浪灣)","石澳(不经鹤咀及大浪湾)","Shek O (omit Cape D Aguilar and Big Wave Bay)","https://mobile.bravobus.com.hk/nwp3/?f=1&ds=9&dsmode=1&l=0","https://mobile.bravobus.com.hk/nwp3/?f=1&ds=9&dsmode=1&l=2","https://mobile.bravobus.com.hk/nwp3/?f=1&ds=9&dsmode=1&l=1",9.4000,"12/11/23 00:00:00"
8488,"CTB",,"9","9","9",1,"T",1,3.0000000000000000e+01,"筲箕灣","筲箕湾","Shau Kei Wan","石澳(經大浪灣, 不經鶴咀)","石澳(经大浪湾, 不经鹤咀)","Shek O (via Big Wave Bay, omit Cape D Aguilar)","https://mobile.bravobus.com.hk/nwp3/?f=1&ds=9&dsmode=1&l=0","https://mobile.bravobus.com.hk/nwp3/?f=1&ds=9&dsmode=1&l=2","https://mobile.bravobus.com.hk/nwp3/?f=1&ds=9&dsmode=1&l=1",9.4000,"06/18/23 00:00:00"
8490,"CTB",,"682B","682B","682B",1,"T",1,6.5000000000000000e+01,"水泉澳邨","水泉澳邨","Shui Chuen O Estate","柴灣(東)(經沙田第一城)","柴湾(东)(经沙田第一城)","Chai Wan(East) (via City One Shatin)","https://mobile.bravobus.com.hk/nwp3/?f=1&ds=682B&dsmode=1&l=0","https://mobile.bravobus.com.hk/nwp3/?f=1&ds=682B&dsmode=1&l=2","https://mobile.bravobus.com.hk/nwp3/?f=1&ds=682B&dsmode=1&l=1",24.4000,"01/02/25 00:00:00"
8491,"KMB",,"279A","279A","279A",1,"T",1,5.5000000000000000e+01,"粉嶺(聯和墟)","粉岭(联和墟)","FANLING (LUEN WO HUI)","青衣站","青衣站","TSING YI STATION","https://search.kmb.hk/KMBWebSite/?action=routesearch&route=279A&lang=zh-hk","https://search.kmb.hk/KMBWebSite/?action=routesearch&route=279A&lang=zh-cn","https://search.kmb.hk/KMBWebSite/?action=routesearch&route=279A&lang=en",17.1000,"06/18/23 00:00:00"
8500,"KMB",,"43D","43D","43D",1,"T",1,3.0000000000000000e+01,"青衣(長宏邨)","青衣(长宏邨)","TSING YI (CHEUNG WANG ESTATE)","葵盛","葵盛","KWAI SHING","https://search.kmb.hk/KMBWebSite/?action=routesearch&route=43D&lang=zh-hk","https://search.kmb.hk/KMBWebSite/?action=routesearch&route=43D&lang=zh-cn","https://search.kmb.hk/KMBWebSite/?action=routesearch&route=43D&lang=en",5.4000,"06/18/23 00:00:00"
8501,"CTB",,"18X","18X","18X",1,"T",1,6.6000000000000000e+01,"柴灣站","柴湾站","Chai Wan Station","堅尼地城(卑路乍灣)","坚尼地城(卑路乍湾)","Kennedy Town(Belcher Bay)","https://mobile.bravobus.com.hk/nwp3/?f=1&ds=18X&dsmode=1&l=0","https://mobile.bravobus.com.hk/nwp3/?f=1&ds=18X&dsmode=1&l=2","https://mobile.bravobus.com.hk/nwp3/?f=1&ds=18X&dsmode=1&l=1",12.2000,"01/02/25 00:00:00"
8503,"KMB",,"252X","252X","252X",1,"T",1,6.9000000000000000e+01,"恒順園","恒顺园","HANDSOME COURT","藍田站","蓝田站","LAM TIN STATION","https://search.kmb.hk/KMBWebSite/?action=routesearch&route=252X&lang=zh-hk","https://search.kmb.hk/KMBWebSite/?action=routesearch&route=252X&lang=zh-cn","https://search.kmb.hk/KMBWebSite/?action=routesearch&route=252X&lang=en",18.8000,"06/10/23 00:00:00"
8504,"KMB",,"87S","87S","87S",1,"T",1,1.2000000000000000e+01,"錦英苑","锦英苑","KAM YING COURT","大學站(循環線)","大学站(循环线)","UNIVERSITY STATION(CIRCULAR)","https://search.kmb.hk/KMBWebSite/?action=routesearch&route=87S&lang=zh-hk","https://search.kmb.hk/KMBWebSite/?action=routesearch&route=87S&lang=zh-cn","https://search.kmb.hk/KMBWebSite/?action=routesearch&route=87S&lang=en",5.1000,"04/29/24 00:00:00"
8505,"KMB",,"272E","272E","272E",1,"T",1,8.1000000000000000e+01,"大埔(太和)","大埔(太和)","TAI PO (TAI WO)","旺角(柏景灣)","旺角(柏景湾)","MONG KOK (PARK AVENUE)","https://search.kmb.hk/KMBWebSite/?action=routesearch&route=272E&lang=zh-hk","https://search.kmb.hk/KMBWebSite/?action=routesearch&route=272E&lang=zh-cn","https://search.kmb.hk/KMBWebSite/?action=routesearch&route=272E&lang=en",14.9000,"12/31/24 00:00:00"
8509,"KMB",,"288B","288B","288B",1,"T",1,2.2000000000000000e+01,"水泉澳","水泉澳","SHUI CHUEN O","禾輋","禾輋","WO CHE","https://search.kmb.hk/KMBWebSite/?action=routesearch&route=8509&lang=zh-hk","https://search.kmb.hk/KMBWebSite/?action=routesearch&route=8509&lang=zh-cn","https://search.kmb.hk/KMBWebSite/?action=routesearch&route=8509&lang=en",5.1000,"08/30/24 00:00:00"
8518,"KMB",,"89S","89S","89S",1,"T",1,4.2000000000000000e+01,"水泉澳","水泉澳","SHUI CHUEN O","烏溪沙站","乌溪沙站","WU KAI SHA STATION","https://search.kmb.hk/KMBWebSite/?action=routesearch&route=89S&lang=zh-hk","https://search.kmb.hk/KMBWebSite/?action=routesearch&route=89S&lang=zh-cn","https://search.kmb.hk/KMBWebSite/?action=routesearch&route=89S&lang=en",7.4000,"12/20/24 00:00:00"
8520,"KMB",,"89P","89P","89P",1,"T",1,2.6000000000000000e+01,"恒康街","恒康街","HANG HONG STREET","藍田站","蓝田站","LAM TIN STATION","https://search.kmb.hk/KMBWebSite/?action=routesearch&route=89P&lang=zh-hk","https://search.kmb.hk/KMBWebSite/?action=routesearch&route=89P&lang=zh-cn","https://search.kmb.hk/KMBWebSite/?action=routesearch&route=89P&lang=en",10.2000,"06/10/23 00:00:00"
8521,"KMB",,"936","936","936",1,"T",1,7.6000000000000000e+01,"荃灣(石圍角)","荃湾(石围角)","TSUEN WAN (SHEK WAI KOK)","銅鑼灣(棉花路)","铜锣湾(棉花路)","CAUSEWAY BAY (COTTON PATH)","https://search.kmb.hk/KMBWebSite/?action=routesearch&route=936&lang=zh-hk","https://search.kmb.hk/KMBWebSite/?action=routesearch&route=936&lang=zh-cn","https://search.kmb.hk/KMBWebSite/?action=routesearch&route=936&lang=en",20.6000,"01/02/25 00:00:00"
8522,"KMB",,"293S","293S","293S",1,"NT",1,5.7000000000000000e+01,"坑口(銀澳路)","坑口(银澳路)","HANG HAU (NGAN O ROAD)","美孚","美孚","MEI FOO","https://search.kmb.hk/KMBWebSite/?action=routesearch&route=293S&lang=zh-hk","https://search.kmb.hk/KMBWebSite/?action=routesearch&route=293S&lang=zh-cn","https://search.kmb.hk/KMBWebSite/?action=routesearch&route=293S&lang=en",19.8000,"06/26/23 00:00:00"
8523,"KMB",,"968A","968A","968A",1,"T",1,6.8000000000000000e+01,"元朗(西)","元朗(西)","YUEN LONG (WEST)","銅鑼灣(天后)","铜锣湾(天后)","CAUSEWAY BAY (TIN HAU)","https://search.kmb.hk/KMBWebSite/?action=routesearch&route=968A&lang=zh-hk","https://search.kmb.hk/KMBWebSite/?action=routesearch&route=968A&lang=zh-cn","https://search.kmb.hk/KMBWebSite/?action=routesearch&route=968A&lang=en",27.0000,"06/18/23 00:00:00"
8534,"KMB",,"603A","603A","603A",1,"T",1,5.2000000000000000e+01,"平田","平田","PING TIN","中環街市","中环街市","CENTRAL MARKET","https://search.kmb.hk/KMBWebSite/?action=routesearch&route=603A&lang=zh-hk","https://search.kmb.hk/KMBWebSite/?action=routesearch&route=603A&lang=zh-cn","https://search.kmb.hk/KMBWebSite/?action=routesearch&route=603A&lang=en",13.9000,"01/17/25 00:00:00"
8535,"KMB+CTB",,"980A","980A","980A",1,"T",1,7.5000000000000000e+01,"碩門邨","硕门邨","SHEK MUN ESTATE","灣仔(菲林明道)","湾仔(菲林明道)","WAN CHAI (FLEMING ROAD)","https://search.kmb.hk/KMBWebSite/?action=routesearch&route=980A&lang=zh-hk","https://search.kmb.hk/KMBWebSite/?action=routesearch&route=980A&lang=zh-cn","https://search.kmb.hk/KMBWebSite/?action=routesearch&route=980A&lang=en",24.4000,"06/18/23 00:00:00"
8537,"KMB",,"38B","38B","38B",1,"T",1,5.1000000000000000e+01,"荃灣(海濱花園)","荃湾(海滨花园)","TSUEN WAN (RIVIERA GARDENS)","碩門邨","硕门邨","SHEK MUN","https://search.kmb.hk/KMBWebSite/?action=routesearch&route=38B&lang=zh-hk","https://search.kmb.hk/KMBWebSite/?action=routesearch&route=38B&lang=zh-cn","https://search.kmb.hk/KMBWebSite/?action=routesearch&route=38B&lang=en",9.3000,"06/18/23 00:00:00"
8538,"KMB",,"271S","271S","271S",1,"NT",1,6.8000000000000000e+01,"紅磡站","红磡站","HUNG HOM STATION","大埔(太和)","大埔(太和)","TAI PO (TAI WO)","https://search.kmb.hk/KMBWebSite/?action=routesearch&route=271S&lang=zh-hk","https://search.kmb.hk/KMBWebSite/?action=routesearch&route=271S&lang=zh-cn","https://search.kmb.hk/KMBWebSite/?action=routesearch&route=271S&lang=en",21.8000,"06/18/23 00:00:00"
8539,"KMB",,"X89D","X89D","X89D",1,"T",1,6.0000000000000000e+01,"泥涌","泥涌","NAI CHUNG","觀塘碼頭","观塘码头","KWUN TONG FERRY","https://search.kmb.hk/KMBWebSite/?action=routesearch&route=X89D&lang=zh-hk","https://search.kmb.hk/KMBWebSite/?action=routesearch&route=X89D&lang=zh-cn","https://search.kmb.hk/KMBWebSite/?action=routesearch&route=X89D&lang=en",12.1000,"03/22/24 00:00:00"
8540,"KMB",,"X42C","X42C","X42C",1,"T",1,4.4000000000000000e+01,"長康邨康祥樓","长康邨康祥楼","HONG CHEUNG HOUSE, CHEUNG HONG ESTATE","油塘","油塘","YAU TONG","https://search.kmb.hk/KMBWebSite/?action=routesearch&route=X42C&lang=zh-hk","https://search.kmb.hk/KMBWebSite/?action=routesearch&route=X42C&lang=zh-cn","https://search.kmb.hk/KMBWebSite/?action=routesearch&route=X42C&lang=en",12.1000,"06/18/23 00:00:00"
8551,"KMB",,"5C","5C","5C",1,"T",1,4.9000000000000000e+01,"尖沙咀碼頭","尖沙咀码头","STAR FERRY","慈雲山(中)(不停正暉樓)","慈云山(中)(不停正晖楼)","TSZ WAN SHAN (CENTRAL) (omit Ching Fai House)","https://search.kmb.hk/KMBWebSite/?action=routesearch&route=5C&lang=zh-hk","https://search.kmb.hk/KMBWebSite/?action=routesearch&route=5C&lang=zh-cn","https://search.kmb.hk/KMBWebSite/?action=routesearch&route=5C&lang=en",6.7000,"08/11/23 00:00:00"
8552,"KMB",,"263A","263A","263A",1,"T",1,6.2000000000000000e+01,"屯門站","屯门站","TUEN MUN STATION","香港科學園","香港科学园","HONG KONG SCIENCE PARK","https://search.kmb.hk/KMBWebSite/?action=routesearch&route=263A&lang=zh-hk","https://search.kmb.hk/KMBWebSite/?action=routesearch&route=263A&lang=zh-cn","https://search.kmb.hk/KMBWebSite/?action=routesearch&route=263A&lang=en",20.8000,"06/18/23 00:00:00"
8553,"KMB",,"14H","14H","14H",1,"T",1,3.7000000000000000e+01,"油塘","油塘","YAU TONG","順利(循環線)","顺利(循环线)","SHUN LEE (CIRCULAR)","https://search.kmb.hk/KMBWebSite/?action=routesearch&route=14H&lang=zh-hk","https://search.kmb.hk/KMBWebSite/?action=routesearch&route=14H&lang=zh-cn","https://search.kmb.hk/KMBWebSite/?action=routesearch&route=14H&lang=en",6.7000,"07/26/24 00:00:00"
8554,"CTB",,"952C","952C","952C",1,"T",1,8.5000000000000000e+01,"掃管笏","扫管笏","So Kwun Wat","太古(康怡廣場)","太古(康怡广场)","Taikoo (Kornhill Plaza)","https://mobile.bravobus.com.hk/nwp3/?f=1&ds=952C&dsmode=1&l=0","https://mobile.bravobus.com.hk/nwp3/?f=1&ds=952C&dsmode=1&l=2","https://mobile.bravobus.com.hk/nwp3/?f=1&ds=952C&dsmode=1&l=1",27.3000,"01/02/25 00:00:00"
8555,"CTB",,"952C","952C","952C",1,"T",1,8.8000000000000000e+01,"鰂魚涌","鰂鱼涌","Quarry Bay","掃管笏","扫管笏","So Kwun Wat","https://mobile.bravobus.com.hk/nwp3/?f=1&ds=952C&dsmode=1&l=0","https://mobile.bravobus.com.hk/nwp3/?f=1&ds=952C&dsmode=1&l=2","https://mobile.bravobus.com.hk/nwp3/?f=1&ds=952C&dsmode=1&l=1",27.3000,"01/02/25 00:00:00"
8556,"KMB",,"32H","32H","32H",1,"R",0,4.7000000000000000e+01,"象山","象山","CHEUNG SHAN","荔枝角","荔枝角","LAI CHI KOK","https://search.kmb.hk/KMBWebSite/?action=routesearch&route=32H&lang=zh-hk","https://search.kmb.hk/KMBWebSite/?action=routesearch&route=32H&lang=zh-cn","https://search.kmb.hk/KMBWebSite/?action=routesearch&route=32H&lang=en",7.4000,"06/10/23 00:00:00"
8557,"KMB",,"258A","258A","258A",1,"T",1,7.5000000000000000e+01,"洪水橋(洪福邨)","洪水桥(洪福邨)","HUNG SHUI KIU (HUNG FUK ESTATE)","藍田站","蓝田站","LAM TIN STATION","https://search.kmb.hk/KMBWebSite/?action=routesearch&route=258A&lang=zh-hk","https://search.kmb.hk/KMBWebSite/?action=routesearch&route=258A&lang=zh-cn","https://search.kmb.hk/KMBWebSite/?action=routesearch&route=258A&lang=en",18.8000,"06/10/23 00:00:00"
8558,"KMB",,"258P","258P","258P",1,"T",1,7.4000000000000000e+01,"藍田站","蓝田站","LAM TIN STATION","洪天路洪福邨","洪天路洪福邨","HUNG FUK ESTATE HUNG TIN ROAD","https://search.kmb.hk/KMBWebSite/?action=routesearch&route=258P&lang=zh-hk","https://search.kmb.hk/KMBWebSite/?action=routesearch&route=258P&lang=zh-cn","https://search.kmb.hk/KMBWebSite/?action=routesearch&route=258P&lang=en",18.8000,"06/18/23 00:00:00"
8559,"KMB",,"960C","960C","960C",1,"T",1,7.8000000000000000e+01,"屯門(富泰邨)","屯门(富泰邨)","TUEN MUN (FU TAI ESTATE)","銅鑼灣(維園)","铜锣湾(维园)","CAUSEWAY BAY (VICTORIA PARK)","https://search.kmb.hk/KMBWebSite/?action=routesearch&route=960C&lang=zh-hk","https://search.kmb.hk/KMBWebSite/?action=routesearch&route=960C&lang=zh-cn","https://search.kmb.hk/KMBWebSite/?action=routesearch&route=960C&lang=en",24.0000,"06/18/23 00:00:00"
8560,"NLB",,"11","11","11",1,"T",3,5.7000000000000000e+01,"東涌站巴士總站","东涌站巴士总站","Tung Chung Station Bus Terminus","大澳(經沙咀懲教所)","大澳(经沙咀惩教所)","Tai O (via Sha Tsui Correctional Institution)","http://www.nlb.com.hk/route?q=11","http://www.nlb.com.hk/route?q=11","http://www.nlb.com.hk/route?q=11",23.3000,"07/26/24 00:00:00"
8561,"NLB",,"11","11","11",1,"T",3,5.7000000000000000e+01,"東涌站巴士總站","东涌站巴士总站","Tung Chung Station Bus Terminus","大澳(經塘福懲教所)","大澳(经塘福惩教所)","Tai O (via Tong Fuk Correctional Institution)","http://www.nlb.com.hk/route?q=11","http://www.nlb.com.hk/route?q=11","http://www.nlb.com.hk/route?q=11",23.3000,"07/26/24 00:00:00"
8571,"NLB",,"3M","3M","3M",1,"R",2,5.0000000000000000e+01,"梅窩碼頭","梅窝码头","Mui Wo Ferry Pier","東涌站巴士總站(經北大嶼山醫院)","东涌站巴士总站(经北大屿山医院)","Tung Chung Station Bus Terminus (via North Lantau Hospital)","http://www.nlb.com.hk/route?q=3M","http://www.nlb.com.hk/route?q=3M","http://www.nlb.com.hk/route?q=3M",19.6000,"07/26/24 00:00:00"
8572,"NLB",,"3M","3M","3M",1,"T",3,2.9000000000000000e+01,"貝澳(老圍村)","贝澳(老围村)","Pui O (Lo Wai Tsuen)","東涌站巴士總站","东涌站巴士总站","Tung Chung Station Bus Terminus","http://www.nlb.com.hk/route?q=3M","http://www.nlb.com.hk/route?q=3M","http://www.nlb.com.hk/route?q=3M",16.9000,"12/23/24 00:00:00"
8573,"NLB",,"4","4","4",1,"T",1,2.8000000000000000e+01,"塘福","塘福","Tong Fuk","梅窩碼頭(經梅窩舊墟)","梅窝码头(经梅窝旧墟)","Mui Wo Ferry Pier (via Mui Wo Old Town)","http://www.nlb.com.hk/route?q=4","http://www.nlb.com.hk/route?q=4","http://www.nlb.com.hk/route?q=4",6.7000,"06/18/23 00:00:00"
8574,"NLB",,"A35","A35","A35",1,"T",3,8.1000000000000000e+01,"梅窩碼頭","梅窝码头","Mui Wo Ferry Pier","大橋香港口岸(經梅窩舊墟)","大桥香港口岸(经梅窝旧墟)","HZMB Hong Kong Port (via Mui Wo Old Town)","http://www.nlb.com.hk/route?q=A35","http://www.nlb.com.hk/route?q=A35","http://www.nlb.com.hk/route?q=A35",32.4000,"12/15/23 00:00:00"
8575,"NLB",,"A35","A35","A35",1,"NT",3,8.2000000000000000e+01,"梅窩碼頭","梅窝码头","Mui Wo Ferry Pier","大橋香港口岸(經東涌市中心)","大桥香港口岸(经东涌市中心)","HZMB Hong Kong Port (via Tung Chung Town Centre)","http://www.nlb.com.hk/route?q=A35","http://www.nlb.com.hk/route?q=A35","http://www.nlb.com.hk/route?q=A35",32.4000,"12/15/23 00:00:00"
8576,"CTB",,"20","20","20",1,"R",0,3.9000000000000000e+01,"啟德(沐安街)","启德(沐安街)","Kai Tak (Muk Ning Street)","長沙灣(海達)","长沙湾(海达)","Cheung Sha Wan (Hoi Tat)","https://mobile.bravobus.com.hk/nwp3/?f=1&ds=20&dsmode=1&l=0","https://mobile.bravobus.com.hk/nwp3/?f=1&ds=20&dsmode=1&l=2","https://mobile.bravobus.com.hk/nwp3/?f=1&ds=20&dsmode=1&l=1",6.4000,"01/02/25 00:00:00"
8578,"KMB",,"268P","268P","268P",1,"T",1,8.0000000000000000e+01,"觀塘碼頭","观塘码头","KWUN TONG FERRY","朗屏站","朗屏站","LONG PING STATION","https://search.kmb.hk/KMBWebSite/?action=routesearch&route=268P&lang=zh-hk","https://search.kmb.hk/KMBWebSite/?action=routesearch&route=268P&lang=zh-cn","https://search.kmb.hk/KMBWebSite/?action=routesearch&route=268P&lang=en",20.8000,"06/18/23 00:00:00"
8585,"CTB",,"6","6","6",1,"NT",1,5.2000000000000000e+01,"赤柱監獄","赤柱监狱","Stanley Prison","中環(交易廣場)(經舂磡角及馬坑)","中环(交易广场)(经舂磡角及马坑)","Central (Exchange Square) (via Chung Hom Kok & Ma Hang)","https://mobile.bravobus.com.hk/nwp3/?f=1&ds=6&dsmode=1&l=0","https://mobile.bravobus.com.hk/nwp3/?f=1&ds=6&dsmode=1&l=2","https://mobile.bravobus.com.hk/nwp3/?f=1&ds=6&dsmode=1&l=1",11.4000,"01/02/25 00:00:00"
8586,"CTB",,"6X","6X","6X",1,"T",1,6.1000000000000000e+01,"赤柱監獄","赤柱监狱","Stanley Prison","中環(交易廣場)","中环(交易广场)","Central (Exchange Square)","https://mobile.bravobus.com.hk/nwp3/?f=1&ds=6X&dsmode=1&l=0","https://mobile.bravobus.com.hk/nwp3/?f=1&ds=6X&dsmode=1&l=2","https://mobile.bravobus.com.hk/nwp3/?f=1&ds=6X&dsmode=1&l=1",11.7000,"01/02/25 00:00:00"
8587,"CTB",,"73","73","73",1,"NT",1,5.3000000000000000e+01,"華富(北)","华富(北)","Wah Fu (North)","赤柱市場","赤柱市场","Stanley Market","https://mobile.bravobus.com.hk/nwp3/?f=1&ds=73&dsmode=1&l=0","https://mobile.bravobus.com.hk/nwp3/?f=1&ds=73&dsmode=1&l=2","https://mobile.bravobus.com.hk/nwp3/?f=1&ds=73&dsmode=1&l=1",8.0000,"01/02/25 00:00:00"
8588,"CTB",,"73","73","73",1,"T",1,4.3000000000000000e+01,"赤柱監獄","赤柱监狱","Stanley Prison","華富(北)","华富(北)","Wah Fu (North)","https://mobile.bravobus.com.hk/nwp3/?f=1&ds=73&dsmode=1&l=0","https://mobile.bravobus.com.hk/nwp3/?f=1&ds=73&dsmode=1&l=2","https://mobile.bravobus.com.hk/nwp3/?f=1&ds=73&dsmode=1&l=1",8.0000,"01/02/25 00:00:00"
8589,"CTB",,"73","73","73",1,"T",1,4.6000000000000000e+01,"赤柱監獄","赤柱监狱","Stanley Prison","數碼港","数码港","Cyberport","https://mobile.bravobus.com.hk/nwp3/?f=1&ds=73&dsmode=1&l=0","https://mobile.bravobus.com.hk/nwp3/?f=1&ds=73&dsmode=1&l=2","https://mobile.bravobus.com.hk/nwp3/?f=1&ds=73&dsmode=1&l=1",8.0000,"06/10/23 00:00:00"
8590,"CTB",,"260","260","260",1,"T",1,4.7000000000000000e+01,"赤柱監獄","赤柱监狱","Stanley Prison","中環(交易廣場)","中环(交易广场)","Central (Exchange Square)","https://mobile.bravobus.com.hk/nwp3/?f=1&ds=260&dsmode=1&l=0","https://mobile.bravobus.com.hk/nwp3/?f=1&ds=260&dsmode=1&l=2","https://mobile.bravobus.com.hk/nwp3/?f=1&ds=260&dsmode=1&l=1",15.1000,"01/02/25 00:00:00"
8600,"CTB",,"NA20","NA20","NA20",1,"NT",1,8.2000000000000000e+01,"黃埔花園","黄埔花园","Whampoa Garden","港珠澳大橋香港口岸","港珠澳大桥香港口岸","HZMB Hong Kong Port","https://mobile.bravobus.com.hk/nwp3/?f=1&ds=NA20&dsmode=1&l=0","https://mobile.bravobus.com.hk/nwp3/?f=1&ds=NA20&dsmode=1&l=2","https://mobile.bravobus.com.hk/nwp3/?f=1&ds=NA20&dsmode=1&l=1",39.3000,"04/19/24 00:00:00"
8601,"CTB",,"15","15","15",1,"T",1,4.5000000000000000e+01,"中環(中環渡輪碼頭)","中环(中环渡轮码头)","Central (Central Ferry Piers)","山頂(不經文輝道)","山顶(不经文辉道)","The Peak (omit Mansfield Road)","https://mobile.bravobus.com.hk/nwp3/?f=1&ds=15&dsmode=1&l=0","https://mobile.bravobus.com.hk/nwp3/?f=1&ds=15&dsmode=1&l=2","https://mobile.bravobus.com.hk/nwp3/?f=1&ds=15&dsmode=1&l=1",13.0000,"01/02/25 00:00:00"
8602,"CTB",,"15","15","15",1,"T",1,4.5000000000000000e+01,"中環(交易廣場)","中环(交易广场)","Central (Exchange Square)","山頂(不經文輝道)","山顶(不经文辉道)","The Peak (omit Mansfield Road)","https://mobile.bravobus.com.hk/nwp3/?f=1&ds=15&dsmode=1&l=0","https://mobile.bravobus.com.hk/nwp3/?f=1&ds=15&dsmode=1&l=2","https://mobile.bravobus.com.hk/nwp3/?f=1&ds=15&dsmode=1&l=1",13.0000,"01/02/25 00:00:00"
8603,"KMB+CTB",,"606X","606X","606X",1,"T",1,4.5000000000000000e+01,"啟業","启业","KAI YIP","小西灣(藍灣半島)(傍晚班次)","小西湾(蓝湾半岛)(傍晚班次)","SIU SAI WAN (ISLAND RESORT) (Evening departures)","https://search.kmb.hk/KMBWebSite/?action=routesearch&route=606X&lang=zh-hk","https://search.kmb.hk/KMBWebSite/?action=routesearch&route=606X&lang=zh-cn","https://search.kmb.hk/KMBWebSite/?action=routesearch&route=606X&lang=en",14.4000,"06/18/23 00:00:00"
8605,"KMB",,"211A","211A","211A",1,"T",1,8.0000000000000000e+00,"樂富","乐富","LOK FU","翠竹花園(循環線)","翠竹花园(循环线)","TSUI CHUK GARDEN (CIRCULAR)","https://search.kmb.hk/KMBWebSite/?action=routesearch&route=211A&lang=zh-hk","https://search.kmb.hk/KMBWebSite/?action=routesearch&route=211A&lang=zh-cn","https://search.kmb.hk/KMBWebSite/?action=routesearch&route=211A&lang=en",4.6000,"06/18/23 00:00:00"
8612,"KMB",,"59M","59M","59M",1,"T",1,2.6000000000000000e+01,"新屯門中心","新屯门中心","SUN TUEN MUN CENTRE","荃灣站","荃湾站","TSUEN WAN STATION","https://search.kmb.hk/KMBWebSite/?action=routesearch&route=59M&lang=zh-hk","https://search.kmb.hk/KMBWebSite/?action=routesearch&route=59M&lang=zh-cn","https://search.kmb.hk/KMBWebSite/?action=routesearch&route=59M&lang=en",9.6000,"01/02/25 00:00:00"
8613,"KMB",,"59M","59M","59M",1,"T",1,3.2000000000000000e+01,"悅湖山莊","悦湖山庄","YUET WU VILLA","荃灣站","荃湾站","TSUEN WAN STATION","https://search.kmb.hk/KMBWebSite/?action=routesearch&route=59M&lang=zh-hk","https://search.kmb.hk/KMBWebSite/?action=routesearch&route=59M&lang=zh-cn","https://search.kmb.hk/KMBWebSite/?action=routesearch&route=59M&lang=en",9.6000,"06/14/24 00:00:00"
8614,"KMB",,"59X","59X","59X",1,"T",1,5.7000000000000000e+01,"新屯門中心","新屯门中心","SUN TUEN MUN CENTRE","旺角東站","旺角东站","MONG KOK EAST STATION","https://search.kmb.hk/KMBWebSite/?action=routesearch&route=59X&lang=zh-hk","https://search.kmb.hk/KMBWebSite/?action=routesearch&route=59X&lang=zh-cn","https://search.kmb.hk/KMBWebSite/?action=routesearch&route=59X&lang=en",14.6000,"06/10/23 00:00:00"
8615,"KMB",,"59X","59X","59X",1,"T",1,4.9000000000000000e+01,"屯門(龍門居)","屯门(龙门居)","TUEN MUN (LUNG MUN OASIS)","旺角東站","旺角东站","MONG KOK EAST STATION","https://search.kmb.hk/KMBWebSite/?action=routesearch&route=59X&lang=zh-hk","https://search.kmb.hk/KMBWebSite/?action=routesearch&route=59X&lang=zh-cn","https://search.kmb.hk/KMBWebSite/?action=routesearch&route=59X&lang=en",14.6000,"07/19/24 00:00:00"
8616,"KMB",,"78K","78K","78K",1,"T",1,3.9000000000000000e+01,"上水","上水","SHEUNG SHUI","沙頭角(不經太平邨)","沙头角(不经太平邨)","SHA TAU KOK (OMIT TAI PING ESTATE)","https://search.kmb.hk/KMBWebSite/?action=routesearch&route=78K&lang=zh-hk","https://search.kmb.hk/KMBWebSite/?action=routesearch&route=78K&lang=zh-cn","https://search.kmb.hk/KMBWebSite/?action=routesearch&route=78K&lang=en",8.6000,"02/16/24 00:00:00"
8617,"KMB",,"269B","269B","269B",1,"T",1,6.9000000000000000e+01,"天恩邨","天恩邨","TIN YAN ESTATE","紅磡(紅鸞道)","红磡(红鸾道)","HUNG HOM (HUNG LUEN ROAD)","https://search.kmb.hk/KMBWebSite/?action=routesearch&route=269B&lang=zh-hk","https://search.kmb.hk/KMBWebSite/?action=routesearch&route=269B&lang=zh-cn","https://search.kmb.hk/KMBWebSite/?action=routesearch&route=269B&lang=en",20.8000,"01/02/25 00:00:00"
8628,"KMB",,"274","274","274",1,"T",1,6.0000000000000000e+01,"上水(太平)","上水(太平)","SHEUNG SHUI (TAI PING)","烏溪沙站","乌溪沙站","WU KAI SHA STATION","https://search.kmb.hk/KMBWebSite/?action=routesearch&route=274&lang=zh-hk","https://search.kmb.hk/KMBWebSite/?action=routesearch&route=274&lang=zh-cn","https://search.kmb.hk/KMBWebSite/?action=routesearch&route=274&lang=en",14.9000,"01/02/25 00:00:00"
8629,"CTB",,"77A","77A","77A",1,"T",1,4.1000000000000000e+01,"筲箕灣","筲箕湾","Shau Kei Wan","田灣邨","田湾邨","Tin Wan Estate","https://mobile.bravobus.com.hk/nwp3/?f=1&ds=77a&dsmode=1&l=0","https://mobile.bravobus.com.hk/nwp3/?f=1&ds=77a&dsmode=1&l=2","https://mobile.bravobus.com.hk/nwp3/?f=1&ds=77a&dsmode=1&l=1",9.7000,"01/02/25 00:00:00"
8631,"KMB+CTB",,"102P","102P","102P",1,"T",1,2.9000000000000000e+01,"紅磡(海底隧道收費廣場)","红磡(海底隧道收费广场)","Hung Hom (Cross Harbour Tunnel Toll Plaza)","筲箕灣","筲箕湾","Shau Kei Wan","https://search.kmb.hk/KMBWebSite/?action=routesearch&route=102P&lang=zh-hk","https://search.kmb.hk/KMBWebSite/?action=routesearch&route=102P&lang=zh-cn","https://search.kmb.hk/KMBWebSite/?action=routesearch&route=102P&lang=en",12.2000,"06/18/23 00:00:00"
8633,"NLB",,"B4","B4","B4",1,"R",0,1.0000000000000000e+01,"大橋香港口岸","大桥香港口岸","HZMB Hong Kong Port","機場 (客運大樓) (循環線)","机场 (客运大楼) (循环线)","Airport (Passenger Terminal Building) (Circular)","http://www.nlb.com.hk/route?q=B4","http://www.nlb.com.hk/route?q=B4","http://www.nlb.com.hk/route?q=B4",9.8000,"11/21/23 00:00:00"
8634,"CTB",,"B5","B5","B5",1,"T",1,2.5000000000000000e+01,"港珠澳大橋香港口岸","港珠澳大桥香港口岸","Hong Kong-Zhuhai-Macao Bridge Hong Kong Port","欣澳站","欣澳站","Sunny Bay Station","https://mobile.bravobus.com.hk/nwp3/?f=1&ds=B5&dsmode=1&l=0","https://mobile.bravobus.com.hk/nwp3/?f=1&ds=B5&dsmode=1&l=2","https://mobile.bravobus.com.hk/nwp3/?f=1&ds=B5&dsmode=1&l=1",6.1000,"06/10/23 00:00:00"
8635,"NLB",,"B6","B6","B6",1,"R",0,2.3000000000000000e+01,"滿東邨","满东邨","Mun Tung Estate","大橋香港口岸","大桥香港口岸","HZMB Hong Kong Port","http://www.nlb.com.hk/route?q=B6","http://www.nlb.com.hk/route?q=B6","http://www.nlb.com.hk/route?q=B6",9.8000,"11/22/24 00:00:00"
8642,"KMB",,"26X","26X","26X",1,"T",1,4.6000000000000000e+01,"尖沙咀東","尖沙咀东","TSIM SHA TSUI EAST","順天","顺天","SHUN TIN","https://search.kmb.hk/KMBWebSite/?action=routesearch&route=26X&lang=zh-hk","https://search.kmb.hk/KMBWebSite/?action=routesearch&route=26X&lang=zh-cn","https://search.kmb.hk/KMBWebSite/?action=routesearch&route=26X&lang=en",8.6000,"06/18/23 00:00:00"
8643,"KMB",,"213X","213X","213X",1,"T",1,4.8000000000000000e+01,"安泰(南)(恒泰樓)","安泰(南)(恒泰楼)","ON TAI (SOUTH) (HANG TAI HOUSE)","尖沙咀(循環線)(經觀塘繞道)","尖沙咀(循环线)(经观塘绕道)","TSIM SHA TSUI (CIRCULAR) (via Kwun Tong By-pass)","https://search.kmb.hk/KMBWebSite/?action=routesearch&route=213X&lang=zh-hk","https://search.kmb.hk/KMBWebSite/?action=routesearch&route=213X&lang=zh-cn","https://search.kmb.hk/KMBWebSite/?action=routesearch&route=213X&lang=en",9.8000,"06/10/23 00:00:00"
8644,"KMB+CTB",,"982X","982X","982X",1,"T",1,5.9000000000000000e+01,"金鐘站(東)","金钟站(东)","ADMIRALTY STATION (EAST)","愉翠苑","愉翠苑","YU CHUI COURT","https://search.kmb.hk/KMBWebSite/?action=routesearch&route=982X&lang=zh-hk","https://search.kmb.hk/KMBWebSite/?action=routesearch&route=982X&lang=zh-cn","https://search.kmb.hk/KMBWebSite/?action=routesearch&route=982X&lang=en",20.8000,"06/18/23 00:00:00"
8645,"NLB",,"39M","39M","39M",1,"R",0,9.0000000000000000e+00,"東涌站巴士總站","东涌站巴士总站","Tung Chung Station Bus Terminus","滿東邨 (循環線)","满东邨 (循环线)","Mun Tung Estate (Circular)","http://www.nlb.com.hk/route?q=39M","http://www.nlb.com.hk/route?q=39M","http://www.nlb.com.hk/route?q=39M",3.9000,"06/10/23 00:00:00"
8649,"LWB",,"E33P","E33P","E33P",1,"NT",1,6.3000000000000000e+01,"寶怡花園","宝怡花园","BLOSSOM GARDEN","機場(地面運輸中心)","机场(地面运输中心)","AIRPORT (GROUND TRANSPORTATION CENTRE)","https://search.kmb.hk/KMBWebSite/?action=routesearch&route=E33P&lang=zh-hk","https://search.kmb.hk/KMBWebSite/?action=routesearch&route=E33P&lang=zh-cn","https://search.kmb.hk/KMBWebSite/?action=routesearch&route=E33P&lang=en",12.4000,"06/15/23 00:00:00"
8650,"LWB",,"S64C","S64C","S64C",1,"T",1,1.9000000000000000e+01,"超級一號貨站","超级一号货站","SUPER TERMINAL ONE","東涌(逸東)","东涌(逸东)","TUNG CHUNG (YAT TUNG)","https://search.kmb.hk/KMBWebSite/?action=routesearch&route=S64C&lang=zh-hk","https://search.kmb.hk/KMBWebSite/?action=routesearch&route=S64C&lang=zh-cn","https://search.kmb.hk/KMBWebSite/?action=routesearch&route=S64C&lang=en",3.3000,"06/18/23 00:00:00"
8661,"KMB+CTB",,"101","101","101",1,"T",1,4.8000000000000000e+01,"木廠街","木厂街","Mok Cheong Street","堅尼地城","坚尼地城","Kennedy Town","https://search.kmb.hk/KMBWebSite/?action=routesearch&route=101&lang=zh-hk","https://search.kmb.hk/KMBWebSite/?action=routesearch&route=101&lang=zh-cn","https://search.kmb.hk/KMBWebSite/?action=routesearch&route=101&lang=en",12.2000,"06/18/23 00:00:00"
8663,"KMB+CTB",,"101","101","101",1,"T",1,4.5000000000000000e+01,"中環(德輔道中)","中环(德辅道中)","Central (Des Voeux Road Central)","觀塘(裕民坊)","观塘(裕民坊)","Kwun Tong (Yue Man Square)","https://search.kmb.hk/KMBWebSite/?action=routesearch&route=101&lang=zh-hk","https://search.kmb.hk/KMBWebSite/?action=routesearch&route=101&lang=zh-cn","https://search.kmb.hk/KMBWebSite/?action=routesearch&route=101&lang=en",12.2000,"08/02/23 00:00:00"
8667,"CTB",,"930","930","930",1,"R",0,5.8000000000000000e+01,"荃灣西站","荃湾西站","Tsuen Wan West Station","會展站","会展站","Exhibition Centre Station","https://mobile.bravobus.com.hk/nwp3/?f=1&ds=930&dsmode=1&l=0","https://mobile.bravobus.com.hk/nwp3/?f=1&ds=930&dsmode=1&l=2","https://mobile.bravobus.com.hk/nwp3/?f=1&ds=930&dsmode=1&l=1",20.8000,"08/11/23 00:00:00"
8668,"KMB",,"73B","73B","73B",1,"T",1,4.9000000000000000e+01,"全安路(那打素醫院)","全安路(那打素医院)","CHUEN ON ROAD (NETHERSOLE HOSPITAL)","上水(循環線)","上水(循环线)","SHEUNG SHUI (CIRCULAR)","https://search.kmb.hk/KMBWebSite/?action=routesearch&route=73B&lang=zh-hk","https://search.kmb.hk/KMBWebSite/?action=routesearch&route=73B&lang=zh-cn","https://search.kmb.hk/KMBWebSite/?action=routesearch&route=73B&lang=en",9.6000,"06/10/23 00:00:00"
8669,"KMB",,"270B","270B","270B",1,"R",0,8.3000000000000000e+01,"上水","上水","SHEUNG SHUI","奧運站","奥运站","OLYMPIC STATION","https://search.kmb.hk/KMBWebSite/?action=routesearch&route=270B&lang=zh-hk","https://search.kmb.hk/KMBWebSite/?action=routesearch&route=270B&lang=zh-cn","https://search.kmb.hk/KMBWebSite/?action=routesearch&route=270B&lang=en",16.9000,"01/02/25 00:00:00"
8563,"NLB",,"11","11","11",1,"T",3,3.8000000000000000e+01,"水口","水口","Shui Hau","東涌站巴士總站(上課日服務)","东涌站巴士总站(上课日服务)","Tung Chung Station Bus Terminus (school day service)","http://www.nlb.com.hk/route?q=11","http://www.nlb.com.hk/route?q=11","http://www.nlb.com.hk/route?q=11",7.1000,"12/23/24 00:00:00"
8564,"NLB",,"11","11","11",1,"T",1,3.8000000000000000e+01,"水口","水口","Shui Hau","東涌站巴士總站","东涌站巴士总站","Tung Chung Station Bus Terminus","http://www.nlb.com.hk/route?q=11","http://www.nlb.com.hk/route?q=11","http://www.nlb.com.hk/route?q=11",7.1000,"06/18/23 00:00:00"
8566,"NLB",,"11","11","11",1,"R",2,6.1000000000000000e+01,"東涌站巴士總站","东涌站巴士总站","Tung Chung Station Bus Terminus","大澳(經北大嶼山醫院)","大澳(经北大屿山医院)","Tai O (via North Lantau Hospital)","http://www.nlb.com.hk/route?q=11","http://www.nlb.com.hk/route?q=11","http://www.nlb.com.hk/route?q=11",23.3000,"07/26/24 00:00:00"
8567,"NLB",,"1","1","1",1,"T",3,4.8000000000000000e+01,"梅窩碼頭","梅窝码头","Mui Wo Ferry Pier","大澳(經沙咀懲教所)","大澳(经沙咀惩教所)","Tai O (via Sha Tsui Correctional Institution)","http://www.nlb.com.hk/route?q=1","http://www.nlb.com.hk/route?q=1","http://www.nlb.com.hk/route?q=1",21.4000,"12/24/24 00:00:00"
8568,"NLB",,"1","1","1",1,"R",2,4.8000000000000000e+01,"梅窩碼頭","梅窝码头","Mui Wo Ferry Pier","大澳(經梅窩舊墟)","大澳(经梅窝旧墟)","Tai O (via Mui Wo Old Town)","http://www.nlb.com.hk/route?q=1","http://www.nlb.com.hk/route?q=1","http://www.nlb.com.hk/route?q=1",21.4000,"06/18/23 00:00:00"
8569,"NLB",,"1","1","1",1,"T",3,5.1000000000000000e+01,"梅窩碼頭","梅窝码头","Mui Wo Ferry Pier","大澳(經沙咀懲教所及梅窩舊墟)","大澳(经沙咀惩教所及梅窝旧墟)","Tai O (via Sha Tsui Correctional Institution and Mui Wo Old Town)","http://www.nlb.com.hk/route?q=1","http://www.nlb.com.hk/route?q=1","http://www.nlb.com.hk/route?q=1",21.4000,"12/24/24 00:00:00"
8570,"NLB",,"1","1","1",1,"T",3,4.8000000000000000e+01,"梅窩碼頭","梅窝码头","Mui Wo Ferry Pier","大澳(經塘福懲教所)","大澳(经塘福惩教所)","Tai O (via Tong Fuk Correctional Institution)","http://www.nlb.com.hk/route?q=1","http://www.nlb.com.hk/route?q=1","http://www.nlb.com.hk/route?q=1",21.4000,"06/11/23 00:00:00"
8579,"KMB",,"3X","3X","3X",1,"T",1,4.9000000000000000e+01,"慈雲山(北)","慈云山(北)","TSZ WAN SHAN (NORTH)","中港碼頭","中港码头","CHINA FERRY TERMINAL","https://search.kmb.hk/KMBWebSite/?action=routesearch&route=3X&lang=zh-hk","https://search.kmb.hk/KMBWebSite/?action=routesearch&route=3X&lang=zh-cn","https://search.kmb.hk/KMBWebSite/?action=routesearch&route=3X&lang=en",7.8000,"06/18/23 00:00:00"
8580,"CTB",,"4","4","4",1,"T",1,3.5000000000000000e+01,"中環","中环","Central","華富(南)","华富(南)","Wah Fu (South)","https://mobile.bravobus.com.hk/nwp3/?f=1&ds=4&dsmode=1&l=0","https://mobile.bravobus.com.hk/nwp3/?f=1&ds=4&dsmode=1&l=2","https://mobile.bravobus.com.hk/nwp3/?f=1&ds=4&dsmode=1&l=1",7.7000,"06/10/23 00:00:00"
8581,"CTB",,"4","4","4",1,"T",1,3.8000000000000000e+01,"中環","中环","Central","黃竹坑(星期日及假期班次)","黄竹坑(星期日及假期班次)","Wong Chuk Hang (Sundays and Public Holidays Departures)","https://mobile.bravobus.com.hk/nwp3/?f=1&ds=4&dsmode=1&l=0","https://mobile.bravobus.com.hk/nwp3/?f=1&ds=4&dsmode=1&l=2","https://mobile.bravobus.com.hk/nwp3/?f=1&ds=4&dsmode=1&l=1",7.7000,"06/10/23 00:00:00"
8582,"CTB",,"30X","30X","30X",1,"T",1,3.0000000000000000e+01,"中環(交易廣場)","中环(交易广场)","Central (Exchange Square)","數碼港","数码港","Cyberport","https://mobile.bravobus.com.hk/nwp3/?f=1&ds=30X&dsmode=1&l=0","https://mobile.bravobus.com.hk/nwp3/?f=1&ds=30X&dsmode=1&l=2","https://mobile.bravobus.com.hk/nwp3/?f=1&ds=30X&dsmode=1&l=1",8.8000,"06/10/23 00:00:00"
8583,"CTB",,"6","6","6",1,"T",1,5.6000000000000000e+01,"赤柱監獄","赤柱监狱","Stanley Prison","中環(交易廣場)(經馬坑)","中环(交易广场)(经马坑)","Central (Exchange Square) (via Ma Hang)","https://mobile.bravobus.com.hk/nwp3/?f=1&ds=6&dsmode=1&l=0","https://mobile.bravobus.com.hk/nwp3/?f=1&ds=6&dsmode=1&l=2","https://mobile.bravobus.com.hk/nwp3/?f=1&ds=6&dsmode=1&l=1",11.4000,"01/02/25 00:00:00"
8584,"CTB",,"6","6","6",1,"T",1,5.2000000000000000e+01,"赤柱監獄","赤柱监狱","Stanley Prison","中環(交易廣場)(不經馬坑)","中环(交易广场)(不经马坑)","Central (Exchange Square) (omit Ma Hang)","https://mobile.bravobus.com.hk/nwp3/?f=1&ds=6&dsmode=1&l=0","https://mobile.bravobus.com.hk/nwp3/?f=1&ds=6&dsmode=1&l=2","https://mobile.bravobus.com.hk/nwp3/?f=1&ds=6&dsmode=1&l=1",11.4000,"01/02/25 00:00:00"
8591,"KMB+CTB",,"118","118","118",1,"T",1,4.3000000000000000e+01,"旺角(奶路臣街)","旺角(奶路臣街)","MONG KOK (NELSON ST)","小西灣(藍灣半島)","小西湾(蓝湾半岛)","SIU SAI WAN (ISLAND RESORT)","https://search.kmb.hk/KMBWebSite/?action=routesearch&route=118&lang=zh-hk","https://search.kmb.hk/KMBWebSite/?action=routesearch&route=118&lang=zh-cn","https://search.kmb.hk/KMBWebSite/?action=routesearch&route=118&lang=en",12.9000,"06/18/23 00:00:00"
8593,"CTB",,"22","22","22",1,"R",0,2.9000000000000000e+01,"啟德郵輪碼頭","启德邮轮码头","Kai Tak Cruise Terminal","九龍塘(又一城)","九龙塘(又一城)","Kowloon Tong (Festival Walk)","https://mobile.bravobus.com.hk/nwp3/?f=1&ds=22&dsmode=1&l=0","https://mobile.bravobus.com.hk/nwp3/?f=1&ds=22&dsmode=1&l=2","https://mobile.bravobus.com.hk/nwp3/?f=1&ds=22&dsmode=1&l=1",6.4000,"01/02/25 00:00:00"
8594,"CTB",,"63","63","63",1,"T",1,5.5000000000000000e+01,"赤柱監獄","赤柱监狱","Stanley Prison","北角碼頭","北角码头","North Point Ferry Pier","https://mobile.bravobus.com.hk/nwp3/?f=1&ds=63&dsmode=1&l=0","https://mobile.bravobus.com.hk/nwp3/?f=1&ds=63&dsmode=1&l=2","https://mobile.bravobus.com.hk/nwp3/?f=1&ds=63&dsmode=1&l=1",12.1000,"06/18/23 00:00:00"
8595,"KMB",,"252","252","252",1,"R",0,1.5000000000000000e+01,"屯門公路轉車站","屯门公路转车站","TUEN MUN ROAD INTERCHANGE","掃管笏(循環線)","扫管笏(循环线)","SO KWUN WAT (CIRCULAR)","https://search.kmb.hk/KMBWebSite/?action=routesearch&route=252&lang=zh-hk","https://search.kmb.hk/KMBWebSite/?action=routesearch&route=252&lang=zh-cn","https://search.kmb.hk/KMBWebSite/?action=routesearch&route=252&lang=en",6.0000,"01/02/25 00:00:00"
8597,"CTB",,"788","788","788",1,"T",1,5.4000000000000000e+01,"中環(港澳碼頭)","中环(港澳码头)","Central (Macau Ferry)","小西灣(藍灣半島)(不經灣仔碼頭)","小西湾(蓝湾半岛)(不经湾仔码头)","Siu Sai Wan (Island Resort) (omit Wan Chai Ferry)","https://mobile.bravobus.com.hk/nwp3/?f=1&ds=788&dsmode=1&l=0","https://mobile.bravobus.com.hk/nwp3/?f=1&ds=788&dsmode=1&l=2","https://mobile.bravobus.com.hk/nwp3/?f=1&ds=788&dsmode=1&l=1",8.7000,"01/02/25 00:00:00"
8606,"CTB",,"X970","X970","X970",1,"T",1,6.2000000000000000e+01,"海怡半島","海怡半岛","South Horizons","長沙灣 (甘泉街)","长沙湾 (甘泉街)","Cheung Sha Wan (Kom Tsun Street)","https://mobile.bravobus.com.hk/nwp3/?f=1&ds=X970&dsmode=1&l=0","https://mobile.bravobus.com.hk/nwp3/?f=1&ds=X970&dsmode=1&l=2","https://mobile.bravobus.com.hk/nwp3/?f=1&ds=X970&dsmode=1&l=1",17.7000,"06/10/23 00:00:00"
8607,"KMB",,"N290","N290","N290",1,"NT",1,9.9000000000000000e+01,"荃灣西站","荃湾西站","TSUEN WAN WEST STATION","康城站","康城站","LOHAS PARK STATION","https://search.kmb.hk/KMBWebSite/?action=routesearch&route=N290&lang=zh-hk","https://search.kmb.hk/KMBWebSite/?action=routesearch&route=N290&lang=zh-cn","https://search.kmb.hk/KMBWebSite/?action=routesearch&route=N290&lang=en",21.0000,"06/18/23 00:00:00"
8608,"KMB",,"261P","261P","261P",1,"T",1,4.9000000000000000e+01,"上水(天平)","上水(天平)","SHEUNG SHUI (TIN PING)","屯門(兆康苑)","屯门(兆康苑)","TUEN MUN (SIU HONG COURT)","https://search.kmb.hk/KMBWebSite/?action=routesearch&route=261P&lang=zh-hk","https://search.kmb.hk/KMBWebSite/?action=routesearch&route=261P&lang=zh-cn","https://search.kmb.hk/KMBWebSite/?action=routesearch&route=261P&lang=en",15.4000,"06/18/23 00:00:00"
8609,"CTB",,"26","26","26",1,"T",1,4.0000000000000000e+01,"勵德邨","励德邨","Lai Tak Tsuen","荷李活道(循環線)(不經遮打道)","荷李活道(循环线)(不经遮打道)","Hollywood Road (Circular) (omit Chater Road)","https://mobile.bravobus.com.hk/nwp3/?f=1&ds=26&dsmode=1&l=0","https://mobile.bravobus.com.hk/nwp3/?f=1&ds=26&dsmode=1&l=2","https://mobile.bravobus.com.hk/nwp3/?f=1&ds=26&dsmode=1&l=1",6.8000,"01/02/25 00:00:00"
8610,"KMB",,"58M","58M","58M",1,"T",1,4.5000000000000000e+01,"屯門(建生邨)","屯门(建生邨)","TUEN MUN (KIN SANG ESTATE)","葵芳站","葵芳站","KWAI FONG STATION","https://search.kmb.hk/KMBWebSite/?action=routesearch&route=58M&lang=zh-hk","https://search.kmb.hk/KMBWebSite/?action=routesearch&route=58M&lang=zh-cn","https://search.kmb.hk/KMBWebSite/?action=routesearch&route=58M&lang=en",10.8000,"01/02/25 00:00:00"
8611,"KMB",,"58M","58M","58M",1,"T",1,4.7000000000000000e+01,"屯門(寶田邨)","屯门(宝田邨)","TUEN MUN (PO TIN ESTATE)","葵芳站","葵芳站","KWAI FONG STATION","https://search.kmb.hk/KMBWebSite/?action=routesearch&route=58M&lang=zh-hk","https://search.kmb.hk/KMBWebSite/?action=routesearch&route=58M&lang=zh-cn","https://search.kmb.hk/KMBWebSite/?action=routesearch&route=58M&lang=en",10.8000,"01/02/25 00:00:00"
8618,"KMB",,"260X","260X","260X",1,"T",1,6.0000000000000000e+01,"屯門(大興邨)","屯门(大兴邨)","TUEN MUN (TAI HING ESTATE)","紅磡站","红磡站","HUNG HOM STATION","https://search.kmb.hk/KMBWebSite/?action=routesearch&route=260X&lang=zh-hk","https://search.kmb.hk/KMBWebSite/?action=routesearch&route=260X&lang=zh-cn","https://search.kmb.hk/KMBWebSite/?action=routesearch&route=260X&lang=en",17.2000,"06/18/23 00:00:00"
8619,"KMB",,"69X","69X","69X",1,"T",1,7.6000000000000000e+01,"天耀","天耀","TIN YIU","佐敦(西九龍站)","佐敦(西九龙站)","JORDAN (WEST KOWLOON STATION)","https://search.kmb.hk/KMBWebSite/?action=routesearch&route=69X&lang=zh-hk","https://search.kmb.hk/KMBWebSite/?action=routesearch&route=69X&lang=zh-cn","https://search.kmb.hk/KMBWebSite/?action=routesearch&route=69X&lang=en",17.2000,"01/02/25 00:00:00"
8623,"CTB",,"2A","2A","2A",1,"T",1,2.7000000000000000e+01,"耀東邨","耀东邨","Yiu Tung Estate","銅鑼灣(希慎廣場)","铜锣湾(希慎广场)","Causeway Bay (Hysan Place)","https://mobile.bravobus.com.hk/nwp3/?f=1&ds=2A&dsmode=1&l=0","https://mobile.bravobus.com.hk/nwp3/?f=1&ds=2A&dsmode=1&l=2","https://mobile.bravobus.com.hk/nwp3/?f=1&ds=2A&dsmode=1&l=1",5.5000,"06/24/24 00:00:00"
8625,"CTB",,"608","608","608",1,"R",0,5.3000000000000000e+01,"九龍城(盛德街)","九龙城(盛德街)","Kowloon City (Shing Tak Street)","筲箕灣","筲箕湾","Shau Kei Wan","https://mobile.bravobus.com.hk/nwp3/?f=1&ds=608&dsmode=1&l=0","https://mobile.bravobus.com.hk/nwp3/?f=1&ds=608&dsmode=1&l=2","https://mobile.bravobus.com.hk/nwp3/?f=1&ds=608&dsmode=1&l=1",12.2000,"01/02/25 00:00:00"
8626,"KMB",,"N373","N373","N373",1,"N",0,7.9000000000000000e+01,"粉嶺 (聯和墟)","粉岭 (联和墟)","FANLING (LUEN WO HUI)","中環 (港澳碼頭)","中环 (港澳码头)","CENTRAL (MACAU FERRY)","https://search.kmb.hk/KMBWebSite/?action=routesearch&route=N373&lang=zh-hk","https://search.kmb.hk/KMBWebSite/?action=routesearch&route=N373&lang=zh-cn","https://search.kmb.hk/KMBWebSite/?action=routesearch&route=N373&lang=en",45.5000,"09/16/24 00:00:00"
8627,"KMB",,"N3D","N3D","N3D",1,"NT",1,2.8000000000000000e+01,"觀塘(裕民坊)","观塘(裕民坊)","KWUN TONG (YUE MAN SQUARE)","慈雲山(中)","慈云山(中)","TSZ WAN SHAN (CENTRAL)","https://search.kmb.hk/KMBWebSite/?action=routesearch&route=N3D&lang=zh-hk","https://search.kmb.hk/KMBWebSite/?action=routesearch&route=N3D&lang=zh-cn","https://search.kmb.hk/KMBWebSite/?action=routesearch&route=N3D&lang=en",7.7000,"06/10/23 00:00:00"
8636,"CTB",,"B5","B5","B5",1,"T",1,2.1000000000000000e+01,"港珠澳大橋香港口岸","港珠澳大桥香港口岸","Hong Kong-Zhuhai-Macao Bridge Hong Kong Port","欣澳站(不經迪士尼樂園)","欣澳站(不经迪士尼乐园)","Sunny Bay Station (omit Disneyland)","https://mobile.bravobus.com.hk/nwp3/?f=1&ds=B5&dsmode=1&l=0","https://mobile.bravobus.com.hk/nwp3/?f=1&ds=B5&dsmode=1&l=2","https://mobile.bravobus.com.hk/nwp3/?f=1&ds=B5&dsmode=1&l=1",6.1000,"04/29/24 00:00:00"
8637,"KMB",,"936A","936A","936A",1,"T",1,6.6000000000000000e+01,"荃灣(石圍角)","荃湾(石围角)","TSUEN WAN (SHEK WAI KOK)","銅鑼灣(棉花路)","铜锣湾(棉花路)","CAUSEWAY BAY (COTTON PATH)","https://search.kmb.hk/KMBWebSite/?action=routesearch&route=936A&lang=zh-hk","https://search.kmb.hk/KMBWebSite/?action=routesearch&route=936A&lang=zh-cn","https://search.kmb.hk/KMBWebSite/?action=routesearch&route=936A&lang=en",20.6000,"03/22/24 00:00:00"
8638,"LWB",,"NA31","NA31","NA31",1,"NT",1,6.7000000000000000e+01,"港珠澳大橋香港口岸","港珠澳大桥香港口岸","HZMB HONG KONG PORT","荃灣(如心廣場)","荃湾(如心广场)","TSUEN WAN (NINA TOWER)","https://search.kmb.hk/KMBWebSite/?action=routesearch&route=NA31&lang=zh-hk","https://search.kmb.hk/KMBWebSite/?action=routesearch&route=NA31&lang=zh-cn","https://search.kmb.hk/KMBWebSite/?action=routesearch&route=NA31&lang=en",34.6000,"06/18/23 00:00:00"
8639,"LWB",,"NA32","NA32","NA32",1,"NT",1,7.2000000000000000e+01,"港珠澳大橋香港口岸","港珠澳大桥香港口岸","HZMB HONG KONG PORT","葵涌邨","葵涌邨","KWAI CHUNG ESTATE","https://search.kmb.hk/KMBWebSite/?action=routesearch&route=NA32&lang=zh-hk","https://search.kmb.hk/KMBWebSite/?action=routesearch&route=NA32&lang=zh-cn","https://search.kmb.hk/KMBWebSite/?action=routesearch&route=NA32&lang=en",34.6000,"01/13/25 00:00:00"
8640,"LWB",,"A36","A36","A36",1,"T",1,6.3000000000000000e+01,"錦上路站","锦上路站","KAM SHEUNG ROAD STATION","機場(地面運輸中心)(經國泰城及民航處總部)","机场(地面运输中心)(经国泰城及民航处总部)","AIRPORT (GROUND TRANSPORTATION CENTRE) (via Cathay City & CAD Headquarter)","https://search.kmb.hk/KMBWebSite/?action=routesearch&route=A36&lang=zh-hk","https://search.kmb.hk/KMBWebSite/?action=routesearch&route=A36&lang=zh-cn","https://search.kmb.hk/KMBWebSite/?action=routesearch&route=A36&lang=en",19.8000,"01/02/25 00:00:00"
8652,"KMB",,"68","68","68",1,"R",0,8.0000000000000000e+00,"峻巒","峻峦","PARK YOHO","形點(循環線)","形点(循环线)","YOHO MALL (CIRCULAR)","https://search.kmb.hk/KMBWebSite/?action=routesearch&route=68&lang=zh-hk","https://search.kmb.hk/KMBWebSite/?action=routesearch&route=68&lang=zh-cn","https://search.kmb.hk/KMBWebSite/?action=routesearch&route=68&lang=en",6.7000,"06/18/23 00:00:00"
8653,"CTB",,"99","99","99",1,"NT",1,6.3000000000000000e+01,"海怡半島","海怡半岛","South Horizons","筲箕灣(不經海怡路)","筲箕湾(不经海怡路)","Shau Kei Wan (Omit South Horizon Drive)","https://mobile.bravobus.com.hk/nwp3/?f=1&ds=99&dsmode=1&l=0","https://mobile.bravobus.com.hk/nwp3/?f=1&ds=99&dsmode=1&l=2","https://mobile.bravobus.com.hk/nwp3/?f=1&ds=99&dsmode=1&l=1",9.7000,"01/02/25 00:00:00"
8655,"CTB",,"27","27","27",1,"T",1,1.6000000000000000e+01,"北角碼頭","北角码头","North Point Ferry","寶馬山","宝马山","Braemar Hill","https://mobile.bravobus.com.hk/nwp3/?f=1&ds=27&dsmode=1&l=0","https://mobile.bravobus.com.hk/nwp3/?f=1&ds=27&dsmode=1&l=2","https://mobile.bravobus.com.hk/nwp3/?f=1&ds=27&dsmode=1&l=1",5.9000,"06/18/23 00:00:00"
8656,"KMB+CTB",,"307","307","307",1,"T",1,4.9000000000000000e+01,"大埔中心","大埔中心","Tai Po Central","上環","上环","Sheung Wan","https://search.kmb.hk/KMBWebSite/?action=routesearch&route=307&lang=zh-hk","https://search.kmb.hk/KMBWebSite/?action=routesearch&route=307&lang=zh-cn","https://search.kmb.hk/KMBWebSite/?action=routesearch&route=307&lang=en",27.3000,"08/29/24 00:00:00"
8657,"KMB",,"73X","73X","73X",1,"T",1,4.7000000000000000e+01,"荃灣(如心廣場)","荃湾(如心广场)","TSUEN WAN (NINA TOWER)","大埔(富善)(經大埔中心)","大埔(富善)(经大埔中心)","TAI PO (FU SHIN) (VIA TAI PO CENTRE)","https://search.kmb.hk/KMBWebSite/?action=routesearch&route=73X&lang=zh-hk","https://search.kmb.hk/KMBWebSite/?action=routesearch&route=73X&lang=zh-cn","https://search.kmb.hk/KMBWebSite/?action=routesearch&route=73X&lang=en",11.5000,"09/27/24 00:00:00"
8670,"KMB",,"270B","270B","270B",1,"T",1,8.4000000000000000e+01,"上水","上水","SHEUNG SHUI","富榮花園","富荣花园","CHARMING GARDEN","https://search.kmb.hk/KMBWebSite/?action=routesearch&route=270B&lang=zh-hk","https://search.kmb.hk/KMBWebSite/?action=routesearch&route=270B&lang=zh-cn","https://search.kmb.hk/KMBWebSite/?action=routesearch&route=270B&lang=en",16.9000,"06/18/23 00:00:00"
8677,"KMB",,"261X","261X","261X",1,"T",1,7.0000000000000000e+01,"掃管笏","扫管笏","SO KWUN WAT","粉嶺(祥華)","粉岭(祥华)","FANLING (CHEUNG WAH)","https://search.kmb.hk/KMBWebSite/?action=routesearch&route=261X&lang=zh-hk","https://search.kmb.hk/KMBWebSite/?action=routesearch&route=261X&lang=zh-cn","https://search.kmb.hk/KMBWebSite/?action=routesearch&route=261X&lang=en",16.9000,"06/10/23 00:00:00"
8678,"CTB",,"720X","720X","720X",1,"T",1,3.6000000000000000e+01,"西灣河(嘉亨灣)","西湾河(嘉亨湾)","Sai Wan Ho (Grand Promenade)","中環(林士街)","中环(林士街)","Central (Rumsey Street)","https://mobile.bravobus.com.hk/nwp3/?f=1&ds=720X&dsmode=1&l=0","https://mobile.bravobus.com.hk/nwp3/?f=1&ds=720X&dsmode=1&l=2","https://mobile.bravobus.com.hk/nwp3/?f=1&ds=720X&dsmode=1&l=1",8.7000,"06/28/24 00:00:00"
8679,"KMB",,"31P","31P","31P",1,"T",1,1.6000000000000000e+01,"石籬商場","石篱商场","SHEK LEI COMMERCIAL COMPLEX","葵芳站","葵芳站","KWAI FONG STATION","https://search.kmb.hk/KMBWebSite/?action=routesearch&route=31P&lang=zh-hk","https://search.kmb.hk/KMBWebSite/?action=routesearch&route=31P&lang=zh-cn","https://search.kmb.hk/KMBWebSite/?action=routesearch&route=31P&lang=en",4.8000,"06/10/23 00:00:00"
8680,"KMB",,"290X","290X","290X",1,"T",1,8.8000000000000000e+01,"荃灣西站","荃湾西站","TSUEN WAN WEST STATION","康城站(經消防及救護學院)","康城站(经消防及救护学院)","LOHAS PARK STATION (VIA FASA)","https://search.kmb.hk/KMBWebSite/?action=routesearch&route=290X&lang=zh-hk","https://search.kmb.hk/KMBWebSite/?action=routesearch&route=290X&lang=zh-cn","https://search.kmb.hk/KMBWebSite/?action=routesearch&route=290X&lang=en",12.1000,"06/10/23 00:00:00"
8681,"KMB",,"290A","290A","290A",1,"T",1,4.9000000000000000e+01,"上秀茂坪","上秀茂坪","UPPER SAU MAU PING","荃灣西站","荃湾西站","TSUEN WAN WEST STATION","https://search.kmb.hk/KMBWebSite/?action=routesearch&route=290A&lang=zh-hk","https://search.kmb.hk/KMBWebSite/?action=routesearch&route=290A&lang=zh-cn","https://search.kmb.hk/KMBWebSite/?action=routesearch&route=290A&lang=en",10.1000,"06/18/23 00:00:00"
8684,"CTB",,"40M","40M","40M",1,"T",1,4.8000000000000000e+01,"華富(北)","华富(北)","Wah Fu (North)","會展站(不經遮打道)","会展站(不经遮打道)","Exhibition Centre Station (omit Chater Road)","https://mobile.bravobus.com.hk/nwp3/?f=1&ds=40M&dsmode=1&l=0","https://mobile.bravobus.com.hk/nwp3/?f=1&ds=40M&dsmode=1&l=2","https://mobile.bravobus.com.hk/nwp3/?f=1&ds=40M&dsmode=1&l=1",7.5000,"01/02/25 00:00:00"
8685,"KMB+CTB",,"948B","948B","948B",1,"T",1,5.3000000000000000e+01,"翠怡花園","翠怡花园","Greenfield Garden","銅鑼灣(天后)","铜锣湾(天后)","Causeway Bay (Tin Hau)","https://search.kmb.hk/KMBWebSite/?action=routesearch&route=948B&lang=zh-hk","https://search.kmb.hk/KMBWebSite/?action=routesearch&route=948B&lang=zh-cn","https://search.kmb.hk/KMBWebSite/?action=routesearch&route=948B&lang=en",20.8000,"10/27/23 00:00:00"
8686,"CTB",,"969P","969P","969P",1,"T",1,8.5000000000000000e+01,"天水圍市中心","天水围市中心","Tin Shui Wai Town Centre","銅鑼灣(摩頓台)","铜锣湾(摩顿台)","Causeway Bay (Moreton Terrace)","https://mobile.bravobus.com.hk/nwp3/?f=1&ds=969P&dsmode=1&l=0","https://mobile.bravobus.com.hk/nwp3/?f=1&ds=969P&dsmode=1&l=2","https://mobile.bravobus.com.hk/nwp3/?f=1&ds=969P&dsmode=1&l=1",27.3000,"09/26/24 00:00:00"
8687,"CTB",,"962C","962C","962C",1,"T",1,8.5000000000000000e+01,"屯門(三聖)","屯门(三圣)","Tuen Mun (Sam Shing)","太古(康怡廣場)","太古(康怡广场)","Taikoo (Kornhill Plaza)","https://mobile.bravobus.com.hk/nwp3/?f=1&ds=962C&dsmode=1&l=0","https://mobile.bravobus.com.hk/nwp3/?f=1&ds=962C&dsmode=1&l=2","https://mobile.bravobus.com.hk/nwp3/?f=1&ds=962C&dsmode=1&l=1",27.3000,"06/18/23 00:00:00"
8688,"CTB",,"969B","969B","969B",1,"T",1,6.5000000000000000e+01,"天水圍站","天水围站","Tin Shui Wai Station","灣仔","湾仔","Wan Chai","https://mobile.bravobus.com.hk/nwp3/?f=1&ds=969B&dsmode=1&l=0","https://mobile.bravobus.com.hk/nwp3/?f=1&ds=969B&dsmode=1&l=2","https://mobile.bravobus.com.hk/nwp3/?f=1&ds=969B&dsmode=1&l=1",27.3000,"06/18/23 00:00:00"
8697,"KMB+CTB",,"985","985","985",1,"T",1,6.1000000000000000e+01,"金鐘站(東)","金钟站(东)","ADMIRALTY STATION (EAST)","美田","美田","MEI TIN","https://search.kmb.hk/KMBWebSite/?action=routesearch&route=985&lang=zh-hk","https://search.kmb.hk/KMBWebSite/?action=routesearch&route=985&lang=zh-cn","https://search.kmb.hk/KMBWebSite/?action=routesearch&route=985&lang=en",20.8000,"06/18/23 00:00:00"
8698,"CTB",,"33X","33X","33X",1,"T",1,6.0000000000000000e+01,"數碼港","数码港","Cyberport","西灣河 (太康街)","西湾河 (太康街)","Sai Wan Ho (Tai Hong Street)","https://mobile.bravobus.com.hk/nwp3/?f=1&ds=33X&dsmode=1&l=0","https://mobile.bravobus.com.hk/nwp3/?f=1&ds=33X&dsmode=1&l=2","https://mobile.bravobus.com.hk/nwp3/?f=1&ds=33X&dsmode=1&l=1",14.5000,"06/10/23 00:00:00"
8699,"KMB",,"N252","N252","N252",1,"NT",1,6.6000000000000000e+01,"美孚","美孚","MEI FOO","屯門(三聖邨)","屯门(三圣邨)","TUEN MUN (SAM SHING ESTATE)","https://search.kmb.hk/KMBWebSite/?action=routesearch&route=N252&lang=zh-hk","https://search.kmb.hk/KMBWebSite/?action=routesearch&route=N252&lang=zh-cn","https://search.kmb.hk/KMBWebSite/?action=routesearch&route=N252&lang=en",12.7000,"06/10/23 00:00:00"
8700,"CTB",,"X15","X15","X15",1,"T",1,3.0000000000000000e+01,"中環(中環6號碼頭)","中环(中环6号码头)","Central (Central Ferry Pier No. 6)","山頂","山顶","The Peak","https://mobile.bravobus.com.hk/nwp3/?f=1&ds=X15&dsmode=1&l=0","https://mobile.bravobus.com.hk/nwp3/?f=1&ds=X15&dsmode=1&l=2","https://mobile.bravobus.com.hk/nwp3/?f=1&ds=X15&dsmode=1&l=1",14.2000,"09/25/23 00:00:00"
8701,"KMB",,"6X","6X","6X",1,"T",1,4.9000000000000000e+01,"美孚","美孚","MEI FOO","九龍城碼頭","九龙城码头","KOWLOON CITY FERRY","https://search.kmb.hk/KMBWebSite/?action=routesearch&route=6X&lang=zh-hk","https://search.kmb.hk/KMBWebSite/?action=routesearch&route=6X&lang=zh-cn","https://search.kmb.hk/KMBWebSite/?action=routesearch&route=6X&lang=en",6.7000,"06/18/23 00:00:00"
8703,"KMB",,"263C","263C","263C",1,"T",1,9.2000000000000000e+01,"屯門站","屯门站","TUEN MUN STATION","香港教育大學","香港教育大学","EDUCATION UNIVERSITY OF HONG KONG","https://search.kmb.hk/KMBWebSite/?action=routesearch&route=263C&lang=zh-hk","https://search.kmb.hk/KMBWebSite/?action=routesearch&route=263C&lang=zh-cn","https://search.kmb.hk/KMBWebSite/?action=routesearch&route=263C&lang=en",20.8000,"09/26/24 00:00:00"
8710,"KMB",,"291P","291P","291P",1,"T",1,6.0000000000000000e+01,"香港科技大學(南)","香港科技大学(南)","H.K.U.S.T. (SOUTH)","旺角","旺角","MONG KOK","https://search.kmb.hk/KMBWebSite/?action=routesearch&route=291P&lang=zh-hk","https://search.kmb.hk/KMBWebSite/?action=routesearch&route=291P&lang=zh-cn","https://search.kmb.hk/KMBWebSite/?action=routesearch&route=291P&lang=en",10.8000,"11/01/24 00:00:00"
8711,"KMB",,"77K","77K","77K",1,"T",1,3.3000000000000000e+01,"上水","上水","SHEUNG SHUI","錦上路站","锦上路站","KAM SHEUNG ROAD STATION","https://search.kmb.hk/KMBWebSite/?action=routesearch&route=77K&lang=zh-hk","https://search.kmb.hk/KMBWebSite/?action=routesearch&route=77K&lang=zh-cn","https://search.kmb.hk/KMBWebSite/?action=routesearch&route=77K&lang=en",8.4000,"06/18/23 00:00:00"
8715,"CTB",,"970","970","970",1,"T",1,6.3000000000000000e+01,"數碼港","数码港","Cyberport","旺角 (弼街)","旺角 (弼街)","Mong Kok (Bute Street)","https://mobile.bravobus.com.hk/nwp3/?f=1&ds=970&dsmode=1&l=0","https://mobile.bravobus.com.hk/nwp3/?f=1&ds=970&dsmode=1&l=2","https://mobile.bravobus.com.hk/nwp3/?f=1&ds=970&dsmode=1&l=1",14.5000,"01/02/25 00:00:00"
8716,"KMB",,"33","33","33",1,"T",1,6.3000000000000000e+01,"荃灣西站","荃湾西站","TSUEN WAN WEST STATION","油塘","油塘","YAU TONG","https://search.kmb.hk/KMBWebSite/?action=routesearch&route=33&lang=zh-hk","https://search.kmb.hk/KMBWebSite/?action=routesearch&route=33&lang=zh-cn","https://search.kmb.hk/KMBWebSite/?action=routesearch&route=33&lang=en",11.0000,"04/26/24 00:00:00"
8717,"KMB",,"261S","261S","261S",1,"T",1,4.8000000000000000e+01,"屯門(寶田邨)","屯门(宝田邨)","TUEN MUN (PO TIN ESTATE)","上水(天平)","上水(天平)","SHEUNG SHUI (TIN PING)","https://search.kmb.hk/KMBWebSite/?action=routesearch&route=261S&lang=zh-hk","https://search.kmb.hk/KMBWebSite/?action=routesearch&route=261S&lang=zh-cn","https://search.kmb.hk/KMBWebSite/?action=routesearch&route=261S&lang=en",16.9000,"06/18/23 00:00:00"
8718,"KMB",,"252X","252X","252X",1,"T",1,6.4000000000000000e+01,"掃管笏","扫管笏","SO KWUN WAT","藍田站","蓝田站","LAM TIN STATION","https://search.kmb.hk/KMBWebSite/?action=routesearch&route=252X&lang=zh-hk","https://search.kmb.hk/KMBWebSite/?action=routesearch&route=252X&lang=zh-cn","https://search.kmb.hk/KMBWebSite/?action=routesearch&route=252X&lang=en",18.8000,"07/28/23 00:00:00"
8725,"XB",,"觀塘 - 皇崗 (夜間)","观塘 - 皇岗 (夜间)","Kwun Tong - Huanggang (Night)",1,"NT",1,6.7000000000000000e+01,"皇崗","皇岗","Huanggang","觀塘(停靠小瀝源路遊樂場及觀塘道油站)","观塘(停靠小沥源路游乐场及观塘道油站)","Kwun Tong (stop oustide Siu Lek Yuen Road Playground and Kwun Tong Road Filling Station)","https://www.td.gov.hk/tc/transport_in_hong_kong/land_based_cross_boundary_transport/access_to_lok_ma_chau_control_point/kwun_tong_route/index.html","https://www.td.gov.hk/sc/transport_in_hong_kong/land_based_cross_boundary_transport/access_to_lok_ma_chau_control_point/kwun_tong_route/index.html","https://www.td.gov.hk/en/transport_in_hong_kong/land_based_cross_boundary_transport/access_to_lok_ma_chau_control_point/kwun_tong_route/index.html",52.0000,"09/29/21 00:00:00"
8726,"XB",,"觀塘 - 皇崗","观塘 - 皇岗","Kwun Tong - Huanggang",1,"T",1,6.1000000000000000e+01,"皇崗","皇岗","Huanggang","觀塘","观塘","Kwun Tong","https://www.td.gov.hk/tc/transport_in_hong_kong/land_based_cross_boundary_transport/access_to_lok_ma_chau_control_point/kwun_tong_route/index.html","https://www.td.gov.hk/sc/transport_in_hong_kong/land_based_cross_boundary_transport/access_to_lok_ma_chau_control_point/kwun_tong_route/index.html","https://www.td.gov.hk/en/transport_in_hong_kong/land_based_cross_boundary_transport/access_to_lok_ma_chau_control_point/kwun_tong_route/index.html",47.0000,"04/05/23 00:00:00"
8733,"KMB",,"277A","277A","277A",1,"T",1,6.5000000000000000e+01,"沙頭角","沙头角","SHA TAU KOK","藍田站","蓝田站","LAM TIN STATION","https://search.kmb.hk/KMBWebSite/?action=routesearch&route=277A&lang=zh-hk","https://search.kmb.hk/KMBWebSite/?action=routesearch&route=277A&lang=zh-cn","https://search.kmb.hk/KMBWebSite/?action=routesearch&route=277A&lang=en",20.8000,"12/29/23 00:00:00"
8734,"KMB",,"98B","98B","98B",1,"T",1,3.0000000000000000e+01,"坑口(北)(將軍澳醫院)","坑口(北)(将军澳医院)","HANG HAU (NORTH) (TSEUNG KWAN O HOSPITAL)","觀塘(經寶林)","观塘(经宝林)","KWUN TONG (via Po Lam)","https://search.kmb.hk/KMBWebSite/?action=routesearch&route=98B&lang=zh-hk","https://search.kmb.hk/KMBWebSite/?action=routesearch&route=98B&lang=zh-cn","https://search.kmb.hk/KMBWebSite/?action=routesearch&route=98B&lang=en",7.1000,"06/18/23 00:00:00"
8736,"KMB",,"N213","N213","N213",1,"NT",1,7.2000000000000000e+01,"尖沙咀東(麼地道)","尖沙咀东(麽地道)","TSIM SHA TSUI EAST (MODY ROAD)","安泰(西)","安泰(西)","ON TAI (WEST)","https://search.kmb.hk/KMBWebSite/?action=routesearch&route=N213&lang=zh-hk","https://search.kmb.hk/KMBWebSite/?action=routesearch&route=N213&lang=zh-cn","https://search.kmb.hk/KMBWebSite/?action=routesearch&route=N213&lang=en",15.4000,"03/15/24 00:00:00"
8738,"KMB",,"214P","214P","214P",1,"T",1,5.5000000000000000e+01,"安秀道","安秀道","ON SAU ROAD","荔枝角站","荔枝角站","LAI CHI KOK STATION","https://search.kmb.hk/KMBWebSite/?action=routesearch&route=214P&lang=zh-hk","https://search.kmb.hk/KMBWebSite/?action=routesearch&route=214P&lang=zh-cn","https://search.kmb.hk/KMBWebSite/?action=routesearch&route=214P&lang=en",8.2000,"12/04/23 00:00:00"
8740,"CTB",,"930","930","930",1,"T",1,5.0000000000000000e+01,"金鐘 (金鐘道)","金钟 (金钟道)","Admiralty (Queensway)","荃灣西站","荃湾西站","Tsuen Wan West Station","https://mobile.bravobus.com.hk/nwp3/?f=1&ds=930&dsmode=1&l=0","https://mobile.bravobus.com.hk/nwp3/?f=1&ds=930&dsmode=1&l=2","https://mobile.bravobus.com.hk/nwp3/?f=1&ds=930&dsmode=1&l=1",20.8000,"01/02/25 00:00:00"
8743,"KMB",,"92R","92R","92R",1,"T",1,4.3000000000000000e+01,"西貢","西贡","SAI KUNG","尖沙咀碼頭","尖沙咀码头","STAR FERRY","https://search.kmb.hk/KMBWebSite/?action=routesearch&route=92R&lang=zh-hk","https://search.kmb.hk/KMBWebSite/?action=routesearch&route=92R&lang=zh-cn","https://search.kmb.hk/KMBWebSite/?action=routesearch&route=92R&lang=en",20.1000,"06/28/24 00:00:00"
8751,"CTB",,"A23","A23","A23",1,"R",0,9.3000000000000000e+01,"慈雲山 (北)","慈云山 (北)","Tsz Wan Shan (North)","機場","机场","Airport","https://mobile.bravobus.com.hk/nwp3/?f=1&ds=A23&dsmode=1&l=0","https://mobile.bravobus.com.hk/nwp3/?f=1&ds=A23&dsmode=1&l=2","https://mobile.bravobus.com.hk/nwp3/?f=1&ds=A23&dsmode=1&l=1",40.8000,"01/02/25 00:00:00"
8753,"CTB",,"S52","S52","S52",1,"T",1,1.2000000000000000e+01,"東堤灣畔, 順東路","东堤湾畔, 顺东路","Tung Chung Crescent, Shun Tung Road","飛機維修區(不經國泰城及貨運區)","飞机维修区(不经国泰城及货运区)","Aircraft Maintenance Area (omit Cathay City ,Cargo Area)","https://mobile.bravobus.com.hk/nwp3/?f=1&ds=S52&dsmode=1&l=0","https://mobile.bravobus.com.hk/nwp3/?f=1&ds=S52&dsmode=1&l=2","https://mobile.bravobus.com.hk/nwp3/?f=1&ds=S52&dsmode=1&l=1",4.2000,"10/02/24 00:00:00"
8754,"CTB",,"S52","S52","S52",1,"T",1,1.2000000000000000e+01,"飛機維修區","飞机维修区","Aircraft Maintenance Area","東涌站(不經國泰城及貨運區)","东涌站(不经国泰城及货运区)","Tung Chung Station (omit Cathay City ,Cargo Area)","https://mobile.bravobus.com.hk/nwp3/?f=1&ds=S52&dsmode=1&l=0","https://mobile.bravobus.com.hk/nwp3/?f=1&ds=S52&dsmode=1&l=2","https://mobile.bravobus.com.hk/nwp3/?f=1&ds=S52&dsmode=1&l=1",4.2000,"06/18/23 00:00:00"
8755,"CTB",,"A17","A17","A17",1,"T",1,1.1400000000000000e+02,"深灣","深湾","Sham Wan","機場","机场","Airport","https://mobile.bravobus.com.hk/nwp3/?f=1&ds=A17&dsmode=1&l=0","https://mobile.bravobus.com.hk/nwp3/?f=1&ds=A17&dsmode=1&l=2","https://mobile.bravobus.com.hk/nwp3/?f=1&ds=A17&dsmode=1&l=1",47.1000,"01/02/25 00:00:00"
8756,"KMB",,"W3","W3","W3",1,"T",1,7.0000000000000000e+01,"上水","上水","SHEUNG SHUI","佐敦(西九龍站)","佐敦(西九龙站)","JORDAN (WEST KOWLOON STATION)","https://search.kmb.hk/KMBWebSite/?action=routesearch&route=W3&lang=zh-hk","https://search.kmb.hk/KMBWebSite/?action=routesearch&route=W3&lang=zh-cn","https://search.kmb.hk/KMBWebSite/?action=routesearch&route=W3&lang=en",14.3000,"11/24/23 00:00:00"
8764,"LWB",,"NA37","NA37","NA37",1,"NT",1,7.6000000000000000e+01,"天水圍市中心","天水围市中心","TIN SHUI WAI TOWN CENTRE","國泰城","国泰城","CATHAY PACIFIC CITY","https://search.kmb.hk/KMBWebSite/?action=routesearch&route=NA37&lang=zh-hk","https://search.kmb.hk/KMBWebSite/?action=routesearch&route=NA37&lang=zh-cn","https://search.kmb.hk/KMBWebSite/?action=routesearch&route=NA37&lang=en",34.6000,"06/18/24 00:00:00"
8765,"CTB",,"22M","22M","22M",1,"R",0,3.4000000000000000e+01,"啟德郵輪碼頭","启德邮轮码头","Kai Tak Cruise Terminal","土瓜灣(循環線)","土瓜湾(循环线)","To Kwa Wan (Circular)","https://mobile.bravobus.com.hk/nwp3/?f=1&ds=22M&dsmode=1&l=0","https://mobile.bravobus.com.hk/nwp3/?f=1&ds=22M&dsmode=1&l=2","https://mobile.bravobus.com.hk/nwp3/?f=1&ds=22M&dsmode=1&l=1",6.4000,"01/02/25 00:00:00"
8768,"KMB",,"73D","73D","73D",1,"T",1,4.4000000000000000e+01,"廣福街市","广福街市","KWONG FUK MARKET","荃灣(如心廣場)","荃湾(如心广场)","TSUEN WAN (NINA TOWER)","https://search.kmb.hk/KMBWebSite/?action=routesearch&route=73D&lang=zh-hk","https://search.kmb.hk/KMBWebSite/?action=routesearch&route=73D&lang=zh-cn","https://search.kmb.hk/KMBWebSite/?action=routesearch&route=73D&lang=en",11.5000,"06/18/23 00:00:00"
8769,"LWB+CTB",,"R8","R8","R8",1,"T",1,1.8000000000000000e+01,"迪士尼樂園","迪士尼乐园","Disneyland","青嶼幹線轉車站(循環線)(經迪欣湖)","青屿干线转车站(循环线)(经迪欣湖)","Lantau Link Interchange (Circular) (Via Inspiration Lake)","https://search.kmb.hk/KMBWebSite/?action=routesearch&route=R8&lang=zh-hk","https://search.kmb.hk/KMBWebSite/?action=routesearch&route=R8&lang=zh-cn","https://search.kmb.hk/KMBWebSite/?action=routesearch&route=R8&lang=en",7.4000,"01/02/24 00:00:00"
8771,"KMB",,"46S","46S","46S",1,"T",1,3.1000000000000000e+01,"顯徑","显径","HIN KENG","荃灣(如心廣場)","荃湾(如心广场)","TSUEN WAN (NINA TOWER)","https://search.kmb.hk/KMBWebSite/?action=routesearch&route=46S&lang=zh-hk","https://search.kmb.hk/KMBWebSite/?action=routesearch&route=46S&lang=zh-cn","https://search.kmb.hk/KMBWebSite/?action=routesearch&route=46S&lang=en",9.3000,"10/21/24 00:00:00"
8772,"KMB",,"83P","83P","83P",1,"T",1,1.8000000000000000e+01,"黃泥頭","黄泥头","WONG NAI TAU","禾輋","禾輋","WO CHE","https://search.kmb.hk/KMBWebSite/?action=routesearch&route=83P&lang=zh-hk","https://search.kmb.hk/KMBWebSite/?action=routesearch&route=83P&lang=zh-cn","https://search.kmb.hk/KMBWebSite/?action=routesearch&route=83P&lang=en",5.2000,"06/18/23 00:00:00"
8781,"KMB",,"287D","287D","287D",1,"T",1,7.0000000000000000e+01,"紅磡站","红磡站","HUNG HOM STATION","錦英苑","锦英苑","KAM YING COURT","https://search.kmb.hk/KMBWebSite/?action=routesearch&route=287D&lang=zh-hk","https://search.kmb.hk/KMBWebSite/?action=routesearch&route=287D&lang=zh-cn","https://search.kmb.hk/KMBWebSite/?action=routesearch&route=287D&lang=en",11.8000,"01/02/25 00:00:00"
8782,"CTB",,"702B","702B","702B",1,"T",1,3.3000000000000000e+01,"白田 (北)","白田 (北)","Pak Tin (North)","海盈邨 (循環線)","海盈邨 (循环线)","Hoi Ying Estate (Circular)","https://mobile.bravobus.com.hk/nwp3/?f=1&ds=702B&dsmode=1&l=0","https://mobile.bravobus.com.hk/nwp3/?f=1&ds=702B&dsmode=1&l=2","https://mobile.bravobus.com.hk/nwp3/?f=1&ds=702B&dsmode=1&l=1",5.0000,"12/22/23 00:00:00"
8784,"CTB",,"N20","N20","N20",1,"NT",1,4.0000000000000000e+01,"維港灣","维港湾","Island Harbourview","啟德 (沐安街)","启德 (沐安街)","Kai Tak (Muk On Street)","https://mobile.bravobus.com.hk/nwp3/?f=1&ds=N20&dsmode=1&l=0","https://mobile.bravobus.com.hk/nwp3/?f=1&ds=N20&dsmode=1&l=2","https://mobile.bravobus.com.hk/nwp3/?f=1&ds=N20&dsmode=1&l=1",13.5000,"06/18/23 00:00:00"
8785,"CTB",,"608","608","608",1,"T",1,5.3000000000000000e+01,"九龍城 (盛德街)","九龙城 (盛德街)","Kowloon City (Shing Tak Street)","筲箕灣(經啟福道)","筲箕湾(经启福道)","Shau Kei Wan (via Kai Fuk Road)","https://mobile.bravobus.com.hk/nwp3/?f=1&ds=608&dsmode=1&l=0","https://mobile.bravobus.com.hk/nwp3/?f=1&ds=608&dsmode=1&l=2","https://mobile.bravobus.com.hk/nwp3/?f=1&ds=608&dsmode=1&l=1",12.2000,"01/02/25 00:00:00"
8786,"KMB",,"73D","73D","73D",1,"T",1,6.4000000000000000e+01,"荃灣(如心廣場)","荃湾(如心广场)","TSUEN WAN (NINA TOWER)","大埔(富善)","大埔(富善)","TAI PO (FU SHIN)","https://search.kmb.hk/KMBWebSite/?action=routesearch&route=73D&lang=zh-hk","https://search.kmb.hk/KMBWebSite/?action=routesearch&route=73D&lang=zh-cn","https://search.kmb.hk/KMBWebSite/?action=routesearch&route=73D&lang=en",11.5000,"06/18/23 00:00:00"
8787,"KMB",,"285","285","285",1,"R",0,1.1000000000000000e+01,"火炭駿洋邨","火炭骏洋邨","FO TAN CHUN YEUNG ESTATE","沙田市中心(循環線)","沙田市中心(循环线)","SHA TIN CENTRAL (CIRCULAR)","https://search.kmb.hk/KMBWebSite/?action=routesearch&route=285&lang=zh-hk","https://search.kmb.hk/KMBWebSite/?action=routesearch&route=285&lang=zh-cn","https://search.kmb.hk/KMBWebSite/?action=routesearch&route=285&lang=en",5.2000,"10/06/23 00:00:00"
8689,"KMB",,"213A","213A","213A",1,"T",1,1.3000000000000000e+01,"安達","安达","ON TAT","坪石 / 彩虹站","坪石 / 彩虹站","PING SHEK / CHOI HUNG STATION","https://search.kmb.hk/KMBWebSite/?action=routesearch&route=213A&lang=zh-hk","https://search.kmb.hk/KMBWebSite/?action=routesearch&route=213A&lang=zh-cn","https://search.kmb.hk/KMBWebSite/?action=routesearch&route=213A&lang=en",6.4000,"06/18/23 00:00:00"
8691,"CTB",,"701A","701A","701A",1,"R",0,2.7000000000000000e+01,"海盈邨","海盈邨","Hoi Ying Estate","旺角(循環線)","旺角(循环线)","Mong Kok (Circular)","https://mobile.bravobus.com.hk/nwp3/?f=1&ds=701A&dsmode=1&l=0","https://mobile.bravobus.com.hk/nwp3/?f=1&ds=701A&dsmode=1&l=2","https://mobile.bravobus.com.hk/nwp3/?f=1&ds=701A&dsmode=1&l=1",5.0000,"01/02/25 00:00:00"
8693,"CTB",,"962G","962G","962G",1,"T",1,5.5000000000000000e+01,"銅鑼灣 (摩頓台)","铜锣湾 (摩顿台)","Causeway Bay (Moreton Terrace)","屯門 (悅湖山莊)","屯门 (悦湖山庄)","Tuen Mun (Yuet Wu Villa)","https://mobile.bravobus.com.hk/nwp3/?f=1&ds=962G&dsmode=1&l=0","https://mobile.bravobus.com.hk/nwp3/?f=1&ds=962G&dsmode=1&l=2","https://mobile.bravobus.com.hk/nwp3/?f=1&ds=962G&dsmode=1&l=1",24.2000,"01/02/25 00:00:00"
8694,"KMB",,"64P","64P","64P",1,"T",1,3.1000000000000000e+01,"大埔墟站","大埔墟站","TAI PO MARKET STATION","嘉道理農場","嘉道理农场","KADOORIE FARM","https://search.kmb.hk/KMBWebSite/?action=routesearch&route=64P&lang=zh-hk","https://search.kmb.hk/KMBWebSite/?action=routesearch&route=64P&lang=zh-cn","https://search.kmb.hk/KMBWebSite/?action=routesearch&route=64P&lang=en",6.7000,"08/09/24 00:00:00"
8695,"KMB",,"289R","289R","289R",1,"T",1,5.0000000000000000e+01,"黃石碼頭","黄石码头","WONG SHEK PIER","沙田巿中心","沙田巿中心","SHATIN CENTRAL","https://search.kmb.hk/KMBWebSite/?action=routesearch&route=289R&lang=zh-hk","https://search.kmb.hk/KMBWebSite/?action=routesearch&route=289R&lang=zh-cn","https://search.kmb.hk/KMBWebSite/?action=routesearch&route=289R&lang=en",25.6000,"06/30/23 00:00:00"
8696,"KMB",,"213B","213B","213B",1,"T",1,2.1000000000000000e+01,"安泰","安泰","ON TAI","觀塘","观塘","KWUN TONG","https://search.kmb.hk/KMBWebSite/?action=routesearch&route=213B&lang=zh-hk","https://search.kmb.hk/KMBWebSite/?action=routesearch&route=213B&lang=zh-cn","https://search.kmb.hk/KMBWebSite/?action=routesearch&route=213B&lang=en",5.1000,"08/11/23 00:00:00"
8704,"KMB+CTB",,"985A","985A","985A",1,"T",1,4.5000000000000000e+01,"美田邨(美致樓)","美田邨(美致楼)","Mei Tin Estate (Mei Chi House)","灣仔(軒尼詩道)","湾仔(轩尼诗道)","Wan Chai (Hennessy Road)","https://search.kmb.hk/KMBWebSite/?action=routesearch&route=985A&lang=zh-hk","https://search.kmb.hk/KMBWebSite/?action=routesearch&route=985A&lang=zh-cn","https://search.kmb.hk/KMBWebSite/?action=routesearch&route=985A&lang=en",20.8000,"06/18/23 00:00:00"
8705,"KMB+CTB",,"985B","985B","985B",1,"T",1,4.8000000000000000e+01,"田心村","田心村","Tin Sam Village","灣仔(軒尼詩道)","湾仔(轩尼诗道)","Wan Chai (Hennessy Road)","https://search.kmb.hk/KMBWebSite/?action=routesearch&route=985B&lang=zh-hk","https://search.kmb.hk/KMBWebSite/?action=routesearch&route=985B&lang=zh-cn","https://search.kmb.hk/KMBWebSite/?action=routesearch&route=985B&lang=en",20.8000,"06/18/23 00:00:00"
8706,"CTB",,"S52A","S52A","S52A",1,"T",1,3.4000000000000000e+01,"東涌北","东涌北","Tung Chung North","飛機維修區","飞机维修区","Aircraft Maintenance Areais","https://mobile.bravobus.com.hk/nwp3/?f=1&ds=S52A&dsmode=1&l=0","https://mobile.bravobus.com.hk/nwp3/?f=1&ds=S52A&dsmode=1&l=2","https://mobile.bravobus.com.hk/nwp3/?f=1&ds=S52A&dsmode=1&l=1",5.3000,"07/28/23 00:00:00"
8707,"NLB",,"N37","N37","N37",1,"NT",1,1.0000000000000000e+01,"迎東邨","迎东邨","Ying Tung Estate","東涌市中心 (循環線)","东涌市中心 (循环线)","Tung Chung Town Centre (Circular)","http://www.nlb.com.hk/route?q=N37","http://www.nlb.com.hk/route?q=N37","http://www.nlb.com.hk/route?q=N37",5.4000,"06/10/23 00:00:00"
8708,"KMB",,"47X","47X","47X",1,"T",1,5.3000000000000000e+01,"新田圍","新田围","SUN TIN WAI","葵盛(東)","葵盛(东)","KWAI SHING (EAST)","https://search.kmb.hk/KMBWebSite/?action=routesearch&route=47X&lang=zh-hk","https://search.kmb.hk/KMBWebSite/?action=routesearch&route=47X&lang=zh-cn","https://search.kmb.hk/KMBWebSite/?action=routesearch&route=47X&lang=en",9.3000,"12/02/24 00:00:00"
8709,"KMB",,"47A","47A","47A",1,"T",1,3.3000000000000000e+01,"水泉澳","水泉澳","SHUI CHUEN O","葵芳(南)(不經沙田市中心)","葵芳(南)(不经沙田市中心)","KWAI FONG (SOUTH) (omit Sha Tin Central)","https://search.kmb.hk/KMBWebSite/?action=routesearch&route=47A&lang=zh-hk","https://search.kmb.hk/KMBWebSite/?action=routesearch&route=47A&lang=zh-cn","https://search.kmb.hk/KMBWebSite/?action=routesearch&route=47A&lang=en",9.3000,"06/18/23 00:00:00"
8720,"KMB",,"288C","288C","288C",1,"T",1,3.7000000000000000e+01,"水泉澳","水泉澳","SHUI CHUEN O","顯徑","显径","HIN KENG","https://search.kmb.hk/KMBWebSite/?action=routesearch&route=288C&lang=zh-hk","https://search.kmb.hk/KMBWebSite/?action=routesearch&route=288C&lang=zh-cn","https://search.kmb.hk/KMBWebSite/?action=routesearch&route=288C&lang=en",7.4000,"06/18/23 00:00:00"
8721,"KMB",,"24","24","24",1,"T",1,3.6000000000000000e+01,"啟業","启业","KAI YIP","旺角(循環線)(星期一至五上午繁忙時間服務)","旺角(循环线)(星期一至五上午繁忙时间服务)","MONG KOK (CIRCULAR) (AM Peak Monday to Friday Only)","https://search.kmb.hk/KMBWebSite/?action=routesearch&route=24&lang=zh-hk","https://search.kmb.hk/KMBWebSite/?action=routesearch&route=24&lang=zh-cn","https://search.kmb.hk/KMBWebSite/?action=routesearch&route=24&lang=en",5.8000,"06/14/24 00:00:00"
8722,"XB",,"荃灣 - 皇崗","荃湾 - 皇岗","Tsuen Wan - Huanggang",1,"T",1,3.5000000000000000e+01,"荃灣","荃湾","Tsuen Wan","皇崗","皇岗","Huanggang","https://www.td.gov.hk/tc/transport_in_hong_kong/land_based_cross_boundary_transport/access_to_lok_ma_chau_control_point/tsuen_wan_route/index.html","https://www.td.gov.hk/sc/transport_in_hong_kong/land_based_cross_boundary_transport/access_to_lok_ma_chau_control_point/tsuen_wan_route/index.html","https://www.td.gov.hk/en/transport_in_hong_kong/land_based_cross_boundary_transport/access_to_lok_ma_chau_control_point/tsuen_wan_route/index.html",39.0000,"04/05/23 00:00:00"
8723,"XB",,"荃灣 - 皇崗 (夜間)","荃湾 - 皇岗 (夜間)","Tsuen Wan - Huanggang (Night)",1,"NT",1,4.1000000000000000e+01,"皇崗","皇岗","Huanggang","荃灣(總站設於愉景新城)","荃湾(总站设於愉景新城)","Tsuen Wan (terminus at Discovery Park)","https://www.td.gov.hk/tc/transport_in_hong_kong/land_based_cross_boundary_transport/access_to_lok_ma_chau_control_point/tsuen_wan_route/index.html","https://www.td.gov.hk/sc/transport_in_hong_kong/land_based_cross_boundary_transport/access_to_lok_ma_chau_control_point/tsuen_wan_route/index.html","https://www.td.gov.hk/en/transport_in_hong_kong/land_based_cross_boundary_transport/access_to_lok_ma_chau_control_point/tsuen_wan_route/index.html",42.0000,"09/29/21 00:00:00"
8727,"CTB",,"N952","N952","N952",1,"NT",1,7.3000000000000000e+01,"屯門(置樂花園)","屯门(置乐花园)","Tuen Mun (Chi Lok Fa Yuen)","銅鑼灣(摩頓台)","铜锣湾(摩顿台)","Causeway Bay (Moreton Terrace)","https://mobile.bravobus.com.hk/nwp3/?f=1&ds=N952&dsmode=1&l=0","https://mobile.bravobus.com.hk/nwp3/?f=1&ds=N952&dsmode=1&l=2","https://mobile.bravobus.com.hk/nwp3/?f=1&ds=N952&dsmode=1&l=1",36.7000,"01/02/25 00:00:00"
8728,"KMB",,"T74","T74","T74",1,"T",1,5.7000000000000000e+01,"大埔(太和)","大埔(太和)","TAI PO (TAI WO)","觀塘碼頭","观塘码头","KWUN TONG FERRY","https://search.kmb.hk/KMBWebSite/?action=routesearch&route=T74&lang=zh-hk","https://search.kmb.hk/KMBWebSite/?action=routesearch&route=T74&lang=zh-cn","https://search.kmb.hk/KMBWebSite/?action=routesearch&route=T74&lang=en",14.9000,"06/18/23 00:00:00"
8730,"CTB",,"N930","N930","N930",1,"NT",1,7.3000000000000000e+01,"荃灣 (愉景新城)","荃湾 (愉景新城)","Tsuen Wan (Discovery Park)","銅鑼灣 (摩頓台)","铜锣湾 (摩顿台)","Causeway Bay (Moreton Terrace)","https://mobile.bravobus.com.hk/nwp3/?f=1&ds=N930&dsmode=1&l=0","https://mobile.bravobus.com.hk/nwp3/?f=1&ds=N930&dsmode=1&l=2","https://mobile.bravobus.com.hk/nwp3/?f=1&ds=N930&dsmode=1&l=1",31.2000,"06/18/23 00:00:00"
8731,"KMB",,"269D","269D","269D",1,"T",1,6.4000000000000000e+01,"天水圍站","天水围站","TIN SHUI WAI STATION","瀝源","沥源","LEK YUEN","https://search.kmb.hk/KMBWebSite/?action=routesearch&route=269D&lang=zh-hk","https://search.kmb.hk/KMBWebSite/?action=routesearch&route=269D&lang=zh-cn","https://search.kmb.hk/KMBWebSite/?action=routesearch&route=269D&lang=en",18.5000,"01/22/24 00:00:00"
8732,"KMB",,"61A","61A","61A",1,"T",1,3.2000000000000000e+01,"屯門(友愛南)","屯门(友爱南)","TUEN MUN (YAU OI SOUTH)","屯門轉車站-市區方向","屯门转车站-市区方向","TUEN MUN RD. INTERCHANGE (URBAN BOUND)","https://search.kmb.hk/KMBWebSite/?action=routesearch&route=61A&lang=zh-hk","https://search.kmb.hk/KMBWebSite/?action=routesearch&route=61A&lang=zh-cn","https://search.kmb.hk/KMBWebSite/?action=routesearch&route=61A&lang=en",6.0000,"06/10/23 00:00:00"
8744,"KMB",,"73P","73P","73P",1,"T",1,7.8000000000000000e+01,"大美督","大美督","TAI MEI TUK","荃灣(如心廣場)","荃湾(如心广场)","TSUEN WAN (NINA TOWER)","https://search.kmb.hk/KMBWebSite/?action=routesearch&route=73P&lang=zh-hk","https://search.kmb.hk/KMBWebSite/?action=routesearch&route=73P&lang=zh-cn","https://search.kmb.hk/KMBWebSite/?action=routesearch&route=73P&lang=en",16.9000,"06/18/23 00:00:00"
8745,"KMB+CTB",,"905A","905A","905A",1,"T",1,5.2000000000000000e+01,"會展站","会展站","Exhibition Centre Station","荔枝角","荔枝角","Lai Chi Kok","https://search.kmb.hk/KMBWebSite/?action=routesearch&route=905A&lang=zh-hk","https://search.kmb.hk/KMBWebSite/?action=routesearch&route=905A&lang=zh-cn","https://search.kmb.hk/KMBWebSite/?action=routesearch&route=905A&lang=en",12.9000,"09/20/24 00:00:00"
8747,"KMB",,"82D","82D","82D",1,"T",1,1.7000000000000000e+01,"大圍站","大围站","TAI WAI STATION","白石角","白石角","PAK SHEK KOK","https://search.kmb.hk/KMBWebSite/?action=routesearch&route=82D&lang=zh-hk","https://search.kmb.hk/KMBWebSite/?action=routesearch&route=82D&lang=zh-cn","https://search.kmb.hk/KMBWebSite/?action=routesearch&route=82D&lang=en",8.3000,"06/24/24 00:00:00"
8748,"CTB",,"18","18","18",1,"R",0,4.4000000000000000e+01,"北角 (健康中街)","北角 (健康中街)","North Point (Healthy Street Central)","堅尼地城 (卑路乍灣)","坚尼地城 (卑路乍湾)","Kennedy Town (Belcher Bay)","https://mobile.bravobus.com.hk/nwp3/?f=1&ds=18&dsmode=1&l=0","https://mobile.bravobus.com.hk/nwp3/?f=1&ds=18&dsmode=1&l=2","https://mobile.bravobus.com.hk/nwp3/?f=1&ds=18&dsmode=1&l=1",7.0000,"01/02/25 00:00:00"
8749,"KMB",,"74F","74F","74F",1,"T",1,4.9000000000000000e+01,"觀塘碼頭","观塘码头","KWUN TONG FERRY","香港教育大學","香港教育大学","EDUCATION UNIVERSITY OF HONG KONG","https://search.kmb.hk/KMBWebSite/?action=routesearch&route=74F&lang=zh-hk","https://search.kmb.hk/KMBWebSite/?action=routesearch&route=74F&lang=zh-cn","https://search.kmb.hk/KMBWebSite/?action=routesearch&route=74F&lang=en",16.9000,"06/10/23 00:00:00"
8758,"KMB",,"276C","276C","276C",1,"T",1,6.1000000000000000e+01,"天水圍站","天水围站","TIN SHUI WAI STATION","粉嶺(祥華)","粉岭(祥华)","FANLING (CHEUNG WAH)","https://search.kmb.hk/KMBWebSite/?action=routesearch&route=276C&lang=zh-hk","https://search.kmb.hk/KMBWebSite/?action=routesearch&route=276C&lang=zh-cn","https://search.kmb.hk/KMBWebSite/?action=routesearch&route=276C&lang=en",10.5000,"06/18/23 00:00:00"
8759,"KMB+CTB",,"N307","N307","N307",1,"NT",1,6.8000000000000000e+01,"太和","太和","TAI WO","上環","上环","SHEUNG WAN","https://search.kmb.hk/KMBWebSite/?action=routesearch&route=N307&lang=zh-hk","https://search.kmb.hk/KMBWebSite/?action=routesearch&route=N307&lang=zh-cn","https://search.kmb.hk/KMBWebSite/?action=routesearch&route=N307&lang=en",42.9000,"10/28/24 00:00:00"
8761,"KMB+CTB",,"907B","907B","907B",1,"T",1,9.1000000000000000e+01,"大埔廣福球場","大埔广福球场","TAI PO KWONG FUK PLAYGROUND","灣仔(會展)","湾仔(会展)","WAN CHAI (CONVENTION CENTRE)","https://search.kmb.hk/KMBWebSite/?action=routesearch&route=907B&lang=zh-hk","https://search.kmb.hk/KMBWebSite/?action=routesearch&route=907B&lang=zh-cn","https://search.kmb.hk/KMBWebSite/?action=routesearch&route=907B&lang=en",27.3000,"01/02/25 00:00:00"
8762,"KMB+CTB",,"907C","907C","907C",1,"T",1,7.2000000000000000e+01,"富蝶總站","富蝶总站","FU TIP BUS TERMINUS","灣仔(會展)","湾仔(会展)","WAN CHAI (CONVENTION CENTRE)","https://search.kmb.hk/KMBWebSite/?action=routesearch&route=907C&lang=zh-hk","https://search.kmb.hk/KMBWebSite/?action=routesearch&route=907C&lang=zh-cn","https://search.kmb.hk/KMBWebSite/?action=routesearch&route=907C&lang=en",27.3000,"01/02/25 00:00:00"
8763,"KMB+CTB",,"907C","907C","907C",1,"T",1,9.4000000000000000e+01,"金鐘站","金钟站","ADMIRALTY STATION","富蝶總站","富蝶总站","FU TIP BUS TERMINUS","https://search.kmb.hk/KMBWebSite/?action=routesearch&route=907C&lang=zh-hk","https://search.kmb.hk/KMBWebSite/?action=routesearch&route=907C&lang=zh-cn","https://search.kmb.hk/KMBWebSite/?action=routesearch&route=907C&lang=en",27.3000,"08/23/24 00:00:00"
8773,"KMB",,"108","108","108",1,"T",1,2.3000000000000000e+01,"九龍城(盛德街)","九龙城(盛德街)","KOWLOON CITY (SHING TAK STREET)","銅鑼灣(邊寧頓街)","铜锣湾(边宁顿街)","CAUSEWAY BAY (PENNINGTON STREET)","https://search.kmb.hk/KMBWebSite/?action=routesearch&route=108&lang=zh-hk","https://search.kmb.hk/KMBWebSite/?action=routesearch&route=108&lang=zh-cn","https://search.kmb.hk/KMBWebSite/?action=routesearch&route=108&lang=en",11.3000,"06/18/23 00:00:00"
8774,"KMB+CTB",,"102","102","102",1,"T",1,3.5000000000000000e+01,"紅磡 (海底隧道)","红磡 (海底隧道)","Hung Hom (Cross Harbour Tunnel)","筲箕灣","筲箕湾","Shau Kei Wan","https://search.kmb.hk/KMBWebSite/?action=routesearch&route=102&lang=zh-hk","https://search.kmb.hk/KMBWebSite/?action=routesearch&route=102&lang=zh-cn","https://search.kmb.hk/KMBWebSite/?action=routesearch&route=102&lang=en",12.2000,"06/18/23 00:00:00"
8778,"LWB",,"A33","A33","A33",1,"T",1,7.0000000000000000e+01,"屯門公路轉車站","屯门公路转车站","TUEN MUN ROAD INTERCHANGE","機場(地面運輸中心)(經博覽館)","机场(地面运输中心)(经博览馆)","AIRPORT (GROUND TRANSPORTATION CENTRE) (VIA ASIAWORLD-EXPO)","https://search.kmb.hk/KMBWebSite/?action=routesearch&route=A33&lang=zh-hk","https://search.kmb.hk/KMBWebSite/?action=routesearch&route=A33&lang=zh-cn","https://search.kmb.hk/KMBWebSite/?action=routesearch&route=A33&lang=en",15.7000,"12/03/24 00:00:00"
8779,"LWB",,"A37","A37","A37",1,"T",1,8.6000000000000000e+01,"朗屏站","朗屏站","LONG PING STATION","機場(地面運輸中心)(經博覽館)","机场(地面运输中心)(经博览馆)","AIRPORT (GROUND TRANSPORTATION CENTRE) (VIA ASIAWORLD-EXPO)","https://search.kmb.hk/KMBWebSite/?action=routesearch&route=A37&lang=zh-hk","https://search.kmb.hk/KMBWebSite/?action=routesearch&route=A37&lang=zh-cn","https://search.kmb.hk/KMBWebSite/?action=routesearch&route=A37&lang=en",19.8000,"12/02/24 00:00:00"
8780,"LWB",,"A47X","A47X","A47X",1,"T",1,1.0100000000000000e+02,"大埔(太和)","大埔(太和)","TAI PO (TAI WO)","機場(地面運輸中心)(經亞洲國際博覽館)","机场(地面运输中心)(经亚洲国际博览馆)","AIRPORT (GROUND TRANSPORTATION CENTRE) (via Asia-World Expo)","https://search.kmb.hk/KMBWebSite/?action=routesearch&route=A47X&lang=zh-hk","https://search.kmb.hk/KMBWebSite/?action=routesearch&route=A47X&lang=zh-cn","https://search.kmb.hk/KMBWebSite/?action=routesearch&route=A47X&lang=en",29.0000,"10/10/24 00:00:00"
8788,"KMB",,"285A","285A","285A",1,"T",1,8.0000000000000000e+00,"火炭駿洋邨","火炭骏洋邨","FO TAN CHUN YEUNG ESTATE","火炭站 (循環線)(上午班次)","火炭站 (循环线)(上午班次)","FO TAN STATION (CIRCULAR) (Morning departure)","https://search.kmb.hk/KMBWebSite/?action=routesearch&route=285A&lang=zh-hk","https://search.kmb.hk/KMBWebSite/?action=routesearch&route=285A&lang=zh-cn","https://search.kmb.hk/KMBWebSite/?action=routesearch&route=285A&lang=en",4.9000,"10/06/23 00:00:00"
8789,"CTB",,"85P","85P","85P",1,"T",1,4.0000000000000000e+01,"寶馬山","宝马山","Braemar Hill","小西灣(藍灣半島)","小西湾(蓝湾半岛)","Siu Sai Wan (Island Resort)","https://mobile.bravobus.com.hk/nwp3/?f=1&ds=85P&dsmode=1&l=0","https://mobile.bravobus.com.hk/nwp3/?f=1&ds=85P&dsmode=1&l=2","https://mobile.bravobus.com.hk/nwp3/?f=1&ds=85P&dsmode=1&l=1",7.7000,"08/30/23 00:00:00"
8790,"KMB+CTB",,"671X","671X","671X",1,"T",1,7.1000000000000000e+01,"鴨脷洲(利樂街)","鸭脷洲(利乐街)","AP LEI CHAU LEE LOK ST","鑽石山站","钻石山站","DIAMOND HILL STATION","https://search.kmb.hk/KMBWebSite/?action=routesearch&route=671X&lang=zh-hk","https://search.kmb.hk/KMBWebSite/?action=routesearch&route=671X&lang=zh-cn","https://search.kmb.hk/KMBWebSite/?action=routesearch&route=671X&lang=en",14.7000,"06/10/23 00:00:00"
8791,"KMB",,"98","98","98",1,"R",0,2.8000000000000000e+01,"將軍澳工業邨","将军澳工业邨","TSEUNG KWAN O INDUSTRIAL ESTATE","牛頭角站(循環線)","牛头角站(循环线)","NGAU TAU KOK STATION (CIRCULAR)","https://search.kmb.hk/KMBWebSite/?action=routesearch&route=98&lang=zh-hk","https://search.kmb.hk/KMBWebSite/?action=routesearch&route=98&lang=zh-cn","https://search.kmb.hk/KMBWebSite/?action=routesearch&route=98&lang=en",8.2000,"06/18/23 00:00:00"
8792,"CTB",,"970X","970X","970X",1,"NT",1,7.4000000000000000e+01,"長沙灣 (甘泉街)","长沙湾 (甘泉街)","Cheung Sha Wan (Kom Tsun Street)","香港仔(經華富)","香港仔(经华富)","Aberdeen (via Wah Fu)","https://mobile.bravobus.com.hk/nwp3/?f=1&ds=970X&dsmode=1&l=0","https://mobile.bravobus.com.hk/nwp3/?f=1&ds=970X&dsmode=1&l=2","https://mobile.bravobus.com.hk/nwp3/?f=1&ds=970X&dsmode=1&l=1",14.5000,"01/02/25 00:00:00"
8793,"CTB",,"970X","970X","970X",1,"T",1,5.9000000000000000e+01,"香港仔","香港仔","Aberdeen","旺角","旺角","Mong Kok","https://mobile.bravobus.com.hk/nwp3/?f=1&ds=970X&dsmode=1&l=0","https://mobile.bravobus.com.hk/nwp3/?f=1&ds=970X&dsmode=1&l=2","https://mobile.bravobus.com.hk/nwp3/?f=1&ds=970X&dsmode=1&l=1",14.5000,"01/02/25 00:00:00"
8794,"CTB",,"797","797","797",1,"R",0,5.4000000000000000e+01,"日出康城","日出康城","LOHAS Park","新蒲崗 (循環線)","新蒲岗 (循环线)","San Po Kong (Circular)","https://mobile.bravobus.com.hk/nwp3/?f=1&ds=797&dsmode=1&l=0","https://mobile.bravobus.com.hk/nwp3/?f=1&ds=797&dsmode=1&l=2","https://mobile.bravobus.com.hk/nwp3/?f=1&ds=797&dsmode=1&l=1",10.3000,"09/27/24 00:00:00"
8795,"CTB",,"797","797","797",1,"T",1,5.4000000000000000e+01,"日出康城 / 將軍澳工業邨","日出康城 / 将军澳工业邨","LOHAS Park / Tseung Kwan O Industrial Estate","新蒲崗 (循環線)","新蒲岗 (循环线)","San Po Kong (Circular)","https://mobile.bravobus.com.hk/nwp3/?f=1&ds=797&dsmode=1&l=0","https://mobile.bravobus.com.hk/nwp3/?f=1&ds=797&dsmode=1&l=2","https://mobile.bravobus.com.hk/nwp3/?f=1&ds=797&dsmode=1&l=1",10.3000,"09/27/24 00:00:00"
8796,"CTB",,"49X","49X","49X",1,"T",1,7.4000000000000000e+01,"小西灣 (藍灣半島)","小西湾 (蓝湾半岛)","Siu Sai Wan (Island Resort)","數碼港","数码港","Cyberport","https://mobile.bravobus.com.hk/nwp3/?f=1&ds=49X&dsmode=1&l=0","https://mobile.bravobus.com.hk/nwp3/?f=1&ds=49X&dsmode=1&l=2","https://mobile.bravobus.com.hk/nwp3/?f=1&ds=49X&dsmode=1&l=1",16.4000,"06/18/23 00:00:00"
8797,"KMB",,"12P","12P","12P",1,"T",1,4.1000000000000000e+01,"海麗邨","海丽邨","HOI LAI ESTATE","紅磡站","红磡站","HUNG HOM STATION","https://search.kmb.hk/KMBWebSite/?action=routesearch&route=12P&lang=zh-hk","https://search.kmb.hk/KMBWebSite/?action=routesearch&route=12P&lang=zh-cn","https://search.kmb.hk/KMBWebSite/?action=routesearch&route=12P&lang=en",5.8000,"06/10/23 00:00:00"
8798,"KMB",,"13D","13D","13D",1,"R",0,5.4000000000000000e+01,"寶達","宝达","PO TAT","維港灣(不經深旺道)","维港湾(不经深旺道)","ISLAND HARBOURVIEW (OMIT SHAM MONG ROAD)","https://search.kmb.hk/KMBWebSite/?action=routesearch&route=13D&lang=zh-hk","https://search.kmb.hk/KMBWebSite/?action=routesearch&route=13D&lang=zh-cn","https://search.kmb.hk/KMBWebSite/?action=routesearch&route=13D&lang=en",7.8000,"11/15/24 00:00:00"
8799,"KMB",,"13M","13M","13M",1,"T",1,1.2000000000000000e+01,"寶達","宝达","PO TAT","觀塘站","观塘站","KWUN TONG STATION","https://search.kmb.hk/KMBWebSite/?action=routesearch&route=13M&lang=zh-hk","https://search.kmb.hk/KMBWebSite/?action=routesearch&route=13M&lang=zh-cn","https://search.kmb.hk/KMBWebSite/?action=routesearch&route=13M&lang=en",5.1000,"06/14/24 00:00:00"
8805,"LWB",,"A33","A33","A33",1,"R",0,6.3000000000000000e+01,"屯門公路轉車站","屯门公路转车站","TUEN MUN ROAD INTERCHANGE","機場(地面運輸中心)","机场(地面运输中心)","AIRPORT (GROUND TRANSPORTATION CENTRE)","https://search.kmb.hk/KMBWebSite/?action=routesearch&route=A33&lang=zh-hk","https://search.kmb.hk/KMBWebSite/?action=routesearch&route=A33&lang=zh-cn","https://search.kmb.hk/KMBWebSite/?action=routesearch&route=A33&lang=en",15.7000,"12/03/24 00:00:00"
1000001,"KMB",,"43S","43S","43S",1,"T",1,4.8000000000000000e+01,"石蔭","石荫","SHEK YAM","香港科學園","香港科学园","HONG KONG SCIENCE PARK","https://search.kmb.hk/KMBWebSite/?action=routesearch&route=43S&lang=zh-hk","https://search.kmb.hk/KMBWebSite/?action=routesearch&route=43S&lang=zh-cn","https://search.kmb.hk/KMBWebSite/?action=routesearch&route=43S&lang=en",10.4000,"12/12/24 00:00:00"
1000002,"KMB",,"74P","74P","74P",1,"T",1,3.2000000000000000e+01,"香港科學園","香港科学园","HONG KONG SCIENCE PARK","觀塘碼頭","观塘码头","KWUN TONG FERRY","https://search.kmb.hk/KMBWebSite/?action=routesearch&route=74P&lang=zh-hk","https://search.kmb.hk/KMBWebSite/?action=routesearch&route=74P&lang=zh-cn","https://search.kmb.hk/KMBWebSite/?action=routesearch&route=74P&lang=en",11.5000,"06/18/23 00:00:00"
1000004,"LWB",,"A32","A32","A32",1,"T",1,8.1000000000000000e+01,"葵涌邨","葵涌邨","KWAI CHUNG ESTATE","機場(地面運輸中心)(經博覽館)","机场(地面运输中心)(经博览馆)","AIRPORT (GROUND TRANSPORTATION CENTRE) (VIA EXPO)","https://search.kmb.hk/KMBWebSite/?action=routesearch&route=A32&lang=zh-hk","https://search.kmb.hk/KMBWebSite/?action=routesearch&route=A32&lang=zh-cn","https://search.kmb.hk/KMBWebSite/?action=routesearch&route=A32&lang=en",19.8000,"03/15/24 00:00:00"
1000006,"CTB",,"5B","5B","5B",1,"T",1,5.1000000000000000e+01,"銅鑼灣 (銅鑼灣道)","铜锣湾 (铜锣湾道)","Causeway Bay (Tung Lo Wan Road)","摩星嶺","摩星岭","Felix Villas","https://mobile.bravobus.com.hk/nwp3/?f=1&ds=5B&dsmode=1&l=0","https://mobile.bravobus.com.hk/nwp3/?f=1&ds=5B&dsmode=1&l=2","https://mobile.bravobus.com.hk/nwp3/?f=1&ds=5B&dsmode=1&l=1",4.8000,"10/04/24 00:00:00"
1000013,"CTB",,"933","933","933",1,"T",1,4.7000000000000000e+01,"荃灣西站","荃湾西站","Tsuen Wan West Station","西灣河","西湾河","Sai Wan Ho","https://mobile.bravobus.com.hk/nwp3/?f=1&ds=933&dsmode=1&l=0","https://mobile.bravobus.com.hk/nwp3/?f=1&ds=933&dsmode=1&l=2","https://mobile.bravobus.com.hk/nwp3/?f=1&ds=933&dsmode=1&l=1",20.8000,"01/02/25 00:00:00"
1000014,"CTB",,"976","976","976",1,"T",1,6.8000000000000000e+01,"落馬洲 (新田)","落马洲 (新田)","Lok Ma Chau (San Tin)","西灣河","西湾河","Sai Wan Ho","https://mobile.bravobus.com.hk/nwp3/?f=1&ds=976&dsmode=1&l=0","https://mobile.bravobus.com.hk/nwp3/?f=1&ds=976&dsmode=1&l=2","https://mobile.bravobus.com.hk/nwp3/?f=1&ds=976&dsmode=1&l=1",27.6000,"01/02/25 00:00:00"
1000015,"CTB",,"989","989","989",1,"T",1,7.1000000000000000e+01,"火炭 (駿洋邨)","火炭 (骏洋邨)","Fo Tan (Chun Yeung Estate)","西灣河","西湾河","Sai Wan Ho","https://mobile.bravobus.com.hk/nwp3/?f=1&ds=989&dsmode=1&l=0","https://mobile.bravobus.com.hk/nwp3/?f=1&ds=989&dsmode=1&l=2","https://mobile.bravobus.com.hk/nwp3/?f=1&ds=989&dsmode=1&l=1",20.3000,"01/02/25 00:00:00"
1000016,"KMB",,"900","900","900",1,"T",1,6.5000000000000000e+01,"白石角","白石角","PAK SHEK KOK","灣仔(會展)","湾仔(会展)","WAN CHAI (CONVENTION CENTRE)","https://search.kmb.hk/KMBWebSite/?action=routesearch&route=900&lang=zh-hk","https://search.kmb.hk/KMBWebSite/?action=routesearch&route=900&lang=zh-cn","https://search.kmb.hk/KMBWebSite/?action=routesearch&route=900&lang=en",22.0000,"01/02/25 00:00:00"
1000019,"CTB",,"988","988","988",1,"T",1,8.0000000000000000e+01,"柴灣 (東)","柴湾 (东)","Chai Wan (East)","泥涌","泥涌","Nai Chung","https://mobile.bravobus.com.hk/nwp3/?f=1&ds=988&dsmode=1&l=0","https://mobile.bravobus.com.hk/nwp3/?f=1&ds=988&dsmode=1&l=2","https://mobile.bravobus.com.hk/nwp3/?f=1&ds=988&dsmode=1&l=1",27.3000,"06/18/23 00:00:00"
1000021,"KMB",,"298F","298F","298F",1,"T",1,2.1000000000000000e+01,"坑口站","坑口站","HANG HAU STATION","將軍澳工業(循環線)","将军澳工业(循环线)","TSEUNG KWAN O INDUSTRIAL ESTATE (CIRCULAR)","https://search.kmb.hk/KMBWebSite/?action=routesearch&route=298F&lang=zh-hk","https://search.kmb.hk/KMBWebSite/?action=routesearch&route=298F&lang=zh-cn","https://search.kmb.hk/KMBWebSite/?action=routesearch&route=298F&lang=en",5.8000,"11/22/23 00:00:00"
1000027,"LWB",,"E36P","E36P","E36P",1,"T",1,6.9000000000000000e+01,"上村","上村","SHEUNG TSUEN","航天城","航天城","SKYCITY","https://search.kmb.hk/KMBWebSite/?action=routesearch&route=E36P&lang=zh-hk","https://search.kmb.hk/KMBWebSite/?action=routesearch&route=E36P&lang=zh-cn","https://search.kmb.hk/KMBWebSite/?action=routesearch&route=E36P&lang=en",14.4000,"09/27/24 00:00:00"
1000028,"LWB",,"E37","E37","E37",1,"R",0,8.7000000000000000e+01,"天水圍市中心","天水围市中心","TIN SHUI WAI TOWN CENTRE","機場(地面運輸中心)","机场(地面运输中心)","AIRPORT (GROUND TRANSPORTATION CENTRE)","https://search.kmb.hk/KMBWebSite/?action=routesearch&route=E37&lang=zh-hk","https://search.kmb.hk/KMBWebSite/?action=routesearch&route=E37&lang=zh-cn","https://search.kmb.hk/KMBWebSite/?action=routesearch&route=E37&lang=en",14.4000,"02/19/24 00:00:00"
1000029,"LWB",,"NA36","NA36","NA36",1,"NT",1,6.1000000000000000e+01,"錦上路站","锦上路站","KAM SHEUNG ROAD STATION","國泰城","国泰城","CATHAY PACIFIC CITY","https://search.kmb.hk/KMBWebSite/?action=routesearch&route=NA36&lang=zh-hk","https://search.kmb.hk/KMBWebSite/?action=routesearch&route=NA36&lang=zh-cn","https://search.kmb.hk/KMBWebSite/?action=routesearch&route=NA36&lang=en",34.6000,"01/02/25 00:00:00"
1000031,"LWB",,"E37","E37","E37",1,"T",1,7.8000000000000000e+01,"天水圍市中心","天水围市中心","TIN SHUI WAI TOWN CENTRE","機場(地面運輸中心)(不經天水圍北)","机场(地面运输中心)(不经天水围北)","AIRPORT (GROUND TRANSPORTATION CENTRE) (OMIT TIN SHUI WAI NORTH)","https://search.kmb.hk/KMBWebSite/?action=routesearch&route=E37&lang=zh-hk","https://search.kmb.hk/KMBWebSite/?action=routesearch&route=E37&lang=zh-cn","https://search.kmb.hk/KMBWebSite/?action=routesearch&route=E37&lang=en",14.4000,"02/19/24 00:00:00"
1000033,"LWB",,"E37","E37","E37",1,"NT",1,6.9000000000000000e+01,"天頌苑頌棋閣","天颂苑颂棋阁","CHUNG KI HOUSE, TIN CHUNG COURT","機場(地面運輸中心)","机场(地面运输中心)","AIRPORT (GROUND TRANSPORTATION CENTRE)","https://search.kmb.hk/KMBWebSite/?action=routesearch&route=E37&lang=zh-hk","https://search.kmb.hk/KMBWebSite/?action=routesearch&route=E37&lang=zh-cn","https://search.kmb.hk/KMBWebSite/?action=routesearch&route=E37&lang=en",14.4000,"09/26/24 00:00:00"
1000047,"LWB",,"A34","A34","A34",1,"T",1,7.6000000000000000e+01,"洪水橋(洪元路)","洪水桥(洪元路)","HUNG SHUI KIU (HUNG YUEN ROAD)","機場(地面運輸中心)(經亞洲國際博覽館)","机场(地面运输中心)(经亚洲国际博览馆)","AIRPORT (GROUND TRANSPORTATION CENTRE) (via Asia-World Expo)","https://search.kmb.hk/KMBWebSite/?action=routesearch&route=A34&lang=zh-hk","https://search.kmb.hk/KMBWebSite/?action=routesearch&route=A34&lang=zh-cn","https://search.kmb.hk/KMBWebSite/?action=routesearch&route=A34&lang=en",15.7000,"09/02/24 00:00:00"
1000048,"KMB",,"87E","87E","87E",1,"T",1,6.1000000000000000e+01,"尖沙咀東(麼地道)","尖沙咀东(麽地道)","TSIM SHA TSUI EAST (MODY ROAD)","泥涌","泥涌","NAI CHUNG","https://search.kmb.hk/KMBWebSite/?action=routesearch&route=87E&lang=zh-hk","https://search.kmb.hk/KMBWebSite/?action=routesearch&route=87E&lang=zh-cn","https://search.kmb.hk/KMBWebSite/?action=routesearch&route=87E&lang=en",14.3000,"01/02/25 00:00:00"
1000049,"LWB",,"A34","A34","A34",1,"T",1,6.1000000000000000e+01,"兆康路","兆康路","SIU HONG ROAD","機場(地面運輸中心)(經亞洲國際博覽館)","机场(地面运输中心)(经亚洲国际博览馆)","AIRPORT (GROUND TRANSPORTATION CENTRE) (via Asia-World Expo)","https://search.kmb.hk/KMBWebSite/?action=routesearch&route=A34&lang=zh-hk","https://search.kmb.hk/KMBWebSite/?action=routesearch&route=A34&lang=zh-cn","https://search.kmb.hk/KMBWebSite/?action=routesearch&route=A34&lang=en",15.7000,"09/18/23 00:00:00"
1000051,"CTB",,"97","97","97",1,"T",1,3.1000000000000000e+01,"中環(交易廣場)","中环(交易广场)","Central (Exchange Square)","利東邨(經告士打道)","利东邨(经告士打道)","Lei Tung Estate (via Gloutcester Road)","https://mobile.bravobus.com.hk/nwp3/?f=1&ds=97&dsmode=1&l=0","https://mobile.bravobus.com.hk/nwp3/?f=1&ds=97&dsmode=1&l=2","https://mobile.bravobus.com.hk/nwp3/?f=1&ds=97&dsmode=1&l=1",6.6000,"10/10/24 00:00:00"
1000052,"CTB",,"969C","969C","969C",1,"T",1,6.5000000000000000e+01,"天水圍市中心","天水围市中心","Tin Shui Wai Town Centre","太古 (康怡廣場)(經天耀)","太古 (康怡广场)(经天耀)","Taikoo (Kornhill Plaza) (via Tin Yiu)","https://mobile.bravobus.com.hk/nwp3/?f=1&ds=969C&dsmode=1&l=0","https://mobile.bravobus.com.hk/nwp3/?f=1&ds=969C&dsmode=1&l=2","https://mobile.bravobus.com.hk/nwp3/?f=1&ds=969C&dsmode=1&l=1",28.2000,"11/03/23 00:00:00"
1000064,"KMB",,"265S","265S","265S",1,"T",1,9.0000000000000000e+01,"天水圍市中心","天水围市中心","TIN SHUI WAI TOWN CENTRE","香港教育大學(經元朗)","香港教育大学(经元朗)","EDUCATION UNIVERSITY OF HONG KONG (VIA YUEN LONG)","https://search.kmb.hk/KMBWebSite/?action=routesearch&route=265S&lang=zh-hk","https://search.kmb.hk/KMBWebSite/?action=routesearch&route=265S&lang=zh-cn","https://search.kmb.hk/KMBWebSite/?action=routesearch&route=265S&lang=en",17.2000,"12/13/24 00:00:00"
1000065,"LWB",,"E36S","E36S","E36S",1,"T",1,7.1000000000000000e+01,"元朗(媽橫路)","元朗(妈横路)","YUEN LONG (MA WANG ROAD)","機場(地面運輸中心)","机场(地面运输中心)","AIRPORT (GROUND TRANSPORTATION CENTRE)","https://search.kmb.hk/KMBWebSite/?action=routesearch&route=E36S&lang=zh-hk","https://search.kmb.hk/KMBWebSite/?action=routesearch&route=E36S&lang=zh-cn","https://search.kmb.hk/KMBWebSite/?action=routesearch&route=E36S&lang=en",14.4000,"01/02/25 00:00:00"
1000066,"LRTFeeder",,"K76S","K76S","K76S",1,"T",1,1.3000000000000000e+01,"濕地公園路 (近天葵路)","湿地公园路 (近天葵路)","Wetland Park Road (near Tin Kwai Road)","天水圍站","天水围站","Tin Shui Wai Station","https://www.mtr.com.hk/ch/customer/services/bus_finder_search_box.html","https://www.mtr.com.hk/ch/customer/services/bus_finder_search_box.html","https://www.mtr.com.hk/en/customer/services/bus_finder_search_box.html",5.1000,"06/24/24 00:00:00"
1000067,"LRTFeeder",,"K75P","K75P","K75P",1,"NT",1,2.2000000000000000e+01,"石埗路","石埗路","Shek Po Road","天瑞","天瑞","Tin Shui","https://www.mtr.com.hk/ch/customer/services/bus_finder_search_box.html","https://www.mtr.com.hk/ch/customer/services/bus_finder_search_box.html","https://www.mtr.com.hk/en/customer/services/bus_finder_search_box.html",5.1000,"06/24/24 00:00:00"
1000068,"KMB",,"14B","14B","14B",1,"T",1,2.8000000000000000e+01,"樂華","乐华","LOK WAH","藍田(廣田邨)","蓝田(广田邨)","LAM TIN (KWONG TIN ESTATE)","https://search.kmb.hk/KMBWebSite/?action=routesearch&route=14B&lang=zh-hk","https://search.kmb.hk/KMBWebSite/?action=routesearch&route=14B&lang=zh-cn","https://search.kmb.hk/KMBWebSite/?action=routesearch&route=14B&lang=en",5.8000,"06/18/23 00:00:00"
1000069,"NLB",,"11","11","11",1,"T",3,3.7000000000000000e+01,"沙咀懲教所","沙咀惩教所","Sha Tsui Correctional Institution","東涌站巴士總站","东涌站巴士总站","Tung Chung Station Bus Terminus","http://www.nlb.com.hk/route?q=11","http://www.nlb.com.hk/route?q=11","http://www.nlb.com.hk/route?q=11",17.6000,"06/18/23 00:00:00"
1000077,"KMB",,"603A","603A","603A",1,"T",1,5.2000000000000000e+01,"中環(林士街)","中环(林士街)","CENTRAL (RUMSEY STREET)","平田","平田","PING TIN","https://search.kmb.hk/KMBWebSite/?action=routesearch&route=603A&lang=zh-hk","https://search.kmb.hk/KMBWebSite/?action=routesearch&route=603A&lang=zh-cn","https://search.kmb.hk/KMBWebSite/?action=routesearch&route=603A&lang=en",13.9000,"01/17/25 00:00:00"
1000079,"CTB",,"A29","A29","A29",1,"T",1,1.0000000000000000e+02,"將軍澳(寶琳)","将军澳(宝琳)","Tseung Kwan O (Po Lam)","機場(經博覽館)","机场(经博览馆)","Airport (via AsiaWorld-Expo)","https://mobile.bravobus.com.hk/nwp3/?f=1&ds=A29&dsmode=1&l=0","https://mobile.bravobus.com.hk/nwp3/?f=1&ds=A29&dsmode=1&l=2","https://mobile.bravobus.com.hk/nwp3/?f=1&ds=A29&dsmode=1&l=1",44.0000,"06/18/23 00:00:00"
1000081,"KMB",,"281","281","281",1,"R",0,9.0000000000000000e+00,"大圍站","大围站","TAI WAI STATION","新田圍 (循環線)","新田围 (循环线)","SUN TIN WAI (CIRCULAR)","https://search.kmb.hk/KMBWebSite/?action=routesearch&route=281&lang=zh-hk","https://search.kmb.hk/KMBWebSite/?action=routesearch&route=281&lang=zh-cn","https://search.kmb.hk/KMBWebSite/?action=routesearch&route=281&lang=en",4.9000,"08/02/24 00:00:00"
1000082,"CTB",,"6X","6X","6X",1,"T",1,6.3000000000000000e+01,"赤柱炮台","赤柱炮台","Stanley Fort","中環 (交易廣場)","中环 (交易广场)","Central (Exchange Square)","https://mobile.bravobus.com.hk/nwp3/?f=1&ds=6X&dsmode=1&l=0","https://mobile.bravobus.com.hk/nwp3/?f=1&ds=6X&dsmode=1&l=2","https://mobile.bravobus.com.hk/nwp3/?f=1&ds=6X&dsmode=1&l=1",11.7000,"01/02/25 00:00:00"
1000083,"CTB",,"4","4","4",1,"T",1,4.9000000000000000e+01,"黃竹坑","黄竹坑","Wong Chuk Hang","中環","中环","Central","https://mobile.bravobus.com.hk/nwp3/?f=1&ds=4&dsmode=1&l=0","https://mobile.bravobus.com.hk/nwp3/?f=1&ds=4&dsmode=1&l=2","https://mobile.bravobus.com.hk/nwp3/?f=1&ds=4&dsmode=1&l=1",7.7000,"01/02/25 00:00:00"
1000084,"CTB",,"4","4","4",1,"T",1,5.0000000000000000e+01,"中環","中环","Central","黃竹坑","黄竹坑","Wong Chuk Hang","https://mobile.bravobus.com.hk/nwp3/?f=1&ds=4&dsmode=1&l=0","https://mobile.bravobus.com.hk/nwp3/?f=1&ds=4&dsmode=1&l=2","https://mobile.bravobus.com.hk/nwp3/?f=1&ds=4&dsmode=1&l=1",7.7000,"06/10/23 00:00:00"
1000092,"CTB",,"NR61","NR61","NR61",1,"T",1,2.8000000000000000e+01,"沙田第一城","沙田第一城","City One Shatin","藍田站(下午班次)","蓝田站(下午班次)","Lam Tin Station (Afternoon departures)","https://mobile.bravobus.com.hk/nwp3/?f=1&ds=61R&dsmode=1&l=0","https://mobile.bravobus.com.hk/nwp3/?f=1&ds=61R&dsmode=1&l=2","https://mobile.bravobus.com.hk/nwp3/?f=1&ds=61R&dsmode=1&l=1",7.7000,"10/10/23 00:00:00"
1000093,"CTB",,"NR88","NR88","NR88",1,"R",0,5.3000000000000000e+01,"沙田第一城","沙田第一城","City One Shatin","中環","中环","Central","https://mobile.bravobus.com.hk/nwp3/?f=1&ds=88R&dsmode=1&l=0","https://mobile.bravobus.com.hk/nwp3/?f=1&ds=88R&dsmode=1&l=2","https://mobile.bravobus.com.hk/nwp3/?f=1&ds=88R&dsmode=1&l=1",21.5000,"10/10/23 00:00:00"
1000094,"CTB",,"NR88","NR88","NR88",1,"T",1,3.3000000000000000e+01,"沙田第一城","沙田第一城","City One Shatin","中環(經西區海底隧道)","中环(经西区海底隧道)","Central (via Western Harbour Crossing)","https://mobile.bravobus.com.hk/nwp3/?f=1&ds=88R&dsmode=1&l=0","https://mobile.bravobus.com.hk/nwp3/?f=1&ds=88R&dsmode=1&l=2","https://mobile.bravobus.com.hk/nwp3/?f=1&ds=88R&dsmode=1&l=1",21.5000,"10/10/23 00:00:00"
1000095,"KMB",,"5R","5R","5R",1,"T",1,1.4000000000000000e+01,"啟德郵輪碼頭","启德邮轮码头","KAI TAK CRUISE TERMINAL","觀塘 (apm)","观塘 (apm)","KWUN TONG (apm)","https://search.kmb.hk/KMBWebSite/?action=routesearch&route=5R&lang=zh-hk","https://search.kmb.hk/KMBWebSite/?action=routesearch&route=5R&lang=zh-cn","https://search.kmb.hk/KMBWebSite/?action=routesearch&route=5R&lang=en",8.1000,"12/02/24 00:00:00"
1000096,"KMB",,"36","36","36",1,"NT",1,2.0000000000000000e+01,"梨木樹","梨木树","LEI MUK SHUE","荃灣西站","荃湾西站","TSUEN WAN WEST STATION","https://search.kmb.hk/KMBWebSite/?action=routesearch&route=36&lang=zh-hk","https://search.kmb.hk/KMBWebSite/?action=routesearch&route=36&lang=zh-cn","https://search.kmb.hk/KMBWebSite/?action=routesearch&route=36&lang=en",5.1000,"06/18/23 00:00:00"
1000097,"KMB",,"43X","43X","43X",1,"T",1,4.2000000000000000e+01,"保泰街","保泰街","PO TAI STREET","荃灣西站","荃湾西站","TSUEN WAN WEST STATION","https://search.kmb.hk/KMBWebSite/?action=routesearch&route=43X&lang=zh-hk","https://search.kmb.hk/KMBWebSite/?action=routesearch&route=43X&lang=zh-cn","https://search.kmb.hk/KMBWebSite/?action=routesearch&route=43X&lang=en",10.4000,"06/18/23 00:00:00"
8800,"KMB",,"13X","13X","13X",1,"T",1,4.7000000000000000e+01,"寶達","宝达","PO TAT","尖沙咀東(不經麗晶花園及啟業)","尖沙咀东(不经丽晶花园及启业)","TSIM SHA TSUI EAST (omit Richland Gardens and Kai Yip)","https://search.kmb.hk/KMBWebSite/?action=routesearch&route=13X&lang=zh-hk","https://search.kmb.hk/KMBWebSite/?action=routesearch&route=13X&lang=zh-cn","https://search.kmb.hk/KMBWebSite/?action=routesearch&route=13X&lang=en",8.6000,"09/13/24 00:00:00"
8801,"KMB",,"13X","13X","13X",1,"T",1,5.8000000000000000e+01,"寶達","宝达","PO TAT","尖沙咀東(不經麗晶花園及啟業, 不停曲街)","尖沙咀东(不经丽晶花园及启业, 不停曲街)","TSIM SHA TSUI EAST (omit Richland Gardens, Kai Yip and Cooke Street)","https://search.kmb.hk/KMBWebSite/?action=routesearch&route=13X&lang=zh-hk","https://search.kmb.hk/KMBWebSite/?action=routesearch&route=13X&lang=zh-cn","https://search.kmb.hk/KMBWebSite/?action=routesearch&route=13X&lang=en",8.6000,"08/09/24 00:00:00"
8802,"KMB",,"13X","13X","13X",1,"T",1,4.6000000000000000e+01,"彩褔","彩褔","CHOI FOOK","尖沙咀東","尖沙咀东","TSIM SHA TSUI EAST","https://search.kmb.hk/KMBWebSite/?action=routesearch&route=13X&lang=zh-hk","https://search.kmb.hk/KMBWebSite/?action=routesearch&route=13X&lang=zh-cn","https://search.kmb.hk/KMBWebSite/?action=routesearch&route=13X&lang=en",8.6000,"06/18/23 00:00:00"
8803,"LWB",,"A34","A34","A34",1,"R",0,6.9000000000000000e+01,"洪水橋(洪元路)","洪水桥(洪元路)","HUNG SHUI KIU (HUNG YUEN ROAD)","機場(地面運輸中心)","机场(地面运输中心)","AIRPORT (GROUND TRANSPORTATION CENTRE)","https://search.kmb.hk/KMBWebSite/?action=routesearch&route=A34&lang=zh-hk","https://search.kmb.hk/KMBWebSite/?action=routesearch&route=A34&lang=zh-cn","https://search.kmb.hk/KMBWebSite/?action=routesearch&route=A34&lang=en",15.7000,"12/13/24 00:00:00"
8804,"LWB",,"A34","A34","A34",1,"NT",1,5.4000000000000000e+01,"兆康路","兆康路","SIU HONG ROAD","機場(地面運輸中心)","机场(地面运输中心)","AIRPORT (GROUND TRANSPORTATION CENTRE)","https://search.kmb.hk/KMBWebSite/?action=routesearch&route=A34&lang=zh-hk","https://search.kmb.hk/KMBWebSite/?action=routesearch&route=A34&lang=zh-cn","https://search.kmb.hk/KMBWebSite/?action=routesearch&route=A34&lang=en",15.7000,"08/30/24 00:00:00"
1000007,"KMB",,"215X","215X","215X",1,"T",1,4.1000000000000000e+01,"藍田(廣田邨)","蓝田(广田邨)","LAM TIN (KWONG TIN ESTATE)","九龍站(不停曲街)","九龙站(不停曲街)","KOWLOON STATION (omit Cookie Street)","https://search.kmb.hk/KMBWebSite/?action=routesearch&route=215X&lang=zh-hk","https://search.kmb.hk/KMBWebSite/?action=routesearch&route=215X&lang=zh-cn","https://search.kmb.hk/KMBWebSite/?action=routesearch&route=215X&lang=en",8.6000,"01/02/25 00:00:00"
1000008,"KMB",,"3X","3X","3X",1,"T",1,6.4000000000000000e+01,"佐敦(西九龍站)","佐敦(西九龙站)","JORDAN (WEST KOWLOON STATION)","慈雲山(北)","慈云山(北)","TSZ WAN SHAN (NORTH)","https://search.kmb.hk/KMBWebSite/?action=routesearch&route=3X&lang=zh-hk","https://search.kmb.hk/KMBWebSite/?action=routesearch&route=3X&lang=zh-cn","https://search.kmb.hk/KMBWebSite/?action=routesearch&route=3X&lang=en",7.8000,"06/18/23 00:00:00"
1000009,"CTB",,"952P","952P","952P",1,"T",1,7.0000000000000000e+01,"掃管笏","扫管笏","So Kwun Wat","銅鑼灣 (摩頓台)","铜锣湾 (摩顿台)","Causeway Bay (Moreton Terrace)","https://mobile.bravobus.com.hk/nwp3/?f=1&ds=952P&dsmode=1&l=0","https://mobile.bravobus.com.hk/nwp3/?f=1&ds=952P&dsmode=1&l=2","https://mobile.bravobus.com.hk/nwp3/?f=1&ds=952P&dsmode=1&l=1",24.2000,"06/10/23 00:00:00"
1000010,"KMB+CTB",,"948E","948E","948E",1,"T",1,6.0000000000000000e+01,"青衣站","青衣站","TSING YI STATION","太古(康怡廣場)","太古(康怡广场)","TAIKOO(KORNHILL PLAZA)","https://search.kmb.hk/KMBWebSite/?action=routesearch&route=948E&lang=zh-hk","https://search.kmb.hk/KMBWebSite/?action=routesearch&route=948E&lang=zh-cn","https://search.kmb.hk/KMBWebSite/?action=routesearch&route=948E&lang=en",24.4000,"09/15/23 00:00:00"
1000011,"LWB",,"A43P","A43P","A43P",1,"T",1,7.0000000000000000e+01,"機場(地面運輸中心)","机场(地面运输中心)","AIRPORT (GROUND TRANSPORTATION CENTRE)","粉嶺(聯和墟)(經亞洲國際博覽館)","粉岭(联和墟)(经亚洲国际博览馆)","FANLING (LUEN WO HUI) (via Asia-World Expo)","https://search.kmb.hk/KMBWebSite/?action=routesearch&route=A43P&lang=zh-hk","https://search.kmb.hk/KMBWebSite/?action=routesearch&route=A43P&lang=zh-cn","https://search.kmb.hk/KMBWebSite/?action=routesearch&route=A43P&lang=en",32.4000,"06/18/23 00:00:00"
1000022,"LWB",,"E43","E43","E43",1,"T",1,1.1100000000000000e+02,"粉嶺(華明)","粉岭(华明)","FANLING (WAH MING)","東涌發展碼頭","东涌发展码头","TUNG CHUNG DEVELOPMENT PIER","https://search.kmb.hk/KMBWebSite/?action=routesearch&route=E43&lang=zh-hk","https://search.kmb.hk/KMBWebSite/?action=routesearch&route=E43&lang=zh-cn","https://search.kmb.hk/KMBWebSite/?action=routesearch&route=E43&lang=en",14.8000,"06/26/23 00:00:00"
1000023,"LWB",,"A41P","A41P","A41P",1,"T",1,9.3000000000000000e+01,"烏溪沙站","乌溪沙站","WU KAI SHA STATION","機場(地面運輸中心)(經亞洲國際博覽館)","机场(地面运输中心)(经亚洲国际博览馆)","AIRPORT (GROUND TRANSPORTATION CENTRE) (via Asia-World Expo)","https://search.kmb.hk/KMBWebSite/?action=routesearch&route=A41P&lang=zh-hk","https://search.kmb.hk/KMBWebSite/?action=routesearch&route=A41P&lang=zh-cn","https://search.kmb.hk/KMBWebSite/?action=routesearch&route=A41P&lang=en",29.0000,"11/03/23 00:00:00"
1000024,"KMB",,"249X","249X","249X",1,"T",1,2.8000000000000000e+01,"青衣站","青衣站","TSING YI STATION","大圍站","大围站","TAI WAI STATION","https://search.kmb.hk/KMBWebSite/?action=routesearch&route=249X&lang=zh-hk","https://search.kmb.hk/KMBWebSite/?action=routesearch&route=249X&lang=zh-cn","https://search.kmb.hk/KMBWebSite/?action=routesearch&route=249X&lang=en",10.4000,"01/04/24 00:00:00"
1000025,"LWB",,"E36","E36","E36",1,"R",0,7.6000000000000000e+01,"八鄉路","八乡路","PAT HEUNG ROAD","機場(地面運輸中心)","机场(地面运输中心)","AIRPORT (GROUND TRANSPORTATION CENTRE)","https://search.kmb.hk/KMBWebSite/?action=routesearch&route=E36&lang=zh-hk","https://search.kmb.hk/KMBWebSite/?action=routesearch&route=E36&lang=zh-cn","https://search.kmb.hk/KMBWebSite/?action=routesearch&route=E36&lang=en",14.4000,"01/02/25 00:00:00"
1000026,"LWB",,"E36A","E36A","E36A",1,"R",0,7.9000000000000000e+01,"元朗(德業街)","元朗(德业街)","YUEN LONG (TAK YIP STREET)","東涌(逸東)","东涌(逸东)","TUNG CHUNG (YAT TUNG)","https://search.kmb.hk/KMBWebSite/?action=routesearch&route=E36A&lang=zh-hk","https://search.kmb.hk/KMBWebSite/?action=routesearch&route=E36A&lang=zh-cn","https://search.kmb.hk/KMBWebSite/?action=routesearch&route=E36A&lang=en",14.4000,"12/02/24 00:00:00"
1000035,"KMB",,"287P","287P","287P",1,"T",1,4.0000000000000000e+01,"水泉澳","水泉澳","SHUI CHUEN O","油麻地","油麻地","YAU MA TEI","https://search.kmb.hk/KMBWebSite/?action=routesearch&route=287P&lang=zh-hk","https://search.kmb.hk/KMBWebSite/?action=routesearch&route=287P&lang=zh-cn","https://search.kmb.hk/KMBWebSite/?action=routesearch&route=287P&lang=en",8.1000,"04/22/24 00:00:00"
1000037,"KMB",,"N214","N214","N214",1,"NT",1,5.8000000000000000e+01,"油塘","油塘","YAU TONG","美孚","美孚","MEI FOO","https://search.kmb.hk/KMBWebSite/?action=routesearch&route=N214&lang=zh-hk","https://search.kmb.hk/KMBWebSite/?action=routesearch&route=N214&lang=zh-cn","https://search.kmb.hk/KMBWebSite/?action=routesearch&route=N214&lang=en",15.4000,"06/18/23 00:00:00"
1000044,"KMB",,"P960","P960","P960",1,"T",1,1.0300000000000000e+02,"兆康站(北)","兆康站(北)","SIU HONG STATION (NORTH)","會展站","会展站","EXHIBITION CENTRE STATION","https://search.kmb.hk/KMBWebSite/?action=routesearch&route=P960&lang=zh-hk","https://search.kmb.hk/KMBWebSite/?action=routesearch&route=P960&lang=zh-cn","https://search.kmb.hk/KMBWebSite/?action=routesearch&route=P960&lang=en",35.7000,"06/18/23 00:00:00"
1000045,"KMB",,"P968","P968","P968",1,"T",1,5.4000000000000000e+01,"元朗(西)","元朗(西)","YUEN LONG (WEST)","銅鑼灣(天后)","铜锣湾(天后)","CAUSEWAY BAY (TIN HAU)","https://search.kmb.hk/KMBWebSite/?action=routesearch&route=P968&lang=zh-hk","https://search.kmb.hk/KMBWebSite/?action=routesearch&route=P968&lang=zh-cn","https://search.kmb.hk/KMBWebSite/?action=routesearch&route=P968&lang=en",39.9000,"01/02/25 00:00:00"
1000046,"KMB",,"P968","P968","P968",1,"T",1,6.8000000000000000e+01,"朗屏站","朗屏站","LONG PING STATION","銅鑼灣(天后)","铜锣湾(天后)","CAUSEWAY BAY (TIN HAU)","https://search.kmb.hk/KMBWebSite/?action=routesearch&route=P968&lang=zh-hk","https://search.kmb.hk/KMBWebSite/?action=routesearch&route=P968&lang=zh-cn","https://search.kmb.hk/KMBWebSite/?action=routesearch&route=P968&lang=en",39.9000,"06/18/23 00:00:00"
1000053,"CTB",,"967X","967X","967X",1,"T",1,7.7000000000000000e+01,"銅鑼灣(摩頓台)","铜锣湾(摩顿台)","Causeway Bay (Moreton Terrace)","天水圍(天恩邨)","天水围(天恩邨)","Tin Shui Wai (Tin Yan Estate)","https://mobile.bravobus.com.hk/nwp3/?f=1&ds=967X&dsmode=1&l=0","https://mobile.bravobus.com.hk/nwp3/?f=1&ds=967X&dsmode=1&l=2","https://mobile.bravobus.com.hk/nwp3/?f=1&ds=967X&dsmode=1&l=1",27.3000,"06/28/24 00:00:00"
1000054,"CTB",,"969","969","969",1,"T",1,9.2000000000000000e+01,"天恩邨","天恩邨","Tin Yan Estate","銅鑼灣(摩頓台)","铜锣湾(摩顿台)","Causeway Bay (Moreton Terrace)","https://mobile.bravobus.com.hk/nwp3/?f=1&ds=969&dsmode=1&l=0","https://mobile.bravobus.com.hk/nwp3/?f=1&ds=969&dsmode=1&l=2","https://mobile.bravobus.com.hk/nwp3/?f=1&ds=969&dsmode=1&l=1",27.3000,"06/18/23 00:00:00"
1000055,"CTB",,"969N","969N","969N",1,"NT",1,7.9000000000000000e+01,"天水圍市中心","天水围市中心","Tin Shui Wai Town Center","銅鑼灣(摩頓台)","铜锣湾(摩顿台)","Causeway Bay (Moreton Terrace)","https://mobile.bravobus.com.hk/nwp3/?f=1&ds=969N&dsmode=1&l=0","https://mobile.bravobus.com.hk/nwp3/?f=1&ds=969N&dsmode=1&l=2","https://mobile.bravobus.com.hk/nwp3/?f=1&ds=969N&dsmode=1&l=1",41.5000,"06/10/23 00:00:00"
1000059,"KMB",,"X6C","X6C","X6C",1,"T",1,4.4000000000000000e+01,"美孚","美孚","MEI FOO","九龍灣","九龙湾","KOWLOON BAY","https://search.kmb.hk/KMBWebSite/?action=routesearch&route=X6C&lang=zh-hk","https://search.kmb.hk/KMBWebSite/?action=routesearch&route=X6C&lang=zh-cn","https://search.kmb.hk/KMBWebSite/?action=routesearch&route=X6C&lang=en",7.8000,"06/10/23 00:00:00"
1000061,"CTB",,"969","969","969",1,"T",1,6.7000000000000000e+01,"天水圍市中心","天水围市中心","Tin Shui Wai Town Center","銅鑼灣(摩頓台)(不經美湖居及景湖居)","铜锣湾(摩顿台)(不经美湖居及景湖居)","Causeway Bay (Moreton Terrace) (omit Maywood Court and Kenswood Court)","https://mobile.bravobus.com.hk/nwp3/?f=1&ds=969&dsmode=1&l=0","https://mobile.bravobus.com.hk/nwp3/?f=1&ds=969&dsmode=1&l=2","https://mobile.bravobus.com.hk/nwp3/?f=1&ds=969&dsmode=1&l=1",27.3000,"07/03/24 00:00:00"
1000063,"KMB",,"613A","613A","613A",1,"T",1,7.1000000000000000e+01,"安泰(西)","安泰(西)","ON TAI (WEST)","杏花邨","杏花邨","HENG FA CHUEN","https://search.kmb.hk/KMBWebSite/?action=routesearch&route=613A&lang=zh-hk","https://search.kmb.hk/KMBWebSite/?action=routesearch&route=613A&lang=zh-cn","https://search.kmb.hk/KMBWebSite/?action=routesearch&route=613A&lang=en",11.4000,"06/18/23 00:00:00"
1000070,"NLB",,"11","11","11",1,"T",3,4.1000000000000000e+01,"沙咀懲教所","沙咀惩教所","Sha Tsui Correctional Institution","東涌站巴士總站(經塘福懲教所)","东涌站巴士总站(经塘福惩教所)","Tung Chung Station Bus Terminus (via Tong Fuk Correctional Institution)","http://www.nlb.com.hk/route?q=11","http://www.nlb.com.hk/route?q=11","http://www.nlb.com.hk/route?q=11",17.6000,"06/18/23 00:00:00"
1000071,"CTB",,"25","25","25",1,"T",1,4.1000000000000000e+01,"中環 (3 號碼頭)","中环 (3 号码头)","Central (Pier 3)","協同中學","协同中学","Concordia Lutheran School","https://mobile.bravobus.com.hk/nwp3/?f=1&ds=25&dsmode=1&l=0","https://mobile.bravobus.com.hk/nwp3/?f=1&ds=25&dsmode=1&l=2","https://mobile.bravobus.com.hk/nwp3/?f=1&ds=25&dsmode=1&l=1",9.4000,"01/02/25 00:00:00"
1000073,"CTB",,"82X","82X","82X",1,"T",1,2.9000000000000000e+01,"健康村","健康村","Healthy Village","小西灣 (藍灣半島)","小西湾 (蓝湾半岛)","Siu Sai Wan (Island Resort)","https://mobile.bravobus.com.hk/nwp3/?f=1&ds=82X&dsmode=1&l=0","https://mobile.bravobus.com.hk/nwp3/?f=1&ds=82X&dsmode=1&l=2","https://mobile.bravobus.com.hk/nwp3/?f=1&ds=82X&dsmode=1&l=1",6.0000,"06/18/23 00:00:00"
1000074,"CTB",,"E11B","E11B","E11B",1,"T",1,8.2000000000000000e+01,"天后站","天后站","Tin Hau Station","東涌 (滿東邨)","东涌 (满东邨)","Tung Chung (Mun Tung Estate)","https://mobile.bravobus.com.hk/nwp3/?f=1&ds=E11B&dsmode=1&l=0","https://mobile.bravobus.com.hk/nwp3/?f=1&ds=E11B&dsmode=1&l=2","https://mobile.bravobus.com.hk/nwp3/?f=1&ds=E11B&dsmode=1&l=1",21.7000,"11/24/23 00:00:00"
1000075,"KMB",,"961S","961S","961S",1,"T",1,6.1000000000000000e+01,"屯門(良景邨)","屯门(良景邨)","TUEN MUN (LEUNG KING ESTATE)","銅鑼灣(維園)","铜锣湾(维园)","CAUSEWAY BAY (VICTORIA PARK)","https://search.kmb.hk/KMBWebSite/?action=routesearch&route=961S&lang=zh-hk","https://search.kmb.hk/KMBWebSite/?action=routesearch&route=961S&lang=zh-cn","https://search.kmb.hk/KMBWebSite/?action=routesearch&route=961S&lang=en",24.0000,"06/18/23 00:00:00"
1000076,"LRTFeeder",,"K52A","K52A","K52A",1,"T",1,4.2000000000000000e+01,"屯門站","屯门站","Tuen Mun Station","曾咀","曾咀","Tsang Tsui","https://www.mtr.com.hk/ch/customer/services/bus_finder_search_box.html","https://www.mtr.com.hk/ch/customer/services/bus_finder_search_box.html","https://www.mtr.com.hk/en/customer/services/bus_finder_search_box.html",10.1000,"06/24/24 00:00:00"
1000085,"KMB",,"33B","33B","33B",1,"T",1,4.6000000000000000e+01,"荃灣西站","荃湾西站","TSUEN WAN WEST STATION","油塘","油塘","YAU TONG","https://search.kmb.hk/KMBWebSite/?action=routesearch&route=33B&lang=zh-hk","https://search.kmb.hk/KMBWebSite/?action=routesearch&route=33B&lang=zh-cn","https://search.kmb.hk/KMBWebSite/?action=routesearch&route=33B&lang=en",11.0000,"04/26/24 00:00:00"
1000086,"KMB",,"78","78","78",1,"T",1,3.3000000000000000e+01,"沙頭角","沙头角","SHA TAU KOK","上水(太平)","上水(太平)","SHEUNG SHUI (TAI PING)","https://search.kmb.hk/KMBWebSite/?action=routesearch&route=78&lang=zh-hk","https://search.kmb.hk/KMBWebSite/?action=routesearch&route=78&lang=zh-cn","https://search.kmb.hk/KMBWebSite/?action=routesearch&route=78&lang=en",8.6000,"08/30/24 00:00:00"
1000088,"LWB",,"A31","A31","A31",1,"T",1,9.2000000000000000e+01,"荃灣(如心廣場)","荃湾(如心广场)","TSUEN WAN (NINA TOWER)","機場(地面運輸中心)(經亞洲國際博覽館)","机场(地面运输中心)(经亚洲国际博览馆)","AIRPORT (GROUND TRANSPORTATION CENTRE) (via Asia-World Expo)","https://search.kmb.hk/KMBWebSite/?action=routesearch&route=A31&lang=zh-hk","https://search.kmb.hk/KMBWebSite/?action=routesearch&route=A31&lang=zh-cn","https://search.kmb.hk/KMBWebSite/?action=routesearch&route=A31&lang=en",19.8000,"06/19/23 00:00:00"
1000089,"CTB",,"608P","608P","608P",1,"T",1,5.5000000000000000e+01,"小西灣(藍灣半島)","小西湾(蓝湾半岛)","Siu Sai Wan (Island Resort)","啟德(AIRSIDE)","启德(AIRSIDE)","Kai Tak (AIRSIDE)","https://mobile.bravobus.com.hk/nwp3/?f=1&ds=608P&dsmode=1&l=0","https://mobile.bravobus.com.hk/nwp3/?f=1&ds=608P&dsmode=1&l=2","https://mobile.bravobus.com.hk/nwp3/?f=1&ds=608P&dsmode=1&l=1",16.1000,"01/02/25 00:00:00"
1000090,"CTB",,"X8","X8","X8",1,"T",1,6.9000000000000000e+01,"跑馬地 (上)","跑马地 (上)","Happy Valley (Upper)","小西灣 (藍灣半島)","小西湾 (蓝湾半岛)","Siu Sai Wan (Island Resort)","https://mobile.bravobus.com.hk/nwp3/?f=1&ds=X8&dsmode=1&l=0","https://mobile.bravobus.com.hk/nwp3/?f=1&ds=X8&dsmode=1&l=2","https://mobile.bravobus.com.hk/nwp3/?f=1&ds=X8&dsmode=1&l=1",8.1000,"06/18/23 00:00:00"
1000099,"KMB",,"58X","58X","58X",1,"T",1,5.2000000000000000e+01,"屯門(建生邨)","屯门(建生邨)","TUEN MUN (KIN SANG ESTATE)","旺角東站","旺角东站","MONG KOK EAST STATION","https://search.kmb.hk/KMBWebSite/?action=routesearch&route=58X&lang=zh-hk","https://search.kmb.hk/KMBWebSite/?action=routesearch&route=58X&lang=zh-cn","https://search.kmb.hk/KMBWebSite/?action=routesearch&route=58X&lang=en",14.6000,"12/11/23 00:00:00"
1000100,"KMB",,"74K","74K","74K",1,"T",1,2.5000000000000000e+01,"大埔墟站","大埔墟站","TAI PO MARKET STATION","三門仔(循環線)(先經三門仔)","三门仔(循环线)(先经三门仔)","SAM MUN TSAI (CIRCULAR) (via Sam Mun Tsai first)","https://search.kmb.hk/KMBWebSite/?action=routesearch&route=74K&lang=zh-hk","https://search.kmb.hk/KMBWebSite/?action=routesearch&route=74K&lang=zh-cn","https://search.kmb.hk/KMBWebSite/?action=routesearch&route=74K&lang=en",5.6000,"06/18/23 00:00:00"
1000102,"KMB",,"80X","80X","80X",1,"T",1,3.3000000000000000e+01,"乙明邨街","乙明邨街","JAT MIN CHUEN STREET","觀塘碼頭","观塘码头","KWUN TONG FERRY","https://search.kmb.hk/KMBWebSite/?action=routesearch&route=80X&lang=zh-hk","https://search.kmb.hk/KMBWebSite/?action=routesearch&route=80X&lang=zh-cn","https://search.kmb.hk/KMBWebSite/?action=routesearch&route=80X&lang=en",8.1000,"05/24/24 00:00:00"
1000103,"KMB",,"86S","86S","86S",1,"T",1,2.4000000000000000e+01,"馬鞍山市中心","马鞍山市中心","MA ON SHAN TOWN CENTRE","沙田站","沙田站","SHATIN STATION","https://search.kmb.hk/KMBWebSite/?action=routesearch&route=86S&lang=zh-hk","https://search.kmb.hk/KMBWebSite/?action=routesearch&route=86S&lang=zh-cn","https://search.kmb.hk/KMBWebSite/?action=routesearch&route=86S&lang=en",7.1000,"04/05/24 00:00:00"
1000104,"KMB",,"87K","87K","87K",1,"T",1,2.3000000000000000e+01,"大學站","大学站","UNIVERSITY STATION","錦英苑(循環線)(不入頌安總站)","锦英苑(循环线)(不入颂安总站)","KAM YING COURT (CIRCULAR) (omit Chung On Terminus)","https://search.kmb.hk/KMBWebSite/?action=routesearch&route=87K&lang=zh-hk","https://search.kmb.hk/KMBWebSite/?action=routesearch&route=87K&lang=zh-cn","https://search.kmb.hk/KMBWebSite/?action=routesearch&route=87K&lang=en",5.1000,"06/14/24 00:00:00"
1000105,"KMB",,"87K","87K","87K",1,"NT",1,2.1000000000000000e+01,"錦英苑","锦英苑","KAM YING COURT","大學站","大学站","UNIVERSITY STATION","https://search.kmb.hk/KMBWebSite/?action=routesearch&route=87K&lang=zh-hk","https://search.kmb.hk/KMBWebSite/?action=routesearch&route=87K&lang=zh-cn","https://search.kmb.hk/KMBWebSite/?action=routesearch&route=87K&lang=en",5.1000,"06/14/24 00:00:00"
1000106,"KMB",,"87K","87K","87K",1,"T",1,1.6000000000000000e+01,"馬鞍山市中心","马鞍山市中心","MA ON SHAN TOWN CENTRE","大學站","大学站","UNIVERSITY STATION","https://search.kmb.hk/KMBWebSite/?action=routesearch&route=87K&lang=zh-hk","https://search.kmb.hk/KMBWebSite/?action=routesearch&route=87K&lang=zh-cn","https://search.kmb.hk/KMBWebSite/?action=routesearch&route=87K&lang=en",5.1000,"06/14/24 00:00:00"
1000116,"KMB",,"89C","89C","89C",1,"T",1,4.1000000000000000e+01,"恒安","恒安","HENG ON","觀塘(翠屏道)(不經小瀝源及彩虹)","观塘(翠屏道)(不经小沥源及彩虹)","KWUN TONG (TSUI PING ROAD) (omit Siu Lek Yuen and Choi Hung)","https://search.kmb.hk/KMBWebSite/?action=routesearch&route=89C&lang=zh-hk","https://search.kmb.hk/KMBWebSite/?action=routesearch&route=89C&lang=zh-cn","https://search.kmb.hk/KMBWebSite/?action=routesearch&route=89C&lang=en",9.8000,"06/18/23 00:00:00"
1000117,"KMB",,"91","91","91",1,"NT",1,4.1000000000000000e+01,"彩虹轉車站 - 碧海樓","彩虹转车站 - 碧海楼","CHOI HUNG BBI - PIK HOI HOUSE","清水灣","清水湾","CLEAR WATER BAY","https://search.kmb.hk/KMBWebSite/?action=routesearch&route=91&lang=zh-hk","https://search.kmb.hk/KMBWebSite/?action=routesearch&route=91&lang=zh-cn","https://search.kmb.hk/KMBWebSite/?action=routesearch&route=91&lang=en",8.4000,"06/18/23 00:00:00"
1000124,"KMB+CTB",,"106P","106P","106P",1,"T",1,7.2000000000000000e+01,"小西灣(藍灣半島)","小西湾(蓝湾半岛)","Siu Sai Wan (Island Resort)","黃大仙(經太古及北角)","黄大仙(经太古及北角)","Wong Tai Sin (via Tai Koo and North Point)","https://search.kmb.hk/KMBWebSite/?action=routesearch&route=106P&lang=zh-hk","https://search.kmb.hk/KMBWebSite/?action=routesearch&route=106P&lang=zh-cn","https://search.kmb.hk/KMBWebSite/?action=routesearch&route=106P&lang=en",12.9000,"06/18/23 00:00:00"
1000154,"KMB+CTB",,"601P","601P","601P",1,"T",1,3.1000000000000000e+01,"曉光街(曉麗苑)","晓光街(晓丽苑)","HIU KWONG STREET (HIU LAI COURT)","上環","上环","SHEUNG WAN","https://search.kmb.hk/KMBWebSite/?action=routesearch&route=601P&lang=zh-hk","https://search.kmb.hk/KMBWebSite/?action=routesearch&route=601P&lang=zh-cn","https://search.kmb.hk/KMBWebSite/?action=routesearch&route=601P&lang=en",12.9000,"06/18/23 00:00:00"
1000190,"KMB",,"87K","87K","87K",1,"NT",1,2.3000000000000000e+01,"大學站","大学站","UNIVERSITY STATION","利安","利安","LEE ON","https://search.kmb.hk/KMBWebSite/?action=routesearch&route=87K&lang=zh-hk","https://search.kmb.hk/KMBWebSite/?action=routesearch&route=87K&lang=zh-cn","https://search.kmb.hk/KMBWebSite/?action=routesearch&route=87K&lang=en",5.1000,"06/14/24 00:00:00"
1000192,"KMB",,"296D","296D","296D",1,"R",0,4.6000000000000000e+01,"尚德","尚德","SHEUNG TAK","九龍站(途經M+)","九龙站(途经M+)","KOWLOON STATION (via M+)","https://search.kmb.hk/KMBWebSite/?action=routesearch&route=296D&lang=zh-hk","https://search.kmb.hk/KMBWebSite/?action=routesearch&route=296D&lang=zh-cn","https://search.kmb.hk/KMBWebSite/?action=routesearch&route=296D&lang=en",10.8000,"07/19/24 00:00:00"
1000193,"DB",,"DB08R","DB08R","DB08R",1,"N",0,4.8000000000000000e+01,"愉景灣","愉景湾","Discovery Bay","中環 (中環３號碼頭)","中环 (中环３号码头)","Central (Central Pier No. 3)","https://www.td.gov.hk/filemanager/tc/content_4796/SofS - RS DB08R - Website - 20240804 TC.pdf","https://www.td.gov.hk/filemanager/sc/content_4796/SofS - RS DB08R - Website - 20240804 TC.pdf","https://www.td.gov.hk/filemanager/en/content_4796/SofS - RS DB08R - Website - 20240804 EN.pdf",63.7000,"10/16/24 00:00:00"
1000195,"KMB",,"X89D","X89D","X89D",1,"T",1,6.5000000000000000e+01,"泥涌","泥涌","NAI CHUNG","觀塘碼頭(經耀沙路)","观塘码头(经耀沙路)","KWUN TONG FERRY (via Yiu Sha Road)","https://search.kmb.hk/KMBWebSite/?action=routesearch&route=X89D&lang=zh-hk","https://search.kmb.hk/KMBWebSite/?action=routesearch&route=X89D&lang=zh-cn","https://search.kmb.hk/KMBWebSite/?action=routesearch&route=X89D&lang=en",12.1000,"06/18/23 00:00:00"
1000203,"KMB",,"279B","279B","279B",1,"T",1,5.8000000000000000e+01,"粉嶺(聯和墟)","粉岭(联和墟)","FANLING (LUEN WO HUI)","葵興站","葵兴站","KWAI HING STATION","https://search.kmb.hk/KMBWebSite/?action=routesearch&route=279B&lang=zh-hk","https://search.kmb.hk/KMBWebSite/?action=routesearch&route=279B&lang=zh-cn","https://search.kmb.hk/KMBWebSite/?action=routesearch&route=279B&lang=en",17.1000,"06/18/23 00:00:00"
1000204,"CTB",,"930B","930B","930B",1,"T",1,5.4000000000000000e+01,"葵盛圍","葵盛围","Kwai Shing Circuit","銅鑼灣(摩頓台)(不經葵芳)","铜锣湾(摩顿台)(不经葵芳)","Causeway Bay (Moreton Terrace) (omit Kwai Fong)","https://mobile.bravobus.com.hk/nwp3/?f=1&ds=930B&dsmode=1&l=0","https://mobile.bravobus.com.hk/nwp3/?f=1&ds=930B&dsmode=1&l=2","https://mobile.bravobus.com.hk/nwp3/?f=1&ds=930B&dsmode=1&l=1",20.8000,"06/10/23 00:00:00"
1000205,"CTB",,"930X","930X","930X",1,"T",1,5.3000000000000000e+01,"荃灣 (愉景新城)","荃湾 (愉景新城)","Tsuen Wan (Discovery Park)","銅鑼灣 (摩頓台)(不停如心廣場)","铜锣湾 (摩顿台)(不停如心广场)","Causeway Bay (Moreton Terrace) (omit Nina Tower)","https://mobile.bravobus.com.hk/nwp3/?f=1&ds=930X&dsmode=1&l=0","https://mobile.bravobus.com.hk/nwp3/?f=1&ds=930X&dsmode=1&l=2","https://mobile.bravobus.com.hk/nwp3/?f=1&ds=930X&dsmode=1&l=1",20.8000,"06/10/23 00:00:00"
1000206,"KMB",,"62P","62P","62P",1,"T",1,6.1000000000000000e+01,"屯門巿中心","屯门巿中心","TUEN MUN CENTRAL","鯉魚門邨","鲤鱼门邨","LEI YUE MUN ESTATE","https://search.kmb.hk/KMBWebSite/?action=routesearch&route=62P&lang=zh-hk","https://search.kmb.hk/KMBWebSite/?action=routesearch&route=62P&lang=zh-cn","https://search.kmb.hk/KMBWebSite/?action=routesearch&route=62P&lang=en",18.8000,"12/20/24 00:00:00"
1000207,"NLB",,"36","36","36",1,"T",1,1.3000000000000000e+01,"小蠔灣","小蚝湾","Siu Ho Wan","東涌達東路巴士總站","东涌达东路巴士总站","Tung Chung Tat Tung Road Bus Terminus","http://www.nlb.com.hk/route?q=36","http://www.nlb.com.hk/route?q=36","http://www.nlb.com.hk/route?q=36",5.1000,"06/10/23 00:00:00"
1000208,"NLB",,"36X","36X","36X",1,"T",1,1.9000000000000000e+01,"滿東邨","满东邨","Mun Tung Estate","迪士尼樂園","迪士尼乐园","Disneyland","http://www.nlb.com.hk/route?q=36X","http://www.nlb.com.hk/route?q=36X","http://www.nlb.com.hk/route?q=36X",10.7000,"06/18/23 00:00:00"
1000216,"CTB",,"679","679","679",1,"T",1,8.5000000000000000e+01,"粉嶺皇后山","粉岭皇后山","Queen's Hill Fanling","中環 (香港站)","中环 (香港站)","Central (Hong Kong Station)","https://mobile.bravobus.com.hk/nwp3/?f=1&ds=679&dsmode=1&l=0","https://mobile.bravobus.com.hk/nwp3/?f=1&ds=679&dsmode=1&l=2","https://mobile.bravobus.com.hk/nwp3/?f=1&ds=679&dsmode=1&l=1",27.7000,"01/02/25 00:00:00"
1000217,"CTB",,"979","979","979",1,"T",1,7.3000000000000000e+01,"粉嶺皇后山","粉岭皇后山","Queen's Hill Fanling","中環 (香港站)","中环 (香港站)","Central (Hong Kong Station)","https://mobile.bravobus.com.hk/nwp3/?f=1&ds=979&dsmode=1&l=0","https://mobile.bravobus.com.hk/nwp3/?f=1&ds=979&dsmode=1&l=2","https://mobile.bravobus.com.hk/nwp3/?f=1&ds=979&dsmode=1&l=1",27.8000,"01/02/25 00:00:00"
1000218,"PI",,"NR334","NR334","NR334",1,"R",0,2.5000000000000000e+01,"馬灣(東灣巴士總站)","马湾(东湾巴士总站)","Ma Wan (Tung Wan Bus Terminus)","香港國際機場(循環線)","香港国际机场(循环线)","Hong Kong International Airport (Circular)","https://www.td.gov.hk/filemanager/tc/content_4796/TNTW/NR334c_20240201.pdf","https://www.td.gov.hk/filemanager/sc/content_4796/TNTW/NR334c_20240201.pdf","https://www.td.gov.hk/filemanager/en/content_4796/TNTW/NR334_20240201.pdf",32.5000,"07/18/24 00:00:00"
1000219,"PI",,"NR338","NR338","NR338",1,"N",0,2.5000000000000000e+01,"馬灣(東灣巴士總站)","马湾(东湾巴士总站)","Ma Wan (Tung Wan Bus Terminus)","中環碼頭(2號碼頭)(循環線)","中环码头(2号码头)(循环线)","Central Ferry Piers (Pier 2) (Circular)","https://www.td.gov.hk/filemanager/tc/content_4796/TNTW/NR338c_20240101.pdf","https://www.td.gov.hk/filemanager/sc/content_4796/TNTW/NR338c_20240101.pdf","https://www.td.gov.hk/filemanager/en/content_4796/TNTW/NR338_20240101.pdf",32.0000,"07/18/24 00:00:00"
1000220,"KMB",,"281E","281E","281E",1,"T",1,5.4000000000000000e+01,"尖沙咀海防道","尖沙咀海防道","HAIPHONG ROAD TSIM SHA TSUI","廣源","广源","KWONG YUEN","https://search.kmb.hk/KMBWebSite/?action=routesearch&route=281E&lang=zh-hk","https://search.kmb.hk/KMBWebSite/?action=routesearch&route=281E&lang=zh-cn","https://search.kmb.hk/KMBWebSite/?action=routesearch&route=281E&lang=en",10.1000,"06/18/23 00:00:00"
1000231,"KMB",,"269X","269X","269X",1,"T",1,6.8000000000000000e+01,"天瑞","天瑞","TIN SHUI","佐敦西九龍站","佐敦西九龙站","JORDAN WEST KOWLOON STATION","https://search.kmb.hk/KMBWebSite/?action=routesearch&route=269X&lang=zh-hk","https://search.kmb.hk/KMBWebSite/?action=routesearch&route=269X&lang=zh-cn","https://search.kmb.hk/KMBWebSite/?action=routesearch&route=269X&lang=en",17.2000,"09/22/23 00:00:00"
1000233,"KMB",,"78A","78A","78A",1,"T",1,1.2000000000000000e+01,"皇后山","皇后山","QUEEN'S HILL","粉嶺站(循環線)(不經山麗苑)","粉岭站(循环线)(不经山丽苑)","FANLING STATION (CIRCULAR) (omit Shan Lai Court)","https://search.kmb.hk/KMBWebSite/?action=routesearch&route=78A&lang=zh-hk","https://search.kmb.hk/KMBWebSite/?action=routesearch&route=78A&lang=zh-cn","https://search.kmb.hk/KMBWebSite/?action=routesearch&route=78A&lang=en",6.0000,"09/30/24 00:00:00"
1000234,"KMB",,"78A","78A","78A",1,"T",1,1.4000000000000000e+01,"山麗苑","山丽苑","SHAN LAI COURT","粉嶺名都","粉岭名都","FANLING STATION","https://search.kmb.hk/KMBWebSite/?action=routesearch&route=78A&lang=zh-hk","https://search.kmb.hk/KMBWebSite/?action=routesearch&route=78A&lang=zh-cn","https://search.kmb.hk/KMBWebSite/?action=routesearch&route=78A&lang=en",6.0000,"11/22/24 00:00:00"
1000235,"LRTFeeder",,"K65A","K65A","K65A",1,"T",1,1.7000000000000000e+01,"流浮山","流浮山","Lau Fau Shan","天水圍站","天水围站","Tin Shui Wai Station","https://www.mtr.com.hk/ch/customer/services/bus_finder_search_box.html","https://www.mtr.com.hk/ch/customer/services/bus_finder_search_box.html","https://www.mtr.com.hk/en/customer/services/bus_finder_search_box.html",5.1000,"06/24/24 00:00:00"
1000237,"KMB",,"73B","73B","73B",1,"T",1,3.8000000000000000e+01,"海聯廣場","海联广场","LUEN WO HUI (UNION PLAZA)","全安路(那打素醫院)","全安路(那打素医院)","CHUEN ON ROAD (NETHERSOLE HOSPITAL)","https://search.kmb.hk/KMBWebSite/?action=routesearch&route=73B&lang=zh-hk","https://search.kmb.hk/KMBWebSite/?action=routesearch&route=73B&lang=zh-cn","https://search.kmb.hk/KMBWebSite/?action=routesearch&route=73B&lang=en",9.6000,"06/10/23 00:00:00"
1000244,"CTB",,"55","55","55",1,"T",1,7.3000000000000000e+01,"屯門 (菁田及和田)","屯门 (菁田及和田)","Tuen Mun (Ching Tin and Wo Tin)","觀塘碼頭","观塘码头","Kwun Tong Ferry Pier","https://mobile.bravobus.com.hk/nwp3/?f=1&ds=55&dsmode=1&l=0","https://mobile.bravobus.com.hk/nwp3/?f=1&ds=55&dsmode=1&l=2","https://mobile.bravobus.com.hk/nwp3/?f=1&ds=55&dsmode=1&l=1",19.4000,"01/02/25 00:00:00"
1000245,"CTB",,"56","56","56",1,"R",0,3.7000000000000000e+01,"屯門 (菁田及和田)","屯门 (菁田及和田)","Tuen Mun (Ching Tin and Wo Tin)","上水 (天平邨)","上水 (天平邨)","Sheung Shui (Tin Ping Estate)","https://mobile.bravobus.com.hk/nwp3/?f=1&ds=56&dsmode=1&l=0","https://mobile.bravobus.com.hk/nwp3/?f=1&ds=56&dsmode=1&l=2","https://mobile.bravobus.com.hk/nwp3/?f=1&ds=56&dsmode=1&l=1",16.0000,"01/02/25 00:00:00"
1000246,"CTB",,"952","952","952",1,"T",1,4.5000000000000000e+01,"青龍頭(嘉龍村)","青龙头(嘉龙村)","Tsing Lung Tau (Ka Loon Tsuen)","金鐘(西)","金钟(西)","Admiralty (West)","https://mobile.bravobus.com.hk/nwp3/?f=1&ds=952&dsmode=1&l=0","https://mobile.bravobus.com.hk/nwp3/?f=1&ds=952&dsmode=1&l=2","https://mobile.bravobus.com.hk/nwp3/?f=1&ds=952&dsmode=1&l=1",24.2000,"06/18/23 00:00:00"
1000247,"CTB",,"952","952","952",1,"T",1,3.2000000000000000e+01,"馬灣碼頭","马湾码头","Ma Wan Pier","金鐘(西)","金钟(西)","Admiralty (West)","https://mobile.bravobus.com.hk/nwp3/?f=1&ds=952&dsmode=1&l=0","https://mobile.bravobus.com.hk/nwp3/?f=1&ds=952&dsmode=1&l=2","https://mobile.bravobus.com.hk/nwp3/?f=1&ds=952&dsmode=1&l=1",24.2000,"06/18/23 00:00:00"
1000248,"CTB",,"962","962","962",1,"T",1,8.8000000000000000e+01,"銅鑼灣(摩頓台)","铜锣湾(摩顿台)","Causeway Bay (Moreton Terrace)","屯門(龍門居)(經掃管笏)","屯门(龙门居)(经扫管笏)","Tuen Mun (Lung Mun Oasis) (via So Kwun Wat)","https://mobile.bravobus.com.hk/nwp3/?f=1&ds=962&dsmode=1&l=0","https://mobile.bravobus.com.hk/nwp3/?f=1&ds=962&dsmode=1&l=2","https://mobile.bravobus.com.hk/nwp3/?f=1&ds=962&dsmode=1&l=1",24.2000,"01/02/25 00:00:00"
1000249,"CTB",,"952P","952P","952P",1,"T",1,5.6000000000000000e+01,"黃金海岸","黄金海岸","Gold Coast","銅鑼灣(摩頓台)","铜锣湾(摩顿台)","Causeway Bay (Moreton Terrace)","https://mobile.bravobus.com.hk/nwp3/?f=1&ds=952P&dsmode=1&l=0","https://mobile.bravobus.com.hk/nwp3/?f=1&ds=952P&dsmode=1&l=2","https://mobile.bravobus.com.hk/nwp3/?f=1&ds=952P&dsmode=1&l=1",24.2000,"06/10/23 00:00:00"
1000257,"CTB",,"8X","8X","8X",1,"T",1,3.8000000000000000e+01,"小西灣(藍灣半島)","小西湾(蓝湾半岛)","Siu Sai Wan (Island Resort)","摩頓台","摩顿台","Moreton Terrace","https://mobile.bravobus.com.hk/nwp3/?f=1&ds=8X&dsmode=1&l=0","https://mobile.bravobus.com.hk/nwp3/?f=1&ds=8X&dsmode=1&l=2","https://mobile.bravobus.com.hk/nwp3/?f=1&ds=8X&dsmode=1&l=1",8.1000,"06/18/23 00:00:00"
1000258,"CTB",,"8X","8X","8X",1,"T",1,3.7000000000000000e+01,"維多利亞公園","维多利亚公园","Victoria Park","小西灣(藍灣半島)","小西湾(蓝湾半岛)","Siu Sai Wan (Island Resort)","https://mobile.bravobus.com.hk/nwp3/?f=1&ds=8X&dsmode=1&l=0","https://mobile.bravobus.com.hk/nwp3/?f=1&ds=8X&dsmode=1&l=2","https://mobile.bravobus.com.hk/nwp3/?f=1&ds=8X&dsmode=1&l=1",6.2000,"06/18/23 00:00:00"
1000259,"CTB",,"15C","15C","15C",1,"T",1,1.0000000000000000e+01,"花園道(山頂纜車總站)","花园道(山顶缆车总站)","Garden Road (Lower Peak Tram Terminus)","中環 (香港摩天輪)(不經雪廠街)","中环 (香港摩天轮)(不经雪厂街)","Central (Hong Kong Observation Wheel) (omit Ice House Street)","https://mobile.bravobus.com.hk/nwp3/?f=1&ds=15C&dsmode=1&l=0","https://mobile.bravobus.com.hk/nwp3/?f=1&ds=15C&dsmode=1&l=2","https://mobile.bravobus.com.hk/nwp3/?f=1&ds=15C&dsmode=1&l=1",6.1000,"01/20/25 00:00:00"
1000260,"KMB",,"268C","268C","268C",1,"T",1,6.7000000000000000e+01,"觀塘碼頭","观塘码头","KWUN TONG FERRY","朗屏站(不經四美街)","朗屏站(不经四美街)","LONG PING STATION (omit Sze Mei Street)","https://search.kmb.hk/KMBWebSite/?action=routesearch&route=268C&lang=zh-hk","https://search.kmb.hk/KMBWebSite/?action=routesearch&route=268C&lang=zh-cn","https://search.kmb.hk/KMBWebSite/?action=routesearch&route=268C&lang=en",20.8000,"06/18/23 00:00:00"
1000261,"CTB",,"E21B","E21B","E21B",1,"T",1,7.4000000000000000e+01,"東涌(逸東邨)","东涌(逸东邨)","Tung Chung (Yat Tung Estate)","何文田(愛民邨)","何文田(爱民邨)","Ho Man Tin (Oi Man Estate)","https://mobile.bravobus.com.hk/nwp3/?f=1&ds=E21B&dsmode=1&l=0","https://mobile.bravobus.com.hk/nwp3/?f=1&ds=E21B&dsmode=1&l=2","https://mobile.bravobus.com.hk/nwp3/?f=1&ds=E21B&dsmode=1&l=1",14.5000,"01/02/25 00:00:00"
1000262,"CTB",,"E21D","E21D","E21D",1,"T",1,9.1000000000000000e+01,"航天城","航天城","SKYCITY","大角咀(維港灣)","大角咀(维港湾)","Tai Kok Tsui (Island Harbourview)","https://mobile.bravobus.com.hk/nwp3/?f=1&ds=E21D&dsmode=1&l=0","https://mobile.bravobus.com.hk/nwp3/?f=1&ds=E21D&dsmode=1&l=2","https://mobile.bravobus.com.hk/nwp3/?f=1&ds=E21D&dsmode=1&l=1",14.5000,"01/02/25 00:00:00"
1000270,"KMB",,"83K","83K","83K",1,"T",1,1.6000000000000000e+01,"碩門邨","硕门邨","SHEK MUN ESTATE","沙田市中心","沙田市中心","SHA TIN CENTRAL","https://search.kmb.hk/KMBWebSite/?action=routesearch&route=83K&lang=zh-hk","https://search.kmb.hk/KMBWebSite/?action=routesearch&route=83K&lang=zh-cn","https://search.kmb.hk/KMBWebSite/?action=routesearch&route=83K&lang=en",5.2000,"06/18/23 00:00:00"
1000271,"KMB",,"961","961","961",1,"T",1,7.8000000000000000e+01,"屯門(山景邨)","屯门(山景邨)","TUEN MUN (SHAN KING ESTATE)","灣仔(會展)(經銅鑼灣)","湾仔(会展)(经铜锣湾)","WAN CHAI (HKCECE) (via Causeway Bay)","https://search.kmb.hk/KMBWebSite/?action=routesearch&route=961&lang=zh-hk","https://search.kmb.hk/KMBWebSite/?action=routesearch&route=961&lang=zh-cn","https://search.kmb.hk/KMBWebSite/?action=routesearch&route=961&lang=en",24.0000,"10/04/24 00:00:00"
1000272,"CTB",,"23X","23X","23X",1,"T",1,4.1000000000000000e+01,"蒲飛路","蒲飞路","Pokfield Road","西灣河","西湾河","Sai Wan Ho","https://mobile.bravobus.com.hk/nwp3/?f=1&ds=23X&dsmode=1&l=0","https://mobile.bravobus.com.hk/nwp3/?f=1&ds=23X&dsmode=1&l=2","https://mobile.bravobus.com.hk/nwp3/?f=1&ds=23X&dsmode=1&l=1",13.0000,"06/18/23 00:00:00"
1000273,"KMB",,"78B","78B","78B",1,"T",1,3.1000000000000000e+01,"皇后山","皇后山","QUEEN'S HILL","上水(彩園)","上水(彩园)","SHEUNG SHUI (CHOI YUEN)","https://search.kmb.hk/KMBWebSite/?action=routesearch&route=78B&lang=zh-hk","https://search.kmb.hk/KMBWebSite/?action=routesearch&route=78B&lang=zh-cn","https://search.kmb.hk/KMBWebSite/?action=routesearch&route=78B&lang=en",6.7000,"01/24/25 00:00:00"
1000274,"CTB",,"76","76","76",1,"T",1,3.0000000000000000e+01,"黃竹坑站","黄竹坑站","Wong Chuk Hang Station","銅鑼灣(邊寧頓街)(循環線)","铜锣湾(边宁顿街)(循环线)","Causeway Bay (Pennington Street) (Circular)","https://mobile.bravobus.com.hk/nwp3/?f=1&ds=76&dsmode=1&l=0","https://mobile.bravobus.com.hk/nwp3/?f=1&ds=76&dsmode=1&l=2","https://mobile.bravobus.com.hk/nwp3/?f=1&ds=76&dsmode=1&l=1",7.0000,"09/25/24 00:00:00"
1000275,"CTB",,"25","25","25",1,"T",1,3.9000000000000000e+01,"中環 (3 號碼頭)","中环 (3 号码头)","Central (Piers 3)","炮台山道","炮台山道","Fortress Hill Road","https://mobile.bravobus.com.hk/nwp3/?f=1&ds=25&dsmode=1&l=0","https://mobile.bravobus.com.hk/nwp3/?f=1&ds=25&dsmode=1&l=2","https://mobile.bravobus.com.hk/nwp3/?f=1&ds=25&dsmode=1&l=1",9.4000,"01/02/24 00:00:00"
1000132,"KMB+CTB",,"116","116","116",1,"T",1,5.0000000000000000e+01,"炮台山站","炮台山站","FORTRESS HILL STATION","慈雲山(中)","慈云山(中)","TSZ WAN SHAN (CENTRAL)","https://search.kmb.hk/KMBWebSite/?action=routesearch&route=116&lang=zh-hk","https://search.kmb.hk/KMBWebSite/?action=routesearch&route=116&lang=zh-cn","https://search.kmb.hk/KMBWebSite/?action=routesearch&route=116&lang=en",12.2000,"06/18/23 00:00:00"
1000142,"KMB",,"224X","224X","224X",1,"T",1,2.8000000000000000e+01,"啟業","启业","KAI YIP","尖沙咀東(循環線)(不停曲街)","尖沙咀东(循环线)(不停曲街)","TSIM SHA TSUI EAST (CIRCULAR) (omit Cookie Street)","https://search.kmb.hk/KMBWebSite/?action=routesearch&route=224X&lang=zh-hk","https://search.kmb.hk/KMBWebSite/?action=routesearch&route=224X&lang=zh-cn","https://search.kmb.hk/KMBWebSite/?action=routesearch&route=224X&lang=en",8.6000,"01/19/24 00:00:00"
1000149,"KMB",,"273A","273A","273A",1,"NT",1,2.3000000000000000e+01,"粉嶺(華明)","粉岭(华明)","FANLING (WAH MING)","上水(彩園)","上水(彩园)","SHEUNG SHUI (CHOI YUEN)","https://search.kmb.hk/KMBWebSite/?action=routesearch&route=273A&lang=zh-hk","https://search.kmb.hk/KMBWebSite/?action=routesearch&route=273A&lang=zh-cn","https://search.kmb.hk/KMBWebSite/?action=routesearch&route=273A&lang=en",5.1000,"06/18/23 00:00:00"
1000150,"KMB",,"276A","276A","276A",1,"T",1,3.8000000000000000e+01,"天富苑欣富閣","天富苑欣富阁","YAN FU HOUSE TIN FU COURT","上水(太平)","上水(太平)","SHEUNG SHUI (TAI PING)","https://search.kmb.hk/KMBWebSite/?action=routesearch&route=276A&lang=zh-hk","https://search.kmb.hk/KMBWebSite/?action=routesearch&route=276A&lang=zh-cn","https://search.kmb.hk/KMBWebSite/?action=routesearch&route=276A&lang=en",10.5000,"06/18/23 00:00:00"
1000152,"KMB",,"289K","289K","289K",1,"NT",1,1.2000000000000000e+01,"富安花園","富安花园","CHEVALIER GARDEN","大學站","大学站","UNIVERSITY STATION","https://search.kmb.hk/KMBWebSite/?action=routesearch&route=289K&lang=zh-hk","https://search.kmb.hk/KMBWebSite/?action=routesearch&route=289K&lang=zh-cn","https://search.kmb.hk/KMBWebSite/?action=routesearch&route=289K&lang=en",5.3000,"06/18/23 00:00:00"
1000196,"KMB",,"40E","40E","40E",1,"T",1,6.0000000000000000e+01,"泥涌","泥涌","NAI CHUNG","葵涌(葵芳邨)","葵涌(葵芳邨)","KWAI CHUNG (KWAI FONG ESTATE)","https://search.kmb.hk/KMBWebSite/?action=routesearch&route=40E&lang=zh-hk","https://search.kmb.hk/KMBWebSite/?action=routesearch&route=40E&lang=zh-cn","https://search.kmb.hk/KMBWebSite/?action=routesearch&route=40E&lang=en",14.3000,"06/18/23 00:00:00"
1000197,"KMB",,"78A","78A","78A",1,"R",0,1.5000000000000000e+01,"皇后山","皇后山","QUEEN'S HILL","粉嶺站(循環線)","粉岭站(循环线)","FANLING STATION (CIRCULAR)","https://search.kmb.hk/KMBWebSite/?action=routesearch&route=78A&lang=zh-hk","https://search.kmb.hk/KMBWebSite/?action=routesearch&route=78A&lang=zh-cn","https://search.kmb.hk/KMBWebSite/?action=routesearch&route=78A&lang=en",6.0000,"01/24/25 00:00:00"
1000198,"CTB",,"78X","78X","78X",1,"T",1,6.6000000000000000e+01,"粉嶺皇后山","粉岭皇后山","Queen's Hill Fanling","啟德","启德","Kai Tak","https://mobile.bravobus.com.hk/nwp3/?f=1&ds=78X&dsmode=1&l=0","https://mobile.bravobus.com.hk/nwp3/?f=1&ds=78X&dsmode=1&l=2","https://mobile.bravobus.com.hk/nwp3/?f=1&ds=78X&dsmode=1&l=1",19.6000,"01/24/25 00:00:00"
1000199,"CTB",,"79X","79X","79X",1,"R",0,9.1000000000000000e+01,"粉嶺皇后山","粉岭皇后山","Queen's Hill Fanling","長沙灣(甘泉街)","长沙湾(甘泉街)","Cheung Sha Wan (Kom Tsun Street)","https://mobile.bravobus.com.hk/nwp3/?f=1&ds=79X&dsmode=1&l=0","https://mobile.bravobus.com.hk/nwp3/?f=1&ds=79X&dsmode=1&l=2","https://mobile.bravobus.com.hk/nwp3/?f=1&ds=79X&dsmode=1&l=1",17.2000,"01/24/25 00:00:00"
1000200,"KMB",,"N78","N78","N78",1,"NT",1,4.6000000000000000e+01,"上水","上水","SHEUNG SHUI","沙頭角","沙头角","SHA TAU KOK","https://search.kmb.hk/KMBWebSite/?action=routesearch&route=N78&lang=zh-hk","https://search.kmb.hk/KMBWebSite/?action=routesearch&route=N78&lang=zh-cn","https://search.kmb.hk/KMBWebSite/?action=routesearch&route=N78&lang=en",16.6000,"01/24/25 00:00:00"
1000201,"KMB",,"5R","5R","5R",1,"T",1,1.4000000000000000e+01,"牛頭角站","牛头角站","NGAU TAU KOK STATION","啟德郵輪碼頭","启德邮轮码头","KAI TAK CRUISE TERMINAL","https://search.kmb.hk/KMBWebSite/?action=routesearch&route=5R&lang=zh-hk","https://search.kmb.hk/KMBWebSite/?action=routesearch&route=5R&lang=zh-cn","https://search.kmb.hk/KMBWebSite/?action=routesearch&route=5R&lang=en",8.1000,"12/02/24 00:00:00"
1000209,"LWB",,"E37C","E37C","E37C",1,"T",1,7.5000000000000000e+01,"天水圍市中心","天水围市中心","TIN SHUI WAI TOWN CENTRE","飛機維修區","飞机维修区","AIRCRAFT MAINTENANCE AREA","https://search.kmb.hk/KMBWebSite/?action=routesearch&route=E37C&lang=zh-hk","https://search.kmb.hk/KMBWebSite/?action=routesearch&route=E37C&lang=zh-cn","https://search.kmb.hk/KMBWebSite/?action=routesearch&route=E37C&lang=en",14.8000,"02/02/24 00:00:00"
1000210,"LWB",,"E42C","E42C","E42C",1,"T",1,6.5000000000000000e+01,"博康","博康","POK HONG","飛機維修區","飞机维修区","AIRCRAFT MAINTENANCE AREA","https://search.kmb.hk/KMBWebSite/?action=routesearch&route=E42C&lang=zh-hk","https://search.kmb.hk/KMBWebSite/?action=routesearch&route=E42C&lang=zh-cn","https://search.kmb.hk/KMBWebSite/?action=routesearch&route=E42C&lang=en",14.8000,"10/02/24 00:00:00"
1000211,"CTB",,"797","797","797",1,"T",1,6.9000000000000000e+01,"將軍澳站","将军澳站","Tseung Kwan O Station","新蒲崗","新蒲岗","San Po Kong","https://mobile.bravobus.com.hk/nwp3/?f=1&ds=797&dsmode=1&l=0","https://mobile.bravobus.com.hk/nwp3/?f=1&ds=797&dsmode=1&l=2","https://mobile.bravobus.com.hk/nwp3/?f=1&ds=797&dsmode=1&l=1",10.3000,"09/27/24 00:00:00"
1000212,"KMB",,"64X","64X","64X",1,"T",1,6.5000000000000000e+01,"洪水橋(洪元路)","洪水桥(洪元路)","HUNG SHUI KIU (HUNG YUEN ROAD)","香港科學園","香港科学园","HONG KONG SCIENCE PARK","https://search.kmb.hk/KMBWebSite/?action=routesearch&route=64X&lang=zh-hk","https://search.kmb.hk/KMBWebSite/?action=routesearch&route=64X&lang=zh-cn","https://search.kmb.hk/KMBWebSite/?action=routesearch&route=64X&lang=en",16.9000,"05/17/24 00:00:00"
1000213,"KMB",,"65X","65X","65X",1,"T",1,7.5000000000000000e+01,"天恩邨","天恩邨","TIN YAN ESTATE","香港科學園","香港科学园","HONG KONG SCIENCE PARK","https://search.kmb.hk/KMBWebSite/?action=routesearch&route=65X&lang=zh-hk","https://search.kmb.hk/KMBWebSite/?action=routesearch&route=65X&lang=zh-cn","https://search.kmb.hk/KMBWebSite/?action=routesearch&route=65X&lang=en",17.2000,"06/18/23 00:00:00"
1000215,"KMB",,"31A","31A","31A",1,"T",1,3.0000000000000000e+01,"葵涌邨","葵涌邨","KWAI CHUNG ESTATE","石籬(大隴街)","石篱(大陇街)","SHEK LEI (TAI LOONG STREET)","https://search.kmb.hk/KMBWebSite/?action=routesearch&route=31A&lang=zh-hk","https://search.kmb.hk/KMBWebSite/?action=routesearch&route=31A&lang=zh-cn","https://search.kmb.hk/KMBWebSite/?action=routesearch&route=31A&lang=en",6.0000,"12/29/23 00:00:00"
1000221,"LWB",,"A36","A36","A36",1,"T",1,6.0000000000000000e+01,"機場(地面運輸中心)","机场(地面运输中心)","AIRPORT (GROUND TRANSPORTATION CENTRE)","錦上路站(經民航處)","锦上路站(经民航处)","KAM SHEUNG ROAD STATION (via CAD Headquarter)","https://search.kmb.hk/KMBWebSite/?action=routesearch&route=A36&lang=zh-hk","https://search.kmb.hk/KMBWebSite/?action=routesearch&route=A36&lang=zh-cn","https://search.kmb.hk/KMBWebSite/?action=routesearch&route=A36&lang=en",19.8000,"12/02/24 00:00:00"
1000223,"CTB",,"795X","795X","795X",1,"R",0,6.3000000000000000e+01,"清水灣半島","清水湾半岛","Oscar By The Sea","蘇屋","苏屋","So Uk","https://mobile.bravobus.com.hk/nwp3/?f=1&ds=795X&dsmode=1&l=0","https://mobile.bravobus.com.hk/nwp3/?f=1&ds=795X&dsmode=1&l=2","https://mobile.bravobus.com.hk/nwp3/?f=1&ds=795X&dsmode=1&l=1",12.8000,"01/10/25 00:00:00"
1000228,"KMB",,"259S","259S","259S",1,"T",1,9.3000000000000000e+01,"屯門 (龍門居)","屯门 (龙门居)","TUEN MUN (LUNG MUN OASIS)","觀塘碼頭","观塘码头","KWUN TONG FERRY","https://search.kmb.hk/KMBWebSite/?action=routesearch&route=259S&lang=zh-hk","https://search.kmb.hk/KMBWebSite/?action=routesearch&route=259S&lang=zh-cn","https://search.kmb.hk/KMBWebSite/?action=routesearch&route=259S&lang=en",20.8000,"09/15/23 00:00:00"
1000229,"CTB",,"982C","982C","982C",1,"T",1,5.9000000000000000e+01,"碩門邨","硕门邨","Shek Mun Estate","西灣河","西湾河","Sai Wan Ho","https://mobile.bravobus.com.hk/nwp3/?f=1&ds=982C&dsmode=1&l=0","https://mobile.bravobus.com.hk/nwp3/?f=1&ds=982C&dsmode=1&l=2","https://mobile.bravobus.com.hk/nwp3/?f=1&ds=982C&dsmode=1&l=1",24.4000,"08/16/24 00:00:00"
1000230,"CTB",,"1M","1M","1M",1,"R",0,2.6000000000000000e+01,"會展站","会展站","Exhibition Centre Station","黃泥涌峽(循環線)","黄泥涌峡(循环线)","Wong Nai Chung Gap (Circular)","https://mobile.bravobus.com.hk/nwp3/?f=1&ds=1M&dsmode=1&l=0","https://mobile.bravobus.com.hk/nwp3/?f=1&ds=1M&dsmode=1&l=2","https://mobile.bravobus.com.hk/nwp3/?f=1&ds=1M&dsmode=1&l=1",7.5000,"09/23/24 00:00:00"
1000238,"KMB",,"73B","73B","73B",1,"T",1,4.9000000000000000e+01,"全安路(那打素醫院)","全安路(那打素医院)","CHUEN ON ROAD (NETHERSOLE HOSPITAL)","上水站","上水站","SHEUNG SHUI STATION","https://search.kmb.hk/KMBWebSite/?action=routesearch&route=73B&lang=zh-hk","https://search.kmb.hk/KMBWebSite/?action=routesearch&route=73B&lang=zh-cn","https://search.kmb.hk/KMBWebSite/?action=routesearch&route=73B&lang=en",9.6000,"06/10/23 00:00:00"
1000239,"KMB",,"61P","61P","61P",1,"T",1,4.2000000000000000e+01,"掃管笏","扫管笏","SO KWUN WAT","荃灣站","荃湾站","TSUEN WAN STATION","https://search.kmb.hk/KMBWebSite/?action=routesearch&route=61P&lang=zh-hk","https://search.kmb.hk/KMBWebSite/?action=routesearch&route=61P&lang=zh-cn","https://search.kmb.hk/KMBWebSite/?action=routesearch&route=61P&lang=en",9.6000,"06/18/23 00:00:00"
1000240,"KMB",,"960X","960X","960X",1,"T",1,1.0000000000000000e+02,"鰂魚涌(英皇道)","鰂鱼涌(英皇道)","QUARRY BAY (KING'S ROAD)","洪水橋(洪福邨)","洪水桥(洪福邨)","HUNG SHUI KIU (HUNG FUK ESTATE)","https://search.kmb.hk/KMBWebSite/?action=routesearch&route=960X&lang=zh-hk","https://search.kmb.hk/KMBWebSite/?action=routesearch&route=960X&lang=zh-cn","https://search.kmb.hk/KMBWebSite/?action=routesearch&route=960X&lang=en",27.0000,"04/19/24 00:00:00"
1000241,"CTB",,"50M","50M","50M",1,"R",0,2.4000000000000000e+01,"和田邨","和田邨","Wo Tin Estate","屯門站(循環線)","屯门站(循环线)","Tuen Mun Station (Circular)","https://mobile.bravobus.com.hk/nwp3/?f=1&ds=50M&dsmode=1&l=0","https://mobile.bravobus.com.hk/nwp3/?f=1&ds=50M&dsmode=1&l=2","https://mobile.bravobus.com.hk/nwp3/?f=1&ds=50M&dsmode=1&l=1",5.6000,"07/03/24 00:00:00"
1000242,"KMB",,"67A","67A","67A",1,"R",0,5.7000000000000000e+01,"屯門(寶田邨)","屯门(宝田邨)","TUEN MUN (PO TIN ESTATE)","葵芳(葵翠邨)","葵芳(葵翠邨)","KWAI FONG (KWAI TSUI ESTATE)","https://search.kmb.hk/KMBWebSite/?action=routesearch&route=67A&lang=zh-hk","https://search.kmb.hk/KMBWebSite/?action=routesearch&route=67A&lang=zh-cn","https://search.kmb.hk/KMBWebSite/?action=routesearch&route=67A&lang=en",10.8000,"01/02/25 00:00:00"
1000243,"CTB",,"50","50","50",1,"T",1,7.1000000000000000e+01,"屯門 (菁田及和田)","屯门 (菁田及和田)","Tuen Mun (Ching Tin and Wo Tin)","尖沙咀(九龍站)","尖沙咀(九龙站)","Tsim Sha Tsui (Kowloon Station)","https://mobile.bravobus.com.hk/nwp3/?f=1&ds=50&dsmode=1&l=0","https://mobile.bravobus.com.hk/nwp3/?f=1&ds=50&dsmode=1&l=2","https://mobile.bravobus.com.hk/nwp3/?f=1&ds=50&dsmode=1&l=1",17.7000,"01/02/25 00:00:00"
1000250,"LRTFeeder",,"K54","K54","K54",1,"R",0,2.2000000000000000e+01,"和田邨","和田邨","Wo Tin Estate","屯門市中心(循環線)","屯门市中心(循环线)","Tuen Mun Town Centre (Circular)","https://www.mtr.com.hk/ch/customer/services/bus_finder_search_box.html","https://www.mtr.com.hk/ch/customer/services/bus_finder_search_box.html","https://www.mtr.com.hk/en/customer/services/bus_finder_search_box.html",5.1000,"06/24/24 00:00:00"
1000251,"CTB",,"976A","976A","976A",1,"T",1,9.3000000000000000e+01,"落馬洲 (新田)","落马洲 (新田)","Lok Ma Chau (San Tin)","小西灣 (藍灣半島)","小西湾 (蓝湾半岛)","Siu Sai Wan (Island Resort)","https://mobile.bravobus.com.hk/nwp3/?f=1&ds=976A&dsmode=1&l=0","https://mobile.bravobus.com.hk/nwp3/?f=1&ds=976A&dsmode=1&l=2","https://mobile.bravobus.com.hk/nwp3/?f=1&ds=976A&dsmode=1&l=1",27.6000,"01/02/25 00:00:00"
1000252,"CTB",,"930A","930A","930A",1,"T",1,4.2000000000000000e+01,"菲林明道","菲林明道","Fleming Road","荃灣 (愉景新城)","荃湾 (愉景新城)","Tsuen Wan (Discovery Park)","https://mobile.bravobus.com.hk/nwp3/?f=1&ds=930A&dsmode=1&l=0","https://mobile.bravobus.com.hk/nwp3/?f=1&ds=930A&dsmode=1&l=2","https://mobile.bravobus.com.hk/nwp3/?f=1&ds=930A&dsmode=1&l=1",20.8000,"06/18/23 00:00:00"
1000254,"CTB",,"13","13","13",1,"T",1,2.2000000000000000e+01,"旭龢道","旭龢道","Kotewall Road","金鐘 (添馬街)(不經雪廠街)","金钟 (添马街)(不经雪厂街)","Admiralty (Tamar Street) (omit Ice House St)","https://mobile.bravobus.com.hk/nwp3/?f=1&ds=13&dsmode=1&l=0","https://mobile.bravobus.com.hk/nwp3/?f=1&ds=13&dsmode=1&l=2","https://mobile.bravobus.com.hk/nwp3/?f=1&ds=13&dsmode=1&l=1",6.8000,"06/18/23 00:00:00"
1000255,"CTB",,"793","793","793",1,"R",0,7.5000000000000000e+01,"將軍澳工業邨","将军澳工业邨","Tseung Kwan O Industrial Estate","蘇屋","苏屋","So Uk","https://mobile.bravobus.com.hk/nwp3/?f=1&ds=793&dsmode=1&l=0","https://mobile.bravobus.com.hk/nwp3/?f=1&ds=793&dsmode=1&l=2","https://mobile.bravobus.com.hk/nwp3/?f=1&ds=793&dsmode=1&l=1",12.8000,"01/10/25 00:00:00"
1000256,"CTB",,"793","793","793",1,"T",1,7.9000000000000000e+01,"將軍澳工業邨","将军澳工业邨","Tseung Kwan O Industrial Estate","蘇屋(經消防及救護學院)","苏屋(经消防及救护学院)","So Uk (via Fire and Ambulance Services Academy)","https://mobile.bravobus.com.hk/nwp3/?f=1&ds=793&dsmode=1&l=0","https://mobile.bravobus.com.hk/nwp3/?f=1&ds=793&dsmode=1&l=2","https://mobile.bravobus.com.hk/nwp3/?f=1&ds=793&dsmode=1&l=1",12.8000,"01/02/25 00:00:00"
1000263,"CTB",,"91","91","91",1,"T",1,4.7000000000000000e+01,"海怡半島(第18座)","海怡半岛(第18座)","South Horizons (Block 18)","中環碼頭","中环码头","Central (Central Ferry Piers)","https://mobile.bravobus.com.hk/nwp3/?f=1&ds=91&dsmode=1&l=0","https://mobile.bravobus.com.hk/nwp3/?f=1&ds=91&dsmode=1&l=2","https://mobile.bravobus.com.hk/nwp3/?f=1&ds=91&dsmode=1&l=1",8.0000,"01/02/25 00:00:00"
1000264,"CTB",,"91","91","91",1,"T",1,4.3000000000000000e+01,"利東邨","利东邨","Lei Tung Estate","中環碼頭","中环码头","Central (Ferry Piers)","https://mobile.bravobus.com.hk/nwp3/?f=1&ds=91&dsmode=1&l=0","https://mobile.bravobus.com.hk/nwp3/?f=1&ds=91&dsmode=1&l=2","https://mobile.bravobus.com.hk/nwp3/?f=1&ds=91&dsmode=1&l=1",8.0000,"01/02/25 00:00:00"
1000265,"KMB",,"93P","93P","93P",1,"T",1,7.3000000000000000e+01,"寶林","宝林","PO LAM","旺角(柏景灣)","旺角(柏景湾)","MONG KOK (PARK AVENUE)","https://search.kmb.hk/KMBWebSite/?action=routesearch&route=93P&lang=zh-hk","https://search.kmb.hk/KMBWebSite/?action=routesearch&route=93P&lang=zh-cn","https://search.kmb.hk/KMBWebSite/?action=routesearch&route=93P&lang=en",10.2000,"06/10/23 00:00:00"
1000267,"NLB",,"37","37","37",1,"T",1,1.4000000000000000e+01,"逸東邨","逸东邨","Yat Tung Estate","迎東邨(不經松滿路及東涌市中心)","迎东邨(不经松满路及东涌市中心)","Ying Tung Estate (omit Chung Mun Road & Tung Chung Town Centre)","http://www.nlb.com.hk/route?q=37","http://www.nlb.com.hk/route?q=37","http://www.nlb.com.hk/route?q=37",3.9000,"10/02/24 00:00:00"
1000268,"LRTFeeder",,"K51A","K51A","K51A",1,"T",1,3.8000000000000000e+01,"富泰","富泰","Fu Tai","掃管笏","扫管笏","So Kwun Wat","https://www.mtr.com.hk/ch/customer/services/bus_finder_search_box.html","https://www.mtr.com.hk/ch/customer/services/bus_finder_search_box.html","https://www.mtr.com.hk/en/customer/services/bus_finder_search_box.html",5.1000,"06/24/24 00:00:00"
1000269,"KMB",,"81K","81K","81K",1,"T",1,2.5000000000000000e+01,"穗禾苑","穗禾苑","SUI WO COURT","新田圍(經駿洋邨)","新田围(经骏洋邨)","SUN TIN WAI (via Chun Yeung Estate)","https://search.kmb.hk/KMBWebSite/?action=routesearch&route=81K&lang=zh-hk","https://search.kmb.hk/KMBWebSite/?action=routesearch&route=81K&lang=zh-cn","https://search.kmb.hk/KMBWebSite/?action=routesearch&route=81K&lang=en",5.2000,"07/19/23 00:00:00"
1000276,"CTB",,"11","11","11",1,"T",1,2.9000000000000000e+01,"中環碼頭","中环码头","Central (Ferry Piers)","渣甸山(循環線)","渣甸山(循环线)","Jardine's Lookout (Circular)","https://mobile.bravobus.com.hk/nwp3/?f=1&ds=11&dsmode=1&l=0","https://mobile.bravobus.com.hk/nwp3/?f=1&ds=11&dsmode=1&l=2","https://mobile.bravobus.com.hk/nwp3/?f=1&ds=11&dsmode=1&l=1",8.6000,"01/02/25 00:00:00"
1000277,"CTB",,"76","76","76",1,"T",1,3.0000000000000000e+01,"石排灣","石排湾","Shek Pai Wan","銅鑼灣(邊寧頓街)(上課日加開班次)","铜锣湾(边宁顿街)(上课日加开班次)","Causeway Bay (Pennington Street) (School days additional departure)","https://mobile.bravobus.com.hk/nwp3/?f=1&ds=76&dsmode=1&l=0","https://mobile.bravobus.com.hk/nwp3/?f=1&ds=76&dsmode=1&l=2","https://mobile.bravobus.com.hk/nwp3/?f=1&ds=76&dsmode=1&l=1",7.0000,"06/18/23 00:00:00"
1000278,"CTB",,"76","76","76",1,"T",1,3.0000000000000000e+01,"黃竹坑站","黄竹坑站","Wong Chuk Hang Station","銅鑼灣(邊寧頓街)(上課日加開班次)","铜锣湾(边宁顿街)(上课日加开班次)","Causeway Bay (Pennington Street) (School days additional departure)","https://mobile.bravobus.com.hk/nwp3/?f=1&ds=76&dsmode=1&l=0","https://mobile.bravobus.com.hk/nwp3/?f=1&ds=76&dsmode=1&l=2","https://mobile.bravobus.com.hk/nwp3/?f=1&ds=76&dsmode=1&l=1",7.0000,"06/18/23 00:00:00"
1000279,"CTB",,"720A","720A","720A",1,"T",1,3.1000000000000000e+01,"嘉亨灣","嘉亨湾","Grand Promenade","中環 (畢打街)","中环 (毕打街)","Central (Pedder Street)","https://mobile.bravobus.com.hk/nwp3/?f=1&ds=720A&dsmode=1&l=0","https://mobile.bravobus.com.hk/nwp3/?f=1&ds=720A&dsmode=1&l=2","https://mobile.bravobus.com.hk/nwp3/?f=1&ds=720A&dsmode=1&l=1",8.7000,"01/02/25 00:00:00"
1000280,"CTB",,"720","720","720",1,"T",1,3.3000000000000000e+01,"嘉亨灣","嘉亨湾","Grand Promenade","中環 (永和街)(循環線)(經金鐘)","中环 (永和街)(循环线)(经金钟)","Central (Wing Wo Street) (Circular) (via Admiralty)","https://mobile.bravobus.com.hk/nwp3/?f=1&ds=720&dsmode=1&l=0","https://mobile.bravobus.com.hk/nwp3/?f=1&ds=720&dsmode=1&l=2","https://mobile.bravobus.com.hk/nwp3/?f=1&ds=720&dsmode=1&l=1",8.7000,"01/02/25 00:00:00"
1000283,"CTB",,"950","950","950",1,"T",1,5.9000000000000000e+01,"屯門 (菁田及和田)","屯门 (菁田及和田)","Tuen Mun (Ching Tin and Wo Tin)","會展站","会展站","Exhibition Centre Station","https://mobile.bravobus.com.hk/nwp3/?f=1&ds=950&dsmode=1&l=0","https://mobile.bravobus.com.hk/nwp3/?f=1&ds=950&dsmode=1&l=2","https://mobile.bravobus.com.hk/nwp3/?f=1&ds=950&dsmode=1&l=1",24.2000,"01/02/25 00:00:00"
1000284,"CTB",,"56A","56A","56A",1,"T",1,5.5000000000000000e+01,"屯門 (菁田及和田)","屯门 (菁田及和田)","Tuen Mun (Ching Tin and Wo Tin)","粉嶺皇后山(經上水站)","粉岭皇后山(经上水站)","Queen’s Hill Fanling (via Shueng Shui Station)","https://mobile.bravobus.com.hk/nwp3/?f=1&ds=56A&dsmode=1&l=0","https://mobile.bravobus.com.hk/nwp3/?f=1&ds=56A&dsmode=1&l=2","https://mobile.bravobus.com.hk/nwp3/?f=1&ds=56A&dsmode=1&l=1",16.0000,"01/02/25 00:00:00"
1000285,"KMB",,"90","90","90",1,"T",1,5.6000000000000000e+01,"碩門邨","硕门邨","SHEK MUN ESTATE","將軍澳(彩明)","将军澳(彩明)","TSEUNG KWAN O (CHOI MING)","https://search.kmb.hk/KMBWebSite/?action=routesearch&route=90&lang=zh-hk","https://search.kmb.hk/KMBWebSite/?action=routesearch&route=90&lang=zh-cn","https://search.kmb.hk/KMBWebSite/?action=routesearch&route=90&lang=en",9.2000,"06/18/23 00:00:00"
1000286,"KMB",,"97","97","97",1,"T",1,6.1000000000000000e+01,"烏溪沙站","乌溪沙站","WU KAI SHA STATION","康盛花園","康盛花园","HONG SING GARDEN","https://search.kmb.hk/KMBWebSite/?action=routesearch&route=97&lang=zh-hk","https://search.kmb.hk/KMBWebSite/?action=routesearch&route=97&lang=zh-cn","https://search.kmb.hk/KMBWebSite/?action=routesearch&route=97&lang=en",9.2000,"06/18/23 00:00:00"
1000287,"CTB",,"798P","798P","798P",1,"T",1,7.8000000000000000e+01,"將軍澳工業邨","将军澳工业邨","Tseung Kwan O Industrial Estate","大圍站(經沙田)","大围站(经沙田)","Tai Wai Station (via Sha Tin)","https://mobile.bravobus.com.hk/nwp3/?f=1&ds=798P&dsmode=1&l=0","https://mobile.bravobus.com.hk/nwp3/?f=1&ds=798P&dsmode=1&l=2","https://mobile.bravobus.com.hk/nwp3/?f=1&ds=798P&dsmode=1&l=1",13.1000,"01/02/25 00:00:00"
1000294,"KMB",,"263B","263B","263B",1,"T",1,4.7000000000000000e+01,"屯門站","屯门站","TUEN MUN STATION","火炭(山尾街)","火炭(山尾街)","FO TAN (SHAN MEI STREET)","https://search.kmb.hk/KMBWebSite/?action=routesearch&route=263B&lang=zh-hk","https://search.kmb.hk/KMBWebSite/?action=routesearch&route=263B&lang=zh-cn","https://search.kmb.hk/KMBWebSite/?action=routesearch&route=263B&lang=en",16.9000,"06/18/23 00:00:00"
1000295,"CTB",,"10","10","10",1,"T",1,5.9000000000000000e+01,"堅尼地城","坚尼地城","Kennedy Town","北角碼頭(不經遮打道)","北角码头(不经遮打道)","North Point Ferry Pier (omit Chater Road)","https://mobile.bravobus.com.hk/nwp3/?f=1&ds=10&dsmode=1&l=0","https://mobile.bravobus.com.hk/nwp3/?f=1&ds=10&dsmode=1&l=2","https://mobile.bravobus.com.hk/nwp3/?f=1&ds=10&dsmode=1&l=1",4.8000,"07/02/24 00:00:00"
1000296,"CTB",,"10","10","10",1,"R",0,5.4000000000000000e+01,"北角碼頭","北角码头","North Point Ferry Pier","堅尼地城","坚尼地城","Kennedy Town","https://mobile.bravobus.com.hk/nwp3/?f=1&ds=10&dsmode=1&l=0","https://mobile.bravobus.com.hk/nwp3/?f=1&ds=10&dsmode=1&l=2","https://mobile.bravobus.com.hk/nwp3/?f=1&ds=10&dsmode=1&l=1",4.8000,"07/02/24 00:00:00"
1000300,"CTB",,"955","955","955",1,"T",1,8.9000000000000000e+01,"屯門 (菁田及和田)","屯门 (菁田及和田)","Tuen Mun (Ching Tin and Wo Tin)","西灣河","西湾河","Sai Wan Ho","https://mobile.bravobus.com.hk/nwp3/?f=1&ds=955&dsmode=1&l=0","https://mobile.bravobus.com.hk/nwp3/?f=1&ds=955&dsmode=1&l=2","https://mobile.bravobus.com.hk/nwp3/?f=1&ds=955&dsmode=1&l=1",27.3000,"01/02/25 00:00:00"
1000304,"CTB",,"38","38","38",1,"R",0,3.5000000000000000e+01,"置富花園","置富花园","Chi Fu Fa Yuen","北角碼頭(經華富)","北角码头(经华富)","North Point Ferry (via Wah Fu)","https://mobile.bravobus.com.hk/nwp3/?f=1&ds=38&dsmode=1&l=0","https://mobile.bravobus.com.hk/nwp3/?f=1&ds=38&dsmode=1&l=2","https://mobile.bravobus.com.hk/nwp3/?f=1&ds=38&dsmode=1&l=1",9.4000,"08/02/23 00:00:00"
1000305,"CTB",,"38","38","38",1,"T",1,2.2000000000000000e+01,"銅鑼灣(中央圖書館)","铜锣湾(中央图书馆)","Causeway Bay (Central Library)","置富","置富","Chi Fu","https://mobile.bravobus.com.hk/nwp3/?f=1&ds=38&dsmode=1&l=0","https://mobile.bravobus.com.hk/nwp3/?f=1&ds=38&dsmode=1&l=2","https://mobile.bravobus.com.hk/nwp3/?f=1&ds=38&dsmode=1&l=1",7.4000,"06/18/23 00:00:00"
1000312,"CTB",,"790","790","790",1,"T",1,4.0000000000000000e+01,"清水灣半島","清水湾半岛","Oscar by the Sea","尖沙咀(麼地道)","尖沙咀(麽地道)","Tsim Sha Tsui (Mody Road)","https://mobile.bravobus.com.hk/nwp3/?f=1&ds=790&dsmode=1&l=0","https://mobile.bravobus.com.hk/nwp3/?f=1&ds=790&dsmode=1&l=2","https://mobile.bravobus.com.hk/nwp3/?f=1&ds=790&dsmode=1&l=1",11.7000,"01/02/25 00:00:00"
1000313,"CTB",,"795","795","795",1,"T",1,6.8000000000000000e+01,"將軍澳工業邨","将军澳工业邨","Tseung Kwan O Industrial Estate","長沙灣(海達)","长沙湾(海达)","Cheung Sha Wan (Hoi Tat)","https://mobile.bravobus.com.hk/nwp3/?f=1&ds=795&dsmode=1&l=0","https://mobile.bravobus.com.hk/nwp3/?f=1&ds=795&dsmode=1&l=2","https://mobile.bravobus.com.hk/nwp3/?f=1&ds=795&dsmode=1&l=1",14.6000,"01/02/25 00:00:00"
1000314,"KMB",,"96","96","96",1,"T",1,7.9000000000000000e+01,"康盛花園","康盛花园","HONG SING GARDEN","大埔工業邨","大埔工业邨","TAI PO INDUSTRIAL ESTATE","https://search.kmb.hk/KMBWebSite/?action=routesearch&route=96&lang=zh-hk","https://search.kmb.hk/KMBWebSite/?action=routesearch&route=96&lang=zh-cn","https://search.kmb.hk/KMBWebSite/?action=routesearch&route=96&lang=en",10.3000,"01/05/24 00:00:00"
1000315,"KMB",,"290E","290E","290E",1,"T",1,7.9000000000000000e+01,"將軍澳工業邨","将军澳工业邨","TSEUNG KWAN O INDUSTRIAL ESTATE","荃灣西站","荃湾西站","TSUEN WAN WEST STATION","https://search.kmb.hk/KMBWebSite/?action=routesearch&route=290E&lang=zh-hk","https://search.kmb.hk/KMBWebSite/?action=routesearch&route=290E&lang=zh-cn","https://search.kmb.hk/KMBWebSite/?action=routesearch&route=290E&lang=en",12.1000,"12/16/24 00:00:00"
1000316,"KMB",,"298X","298X","298X",1,"T",1,6.2000000000000000e+01,"坑口(北)(將軍澳醫院)","坑口(北)(将军澳医院)","HANG HAU (NORTH) (TSEUNG KWAN O HOSPITAL)","美孚","美孚","MEI FOO","https://search.kmb.hk/KMBWebSite/?action=routesearch&route=298X&lang=zh-hk","https://search.kmb.hk/KMBWebSite/?action=routesearch&route=298X&lang=zh-cn","https://search.kmb.hk/KMBWebSite/?action=routesearch&route=298X&lang=en",13.1000,"11/01/24 00:00:00"
1000322,"KMB",,"74R","74R","74R",1,"T",1,4.8000000000000000e+01,"大埔(太和)","大埔(太和)","TAI PO (TAI WO)","北潭涌","北潭涌","PAK TAM CHUNG","https://search.kmb.hk/KMBWebSite/?action=routesearch&route=74R&lang=zh-hk","https://search.kmb.hk/KMBWebSite/?action=routesearch&route=74R&lang=zh-cn","https://search.kmb.hk/KMBWebSite/?action=routesearch&route=74R&lang=en",25.6000,"06/18/23 00:00:00"
1000330,"KMB",,"W2","W2","W2",1,"T",1,3.3000000000000000e+01,"佐敦(西九龍站)","佐敦(西九龙站)","JORDAN (WEST KOWLOON STATION)","麗港公園","丽港公园","LAGUNA PARK","https://search.kmb.hk/KMBWebSite/?action=routesearch&route=W2&lang=zh-hk","https://search.kmb.hk/KMBWebSite/?action=routesearch&route=W2&lang=zh-cn","https://search.kmb.hk/KMBWebSite/?action=routesearch&route=W2&lang=en",6.4000,"06/18/23 00:00:00"
1000331,"KMB",,"W2","W2","W2",1,"T",1,3.0000000000000000e+01,"創紀之城","创纪之城","MILLENNIUM CITY","佐敦(西九龍站)","佐敦(西九龙站)","JORDAN (WEST KOWLOON STATION)","https://search.kmb.hk/KMBWebSite/?action=routesearch&route=W2&lang=zh-hk","https://search.kmb.hk/KMBWebSite/?action=routesearch&route=W2&lang=zh-cn","https://search.kmb.hk/KMBWebSite/?action=routesearch&route=W2&lang=en",6.4000,"06/18/23 00:00:00"
1000332,"KMB",,"68X","68X","68X",1,"T",1,5.8000000000000000e+01,"朗屏邨悅屏樓","朗屏邨悦屏楼","YUET PING HOUSE LONG PING ESTATE","旺角(柏景灣)","旺角(柏景湾)","MONG KOK (PARK AVENUE)","https://search.kmb.hk/KMBWebSite/?action=routesearch&route=68X&lang=zh-hk","https://search.kmb.hk/KMBWebSite/?action=routesearch&route=68X&lang=zh-cn","https://search.kmb.hk/KMBWebSite/?action=routesearch&route=68X&lang=en",16.2000,"01/02/25 00:00:00"
1000333,"KMB",,"268X","268X","268X",1,"T",1,5.3000000000000000e+01,"朗屏邨悅屏樓","朗屏邨悦屏楼","YUET PING HOUSE LONG PING ESTATE","佐敦(西九龍站)","佐敦(西九龙站)","JORDAN (WEST KOWLOON STATION)","https://search.kmb.hk/KMBWebSite/?action=routesearch&route=268X&lang=zh-hk","https://search.kmb.hk/KMBWebSite/?action=routesearch&route=268X&lang=zh-cn","https://search.kmb.hk/KMBWebSite/?action=routesearch&route=268X&lang=en",16.2000,"01/02/25 00:00:00"
1000334,"KMB",,"203C","203C","203C",1,"R",0,4.4000000000000000e+01,"深水埗(大坑東)","深水埗(大坑东)","SHAM SHUI PO (TAI HANG TUNG)","尖沙咀東(麼地道)","尖沙咀东(麽地道)","TSIM SHA TSUI EAST (MODY ROAD)","https://search.kmb.hk/KMBWebSite/?action=routesearch&route=203C&lang=zh-hk","https://search.kmb.hk/KMBWebSite/?action=routesearch&route=203C&lang=zh-cn","https://search.kmb.hk/KMBWebSite/?action=routesearch&route=203C&lang=en",5.6000,"10/06/23 00:00:00"
1000342,"KMB",,"64K","64K","64K",1,"T",1,3.6000000000000000e+01,"上村球場","上村球场","SHEUNG TSUEN PLAYGROUND","元朗(西)","元朗(西)","YUEN LONG (WEST)","https://search.kmb.hk/KMBWebSite/?action=routesearch&route=64K&lang=zh-hk","https://search.kmb.hk/KMBWebSite/?action=routesearch&route=64K&lang=zh-cn","https://search.kmb.hk/KMBWebSite/?action=routesearch&route=64K&lang=en",6.7000,"09/27/24 00:00:00"
1000344,"CTB",,"20","20","20",1,"T",1,4.6000000000000000e+01,"長沙灣(海達)","长沙湾(海达)","Cheung Sha Wan (Hoi Tat)","啟德(沐安街)(不停廣東道)","启德(沐安街)(不停广东道)","Kai Tak (Muk Ning Street) (omit Canton Road)","https://mobile.bravobus.com.hk/nwp3/?f=1&ds=20&dsmode=1&l=0","https://mobile.bravobus.com.hk/nwp3/?f=1&ds=20&dsmode=1&l=2","https://mobile.bravobus.com.hk/nwp3/?f=1&ds=20&dsmode=1&l=1",6.4000,"12/13/24 00:00:00"
1000345,"CTB",,"5X","5X","5X",1,"T",1,4.9000000000000000e+01,"銅鑼灣(威非路道)","铜锣湾(威非路道)","Causeway Bay (Whitfield Road)","堅尼地城","坚尼地城","Kennedy Town","https://mobile.bravobus.com.hk/nwp3/?f=1&ds=5X&dsmode=1&l=0","https://mobile.bravobus.com.hk/nwp3/?f=1&ds=5X&dsmode=1&l=2","https://mobile.bravobus.com.hk/nwp3/?f=1&ds=5X&dsmode=1&l=1",6.1000,"06/18/23 00:00:00"
1000346,"CTB",,"5X","5X","5X",1,"T",1,5.1000000000000000e+01,"銅鑼灣(威非路道)","铜锣湾(威非路道)","Causeway Bay (Whitfield Road)","堅尼地城(不經雪廠街)","坚尼地城(不经雪厂街)","Kennedy Town (omit Ice House Street)","https://mobile.bravobus.com.hk/nwp3/?f=1&ds=5X&dsmode=1&l=0","https://mobile.bravobus.com.hk/nwp3/?f=1&ds=5X&dsmode=1&l=2","https://mobile.bravobus.com.hk/nwp3/?f=1&ds=5X&dsmode=1&l=1",6.1000,"06/18/23 00:00:00"
1000349,"CTB",,"8P","8P","8P",1,"T",1,4.1000000000000000e+01,"小西灣(藍灣半島)","小西湾(蓝湾半岛)","Siu Sai Wan (Island Resort)","會展站(不停富景花園)","会展站(不停富景花园)","Exhibition Centre Station (omit Fullview Garden)","https://mobile.bravobus.com.hk/nwp3/?f=1&ds=8P&dsmode=1&l=0","https://mobile.bravobus.com.hk/nwp3/?f=1&ds=8P&dsmode=1&l=2","https://mobile.bravobus.com.hk/nwp3/?f=1&ds=8P&dsmode=1&l=1",8.1000,"06/10/23 00:00:00"
1000356,"KMB",,"49M","49M","49M",1,"R",0,1.2000000000000000e+01,"青衣(青富苑)","青衣(青富苑)","Tsing Yi (Ching Fu Court)","青衣站 (循環線)","青衣站 (循环线)","Tsing Yi Station (Circular)","https://search.kmb.hk/KMBWebSite/?action=routesearch&route=49M&lang=zh-hk","https://search.kmb.hk/KMBWebSite/?action=routesearch&route=49M&lang=zh-cn","https://search.kmb.hk/KMBWebSite/?action=routesearch&route=49M&lang=en",4.8000,"11/01/24 00:00:00"
1000357,"KMB",,"269D","269D","269D",1,"T",1,6.5000000000000000e+01,"天富","天富","TIN FU","瀝源(經濕地公園路, 不經元朗)","沥源(经湿地公园路, 不经元朗)","LEK YUEN (via Wetland Park Road, omit Yuen Long)","https://search.kmb.hk/KMBWebSite/?action=routesearch&route=269D&lang=zh-hk","https://search.kmb.hk/KMBWebSite/?action=routesearch&route=269D&lang=zh-cn","https://search.kmb.hk/KMBWebSite/?action=routesearch&route=269D&lang=en",18.5000,"01/22/24 00:00:00"
1000358,"NLB",,"37M","37M","37M",1,"R",0,1.0000000000000000e+01,"迎東邨","迎东邨","Ying Tung Estate","東涌市中心 (循環線)","东涌市中心 (循环线)","Tung Chung Town Centre (Circular)","http://www.nlb.com.hk/route?q=37M","http://www.nlb.com.hk/route?q=37M","http://www.nlb.com.hk/route?q=37M",3.9000,"07/12/24 00:00:00"
1000359,"NLB",,"37A","37A","37A",1,"T",1,1.0000000000000000e+01,"裕雅苑","裕雅苑","Yu Nga Court","東涌站 (循環線)","东涌站 (循环线)","Tung Chung Station","http://www.nlb.com.hk/route?q=37A","http://www.nlb.com.hk/route?q=37A","http://www.nlb.com.hk/route?q=37A",3.9000,"06/10/23 00:00:00"
1000360,"CTB",,"A25","A25","A25",1,"R",0,8.9000000000000000e+01,"啟德","启德","Kai Tak","機場(經尖沙咀及港珠澳大橋香港口岸)","机场(经尖沙咀及港珠澳大桥香港口岸)","Airport (via Tsim Sha Tsui & HZMB Hong Kong Port)","https://mobile.bravobus.com.hk/nwp3/?f=1&ds=A25&dsmode=1&l=0","https://mobile.bravobus.com.hk/nwp3/?f=1&ds=A25&dsmode=1&l=2","https://mobile.bravobus.com.hk/nwp3/?f=1&ds=A25&dsmode=1&l=1",40.8000,"01/24/25 00:00:00"
1000364,"KMB",,"6X","6X","6X",1,"T",1,3.8000000000000000e+01,"盛德街","盛德街","SHING TAK STREET","美孚","美孚","MEI FOO","https://search.kmb.hk/KMBWebSite/?action=routesearch&route=6X&lang=zh-hk","https://search.kmb.hk/KMBWebSite/?action=routesearch&route=6X&lang=zh-cn","https://search.kmb.hk/KMBWebSite/?action=routesearch&route=6X&lang=en",6.7000,"06/10/23 00:00:00"
1000371,"KMB",,"900","900","900",1,"T",1,6.3000000000000000e+01,"灣仔(會展)","湾仔(会展)","WAN CHAI (CONVENTION CENTRE)","白石角(經大學站)","白石角(经大学站)","PAK SHEK KOK (via University Station)","https://search.kmb.hk/KMBWebSite/?action=routesearch&route=900&lang=zh-hk","https://search.kmb.hk/KMBWebSite/?action=routesearch&route=900&lang=zh-cn","https://search.kmb.hk/KMBWebSite/?action=routesearch&route=900&lang=en",22.0000,"06/18/23 00:00:00"
1000372,"KMB",,"N960","N960","N960",1,"NT",1,6.8000000000000000e+01,"屯門(建生邨)","屯门(建生邨)","TUEN MUN (KIN SANG ESTATE)","灣仔(會展站)","湾仔(会展站)","WAN CHAI (EXHIBITION CENTRE STATION)","https://search.kmb.hk/KMBWebSite/?action=routesearch&route=N960&lang=zh-hk","https://search.kmb.hk/KMBWebSite/?action=routesearch&route=N960&lang=zh-cn","https://search.kmb.hk/KMBWebSite/?action=routesearch&route=N960&lang=en",39.0000,"01/02/25 00:00:00"
1000373,"KMB",,"80X","80X","80X",1,"T",1,4.5000000000000000e+01,"新田圍","新田围","SUN TIN WAI","觀塘碼頭","观塘码头","KWUN TONG FERRY","https://search.kmb.hk/KMBWebSite/?action=routesearch&route=80X&lang=zh-hk","https://search.kmb.hk/KMBWebSite/?action=routesearch&route=80X&lang=zh-cn","https://search.kmb.hk/KMBWebSite/?action=routesearch&route=80X&lang=en",8.1000,"05/24/24 00:00:00"
1000374,"CTB",,"22D","22D","22D",1,"R",0,1.0000000000000000e+01,"啟德站","启德站","Kai Tak Station","啟德跑道區(循環線)","启德跑道区(循环线)","Kai Tak Runway Area (Circular)","https://mobile.bravobus.com.hk/nwp3/?f=1&ds=22D&dsmode=1&l=0","https://mobile.bravobus.com.hk/nwp3/?f=1&ds=22D&dsmode=1&l=2","https://mobile.bravobus.com.hk/nwp3/?f=1&ds=22D&dsmode=1&l=1",7.3000,"01/10/25 00:00:00"
1000376,"KMB",,"252","252","252",1,"NT",1,1.5000000000000000e+01,"屯門公路轉車站","屯门公路转车站","TUEN MUN ROAD INTERCHANGE","管翠路","管翠路","KWUN CHUI ROAD","https://search.kmb.hk/KMBWebSite/?action=routesearch&route=252&lang=zh-hk","https://search.kmb.hk/KMBWebSite/?action=routesearch&route=252&lang=zh-cn","https://search.kmb.hk/KMBWebSite/?action=routesearch&route=252&lang=en",6.0000,"01/02/25 00:00:00"
1000377,"KMB",,"252","252","252",1,"T",1,1.7000000000000000e+01,"星堤","星堤","AVIGNON","屯門公路轉車站","屯门公路转车站","TUEN MUN ROAD BBI","https://search.kmb.hk/KMBWebSite/?action=routesearch&route=252&lang=zh-hk","https://search.kmb.hk/KMBWebSite/?action=routesearch&route=252&lang=zh-cn","https://search.kmb.hk/KMBWebSite/?action=routesearch&route=252&lang=en",6.0000,"06/18/23 00:00:00"
1000385,"KMB",,"936A","936A","936A",1,"T",1,6.5000000000000000e+01,"銅鑼灣(棉花路)","铜锣湾(棉花路)","CAUSEWAY BAY (COTTON PATH)","梨木樹","梨木树","LEI MUK SHUE","https://search.kmb.hk/KMBWebSite/?action=routesearch&route=936A&lang=zh-hk","https://search.kmb.hk/KMBWebSite/?action=routesearch&route=936A&lang=zh-cn","https://search.kmb.hk/KMBWebSite/?action=routesearch&route=936A&lang=en",20.6000,"03/22/24 00:00:00"
1000386,"KMB",,"98E","98E","98E",1,"T",1,5.5000000000000000e+01,"坑口(北)","坑口(北)","HANG HAU (NORTH)","美孚","美孚","MEI FOO","https://search.kmb.hk/KMBWebSite/?action=routesearch&route=98E&lang=zh-hk","https://search.kmb.hk/KMBWebSite/?action=routesearch&route=98E&lang=zh-cn","https://search.kmb.hk/KMBWebSite/?action=routesearch&route=98E&lang=en",13.1000,"10/24/23 00:00:00"
1000388,"KMB",,"272A","272A","272A",1,"NT",1,1.4000000000000000e+01,"白石角","白石角","PAK SHEK KOK","大學站","大学站","UNIVERSITY STATION","https://search.kmb.hk/KMBWebSite/?action=routesearch&route=272A&lang=zh-hk","https://search.kmb.hk/KMBWebSite/?action=routesearch&route=272A&lang=zh-cn","https://search.kmb.hk/KMBWebSite/?action=routesearch&route=272A&lang=en",5.1000,"03/08/24 00:00:00"
1000389,"KMB",,"272A","272A","272A",1,"NT",1,1.2000000000000000e+01,"大學站","大学站","UNIVERSITY STATION","博研路","博研路","POK YIN ROAD","https://search.kmb.hk/KMBWebSite/?action=routesearch&route=272A&lang=zh-hk","https://search.kmb.hk/KMBWebSite/?action=routesearch&route=272A&lang=zh-cn","https://search.kmb.hk/KMBWebSite/?action=routesearch&route=272A&lang=en",5.1000,"03/08/24 00:00:00"
1000390,"KMB",,"36A","36A","36A",1,"R",0,3.8000000000000000e+01,"梨木樹","梨木树","LEI MUK SHUE","長沙灣(海達邨)(循環線)","长沙湾(海达邨)(循环线)","CHEUNG SHA WAN (HOI TAT ESTATE) (CIRCULAR)","https://search.kmb.hk/KMBWebSite/?action=routesearch&route=36A&lang=zh-hk","https://search.kmb.hk/KMBWebSite/?action=routesearch&route=36A&lang=zh-cn","https://search.kmb.hk/KMBWebSite/?action=routesearch&route=36A&lang=en",6.7000,"11/22/24 00:00:00"
1000392,"KMB",,"275X","275X","275X",1,"T",1,5.5000000000000000e+01,"大埔(富善)","大埔(富善)","TAI PO (FU SHIN)","紅磡(紅鸞道)","红磡(红鸾道)","HUNG HOM (HUNG LUEN ROAD)","https://search.kmb.hk/KMBWebSite/?action=routesearch&route=275X&lang=zh-hk","https://search.kmb.hk/KMBWebSite/?action=routesearch&route=275X&lang=zh-cn","https://search.kmb.hk/KMBWebSite/?action=routesearch&route=275X&lang=en",11.5000,"08/11/23 00:00:00"
1000288,"CTB",,"798X","798X","798X",1,"T",1,6.9000000000000000e+01,"火炭 (駿洋邨)","火炭 (骏洋邨)","Fo Tan (Chun Yeung Estate)","將軍澳工業邨(經沙田)","将军澳工业邨(经沙田)","Tseung Kwan O Industrial Estate (via Sha Tin)","https://mobile.bravobus.com.hk/nwp3/?f=1&ds=798X&dsmode=1&l=0","https://mobile.bravobus.com.hk/nwp3/?f=1&ds=798X&dsmode=1&l=2","https://mobile.bravobus.com.hk/nwp3/?f=1&ds=798X&dsmode=1&l=1",13.1000,"01/02/25 00:00:00"
1000289,"CTB",,"986","986","986",1,"T",1,6.6000000000000000e+01,"沙田圍","沙田围","Sha Tin Wai","西灣河","西湾河","Sai Wan Ho","https://mobile.bravobus.com.hk/nwp3/?f=1&ds=986&dsmode=1&l=0","https://mobile.bravobus.com.hk/nwp3/?f=1&ds=986&dsmode=1&l=2","https://mobile.bravobus.com.hk/nwp3/?f=1&ds=986&dsmode=1&l=1",19.7000,"01/02/25 00:00:00"
1000290,"KMB",,"272X","272X","272X",1,"R",0,5.3000000000000000e+01,"大埔中心","大埔中心","TAI PO CENTRAL","旺角東站","旺角东站","MONG KOK EAST STATION","https://search.kmb.hk/KMBWebSite/?action=routesearch&route=272X&lang=zh-hk","https://search.kmb.hk/KMBWebSite/?action=routesearch&route=272X&lang=zh-cn","https://search.kmb.hk/KMBWebSite/?action=routesearch&route=272X&lang=en",11.5000,"06/18/23 00:00:00"
1000291,"NLB",,"37H","37H","37H",1,"T",1,2.2000000000000000e+01,"滿東邨","满东邨","Mun Tung Estate","迎東邨","迎东邨","Ying Tung Estate","http://www.nlb.com.hk/route?q=37H","http://www.nlb.com.hk/route?q=37H","http://www.nlb.com.hk/route?q=37H",3.9000,"06/10/23 00:00:00"
1000292,"KMB",,"252X","252X","252X",1,"T",1,7.2000000000000000e+01,"藍田站","蓝田站","LAM TIN STATION","屯門(置樂花園)","屯门(置乐花园)","TUEN MUN (CHI LOK FA YUEN)","https://search.kmb.hk/KMBWebSite/?action=routesearch&route=252X&lang=zh-hk","https://search.kmb.hk/KMBWebSite/?action=routesearch&route=252X&lang=zh-cn","https://search.kmb.hk/KMBWebSite/?action=routesearch&route=252X&lang=en",18.8000,"06/18/23 00:00:00"
1000293,"CTB",,"967","967","967",1,"T",1,6.1000000000000000e+01,"天水圍(天恩邨)","天水围(天恩邨)","Tin Shui Wai North (Tin Yan Estate)","金鐘站(西)(不停美湖居)","金钟站(西)(不停美湖居)","Admiralty Station (West) (omit Maywood Court)","https://mobile.bravobus.com.hk/nwp3/?f=1&ds=967&dsmode=1&l=0","https://mobile.bravobus.com.hk/nwp3/?f=1&ds=967&dsmode=1&l=2","https://mobile.bravobus.com.hk/nwp3/?f=1&ds=967&dsmode=1&l=1",27.3000,"06/18/23 00:00:00"
1000306,"KMB",,"78A","78A","78A",1,"T",1,1.6000000000000000e+01,"粉嶺中心","粉岭中心","FANLING CTR","皇后山","皇后山","QUEEN'S HILL","https://search.kmb.hk/KMBWebSite/?action=routesearch&route=78A&lang=zh-hk","https://search.kmb.hk/KMBWebSite/?action=routesearch&route=78A&lang=zh-cn","https://search.kmb.hk/KMBWebSite/?action=routesearch&route=78A&lang=en",6.0000,"01/24/25 00:00:00"
1000307,"CTB",,"42","42","42",1,"T",1,3.2000000000000000e+01,"華富(南)","华富(南)","Wah Fu (South)","北角碼頭(經黃竹坑道天橋)","北角码头(经黄竹坑道天桥)","North Point Ferry (via Wong Chuk Hang Road flyover)","https://mobile.bravobus.com.hk/nwp3/?f=1&ds=42&dsmode=1&l=0","https://mobile.bravobus.com.hk/nwp3/?f=1&ds=42&dsmode=1&l=2","https://mobile.bravobus.com.hk/nwp3/?f=1&ds=42&dsmode=1&l=1",9.4000,"08/25/23 00:00:00"
1000308,"CTB",,"22X","22X","22X",1,"R",0,8.0000000000000000e+00,"維港1號","维港1号","One Victoria","啟德站 (循環線)","启德站 (循环线)","Kai Tak Station (Circular)","https://mobile.bravobus.com.hk/nwp3/?f=1&ds=22X&dsmode=1&l=0","https://mobile.bravobus.com.hk/nwp3/?f=1&ds=22X&dsmode=1&l=2","https://mobile.bravobus.com.hk/nwp3/?f=1&ds=22X&dsmode=1&l=1",7.3000,"06/10/23 00:00:00"
1000309,"LWB",,"R33","R33","R33",1,"T",1,4.2000000000000000e+01,"屯門站","屯门站","TUEN MUN STATION","迪士尼樂園","迪士尼乐园","DISNEYLAND","https://search.kmb.hk/KMBWebSite/?action=routesearch&route=R33&lang=zh-hk","https://search.kmb.hk/KMBWebSite/?action=routesearch&route=R33&lang=zh-cn","https://search.kmb.hk/KMBWebSite/?action=routesearch&route=R33&lang=en",21.1000,"01/16/25 00:00:00"
1000310,"LWB",,"R33","R33","R33",1,"T",1,4.4000000000000000e+01,"屯門站","屯门站","TUEN MUN STATION","迪士尼樂園(經迪欣湖)","迪士尼乐园(经迪欣湖)","DISNEYLAND (via Inspiration Lake)","https://search.kmb.hk/KMBWebSite/?action=routesearch&route=R33&lang=zh-hk","https://search.kmb.hk/KMBWebSite/?action=routesearch&route=R33&lang=zh-cn","https://search.kmb.hk/KMBWebSite/?action=routesearch&route=R33&lang=en",21.1000,"09/25/23 00:00:00"
1000311,"LWB",,"R42","R42","R42",1,"T",1,4.7000000000000000e+01,"大圍站","大围站","TAI WAI STATION","迪士尼樂園","迪士尼乐园","DISNEYLAND","https://search.kmb.hk/KMBWebSite/?action=routesearch&route=R42&lang=zh-hk","https://search.kmb.hk/KMBWebSite/?action=routesearch&route=R42&lang=zh-cn","https://search.kmb.hk/KMBWebSite/?action=routesearch&route=R42&lang=en",23.5000,"01/16/25 00:00:00"
1000323,"KMB",,"33R","33R","33R",1,"T",1,6.8000000000000000e+01,"荃灣(愉景新城)","荃湾(愉景新城)","TSUEN WAN (DISCOVERY PARK)","北潭涌","北潭涌","PAK TAM CHUNG","https://search.kmb.hk/KMBWebSite/?action=routesearch&route=33R&lang=zh-hk","https://search.kmb.hk/KMBWebSite/?action=routesearch&route=33R&lang=zh-cn","https://search.kmb.hk/KMBWebSite/?action=routesearch&route=33R&lang=en",25.6000,"06/18/23 00:00:00"
1000324,"KMB",,"69","69","69",1,"R",0,3.0000000000000000e+01,"天水圍市中心","天水围市中心","TIN SHUI WAI TOWN CENTRE","元朗(德業街)","元朗(德业街)","YUEN LONG (TAK YIP STREET)","https://search.kmb.hk/KMBWebSite/?action=routesearch&route=69&lang=zh-hk","https://search.kmb.hk/KMBWebSite/?action=routesearch&route=69&lang=zh-cn","https://search.kmb.hk/KMBWebSite/?action=routesearch&route=69&lang=en",5.2000,"11/22/24 00:00:00"
1000325,"CTB",,"NA10","NA10","NA10",1,"NT",1,1.1700000000000000e+02,"鴨脷洲 (利樂街)","鸭脷洲 (利乐街)","Ap Lei Chau (Lee Lok Street)","機場 / 港珠澳大橋香港口岸","机场 / 港珠澳大桥香港口岸","Airport / HZMB Hong Kong Port","https://mobile.bravobus.com.hk/nwp3/?f=1&ds=NA10&dsmode=1&l=0","https://mobile.bravobus.com.hk/nwp3/?f=1&ds=NA10&dsmode=1&l=2","https://mobile.bravobus.com.hk/nwp3/?f=1&ds=NA10&dsmode=1&l=1",58.0000,"12/22/23 00:00:00"
1000327,"KMB",,"288B","288B","288B",1,"T",1,2.2000000000000000e+01,"火炭駿洋邨","火炭骏洋邨","FO TAN CHUN YEUNG ESTATE","水泉澳","水泉澳","SHUI CHUEN O","https://search.kmb.hk/KMBWebSite/?action=routesearch&route=288B&lang=zh-hk","https://search.kmb.hk/KMBWebSite/?action=routesearch&route=288B&lang=zh-cn","https://search.kmb.hk/KMBWebSite/?action=routesearch&route=288B&lang=en",5.1000,"08/30/24 00:00:00"
1000329,"KMB",,"W2","W2","W2",1,"R",0,3.3000000000000000e+01,"佐敦(西九龍站)","佐敦(西九龙站)","JORDAN (WEST KOWLOON STATION)","觀塘(循環線)","观塘(循环线)","KWUN TONG (CIRCULAR)","https://search.kmb.hk/KMBWebSite/?action=routesearch&route=W2&lang=zh-hk","https://search.kmb.hk/KMBWebSite/?action=routesearch&route=W2&lang=zh-cn","https://search.kmb.hk/KMBWebSite/?action=routesearch&route=W2&lang=en",6.4000,"06/18/23 00:00:00"
1000337,"KMB",,"17","17","17",1,"T",1,2.5000000000000000e+01,"麗晶花園","丽晶花园","RICHLAND GARDENS","何文田(愛民邨)","何文田(爱民邨)","HO MAN TIN (OI MAN ESTATE)","https://search.kmb.hk/KMBWebSite/?action=routesearch&route=17&lang=zh-hk","https://search.kmb.hk/KMBWebSite/?action=routesearch&route=17&lang=zh-cn","https://search.kmb.hk/KMBWebSite/?action=routesearch&route=17&lang=en",6.7000,"06/18/23 00:00:00"
1000338,"KMB+CTB",,"N307","N307","N307",1,"NT",1,7.4000000000000000e+01,"中環(港澳碼頭)","中环(港澳码头)","CENTRAL (MACAU FERRY)","太和","太和","TAI WO","https://search.kmb.hk/KMBWebSite/?action=routesearch&route=N307&lang=zh-hk","https://search.kmb.hk/KMBWebSite/?action=routesearch&route=N307&lang=zh-cn","https://search.kmb.hk/KMBWebSite/?action=routesearch&route=N307&lang=en",42.9000,"10/28/24 00:00:00"
1000339,"CTB",,"B7","B7","B7",1,"R",0,3.1000000000000000e+01,"上水(寶運路)","上水(宝运路)","Sheung Shui (Po Wan Road)","香園圍口岸","香园围口岸","Heung Yuen Wai Port","https://mobile.bravobus.com.hk/nwp3/?f=1&ds=B7&dsmode=1&l=0","https://mobile.bravobus.com.hk/nwp3/?f=1&ds=B7&dsmode=1&l=2","https://mobile.bravobus.com.hk/nwp3/?f=1&ds=B7&dsmode=1&l=1",11.3000,"07/04/24 00:00:00"
1000340,"CTB",,"B8","B8","B8",1,"R",0,5.3000000000000000e+01,"大圍站","大围站","Tai Wai Station","香園圍口岸","香园围口岸","Heung Yuen Wai Boundary Control Point","https://mobile.bravobus.com.hk/nwp3/?f=1&ds=B8&dsmode=1&l=0","https://mobile.bravobus.com.hk/nwp3/?f=1&ds=B8&dsmode=1&l=2","https://mobile.bravobus.com.hk/nwp3/?f=1&ds=B8&dsmode=1&l=1",18.1000,"01/02/25 00:00:00"
1000341,"KMB",,"B9","B9","B9",1,"T",1,4.9000000000000000e+01,"屯門站","屯门站","TUEN MUN STATION","香園圍口岸(蓮塘)","香园围口岸(莲塘)","HUENG YUEN WAI CONTROL POINT (LIANTANG)","https://search.kmb.hk/KMBWebSite/?action=routesearch&route=B9&lang=zh-hk","https://search.kmb.hk/KMBWebSite/?action=routesearch&route=B9&lang=zh-cn","https://search.kmb.hk/KMBWebSite/?action=routesearch&route=B9&lang=en",21.3000,"01/02/25 00:00:00"
1000350,"CTB",,"8P","8P","8P",1,"T",1,3.1000000000000000e+01,"小西灣(藍灣半島)","小西湾(蓝湾半岛)","Siu Sai Wan (Island Resort)","銅鑼灣 (希慎廣場)","铜锣湾 (希慎广场)","Causeway Bay (Hysan Place)","https://mobile.bravobus.com.hk/nwp3/?f=1&ds=8P&dsmode=1&l=0","https://mobile.bravobus.com.hk/nwp3/?f=1&ds=8P&dsmode=1&l=2","https://mobile.bravobus.com.hk/nwp3/?f=1&ds=8P&dsmode=1&l=1",8.1000,"12/11/23 00:00:00"
1000351,"KMB",,"273S","273S","273S",1,"T",1,7.0000000000000000e+00,"粉嶺站","粉岭站","FANLING STATION","粉嶺(華明)","粉岭(华明)","FANLING (WAH MING)","https://search.kmb.hk/KMBWebSite/?action=routesearch&route=273S&lang=zh-hk","https://search.kmb.hk/KMBWebSite/?action=routesearch&route=273S&lang=zh-cn","https://search.kmb.hk/KMBWebSite/?action=routesearch&route=273S&lang=en",4.3000,"06/18/23 00:00:00"
1000352,"KMB",,"2P","2P","2P",1,"T",1,3.6000000000000000e+01,"長沙灣","长沙湾","CHEUNG SHA WAN","慈雲山(北)","慈云山(北)","TSZ WAN SHAN (NORTH)","https://search.kmb.hk/KMBWebSite/?action=routesearch&route=2P&lang=zh-hk","https://search.kmb.hk/KMBWebSite/?action=routesearch&route=2P&lang=zh-cn","https://search.kmb.hk/KMBWebSite/?action=routesearch&route=2P&lang=en",7.8000,"06/18/23 00:00:00"
1000353,"KMB",,"68X","68X","68X",1,"T",1,5.9000000000000000e+01,"元朗(西)","元朗(西)","YUEN LONG (WEST)","旺角(柏景灣)","旺角(柏景湾)","MONG KOK (PARK AVENUE)","https://search.kmb.hk/KMBWebSite/?action=routesearch&route=68X&lang=zh-hk","https://search.kmb.hk/KMBWebSite/?action=routesearch&route=68X&lang=zh-cn","https://search.kmb.hk/KMBWebSite/?action=routesearch&route=68X&lang=en",16.2000,"01/02/25 00:00:00"
1000354,"CTB",,"694S","694S","694S",1,"T",1,6.2000000000000000e+01,"調景嶺站","调景岭站","Tiu Keng Leng Station","小西灣邨(經日出康城)","小西湾邨(经日出康城)","Siu Sai Wan Estate (via LOHAS Park)","https://mobile.bravobus.com.hk/nwp3/?f=1&ds=694S&dsmode=1&l=0","https://mobile.bravobus.com.hk/nwp3/?f=1&ds=694S&dsmode=1&l=2","https://mobile.bravobus.com.hk/nwp3/?f=1&ds=694S&dsmode=1&l=1",17.8000,"06/18/23 00:00:00"
1000365,"KMB",,"960C","960C","960C",1,"T",1,7.4000000000000000e+01,"銅鑼灣","铜锣湾","CAUSEWAY BAY","富泰邨","富泰邨","FU TAI ESTATE","https://search.kmb.hk/KMBWebSite/?action=routesearch&route=960C&lang=zh-hk","https://search.kmb.hk/KMBWebSite/?action=routesearch&route=960C&lang=zh-cn","https://search.kmb.hk/KMBWebSite/?action=routesearch&route=960C&lang=en",24.0000,"06/18/23 00:00:00"
1000366,"KMB",,"960P","960P","960P",1,"T",1,6.7000000000000000e+01,"銅鑼灣","铜锣湾","CAUSEWAY BAY","洪水橋","洪水桥","HUNG SHUI KIU","https://search.kmb.hk/KMBWebSite/?action=routesearch&route=960P&lang=zh-hk","https://search.kmb.hk/KMBWebSite/?action=routesearch&route=960P&lang=zh-cn","https://search.kmb.hk/KMBWebSite/?action=routesearch&route=960P&lang=en",24.0000,"12/13/24 00:00:00"
1000367,"KMB",,"960S","960S","960S",1,"T",1,7.1000000000000000e+01,"銅鑼灣","铜锣湾","CAUSEWAY BAY","屯門(富泰邨)","屯门(富泰邨)","TUEN MUN (FU TAI ESTATE)","https://search.kmb.hk/KMBWebSite/?action=routesearch&route=960S&lang=zh-hk","https://search.kmb.hk/KMBWebSite/?action=routesearch&route=960S&lang=zh-cn","https://search.kmb.hk/KMBWebSite/?action=routesearch&route=960S&lang=en",24.0000,"12/08/23 00:00:00"
1000368,"KMB",,"241X","241X","241X",1,"R",0,6.6000000000000000e+01,"青衣(長青邨)","青衣(长青邨)","TSING YI (CHEUNG CHING ESTATE)","九龍城碼頭","九龙城码头","KOWLOON CITY FERRY","https://search.kmb.hk/KMBWebSite/?action=routesearch&route=241X&lang=zh-hk","https://search.kmb.hk/KMBWebSite/?action=routesearch&route=241X&lang=zh-cn","https://search.kmb.hk/KMBWebSite/?action=routesearch&route=241X&lang=en",10.2000,"06/18/23 00:00:00"
1000369,"KMB",,"673A","673A","673A",1,"T",1,9.7000000000000000e+01,"上水","上水","SHEUNG SHUI","中環(林士街)","中环(林士街)","CENTRAL (RUMSEY STREET)","https://search.kmb.hk/KMBWebSite/?action=routesearch&route=673A&lang=zh-hk","https://search.kmb.hk/KMBWebSite/?action=routesearch&route=673A&lang=zh-cn","https://search.kmb.hk/KMBWebSite/?action=routesearch&route=673A&lang=en",27.9000,"06/10/23 00:00:00"
1000370,"KMB",,"673A","673A","673A",1,"T",1,9.0000000000000000e+01,"中環(香港站)","中环(香港站)","CENTRAL (HONG KONG STATION)","上水","上水","SHEUNG SHUI","https://search.kmb.hk/KMBWebSite/?action=routesearch&route=673A&lang=zh-hk","https://search.kmb.hk/KMBWebSite/?action=routesearch&route=673A&lang=zh-cn","https://search.kmb.hk/KMBWebSite/?action=routesearch&route=673A&lang=en",27.9000,"01/02/25 00:00:00"
1000378,"CTB",,"25","25","25",1,"T",1,4.1000000000000000e+01,"中環 (3 號碼頭)","中环 (3 号码头)","Central (Piers 3)","寶馬山(循環線)(經中環天星碼頭)","宝马山(循环线)(经中环天星码头)","Braemar Hill (Circular) (via Central Star Ferry)","https://mobile.bravobus.com.hk/nwp3/?f=1&ds=25&dsmode=1&l=0","https://mobile.bravobus.com.hk/nwp3/?f=1&ds=25&dsmode=1&l=2","https://mobile.bravobus.com.hk/nwp3/?f=1&ds=25&dsmode=1&l=1",9.4000,"01/02/25 00:00:00"
1000381,"CTB",,"73","73","73",1,"T",1,3.0000000000000000e+01,"赤柱市場","赤柱市场","Stanley Market","黃竹坑體育館(短途班次)","黄竹坑体育馆(短途班次)","Wong Chuk Hang Sports Centre (Short Working Service)","https://mobile.bravobus.com.hk/nwp3/?f=1&ds=73&dsmode=1&l=0","https://mobile.bravobus.com.hk/nwp3/?f=1&ds=73&dsmode=1&l=2","https://mobile.bravobus.com.hk/nwp3/?f=1&ds=73&dsmode=1&l=1",8.0000,"06/23/23 00:00:00"
1000382,"KMB",,"98","98","98",1,"T",1,2.3000000000000000e+01,"將軍澳工業邨","将军澳工业邨","TSEUNG KWAN O INDUSTRIAL ESTATE","牛頭角站(短程班次)","牛头角站(短程班次)","NGAU TAU KOK STATION (Short Working Trips)","https://search.kmb.hk/KMBWebSite/?action=routesearch&route=98&lang=zh-hk","https://search.kmb.hk/KMBWebSite/?action=routesearch&route=98&lang=zh-cn","https://search.kmb.hk/KMBWebSite/?action=routesearch&route=98&lang=en",8.2000,"06/23/23 00:00:00"
1000383,"LWB",,"A30","A30","A30",1,"R",0,6.7000000000000000e+01,"梨木樹","梨木树","LEI MUK SHUE","機場(地面運輸中心)","机场(地面运输中心)","AIRPORT (GROUND TRANSPORTATION CENTRE)","https://search.kmb.hk/KMBWebSite/?action=routesearch&route=A30&lang=zh-hk","https://search.kmb.hk/KMBWebSite/?action=routesearch&route=A30&lang=zh-cn","https://search.kmb.hk/KMBWebSite/?action=routesearch&route=A30&lang=en",19.8000,"12/13/24 00:00:00"
1000384,"LWB",,"A30","A30","A30",1,"T",1,7.2000000000000000e+01,"梨木樹","梨木树","LEI MUK SHUE","機場(地面運輸中心)(經亞洲國際博覽館)","机场(地面运输中心)(经亚洲国际博览馆)","AIRPORT (GROUND TRANSPORTATION CENTRE) (via Asia-World Expo)","https://search.kmb.hk/KMBWebSite/?action=routesearch&route=A30&lang=zh-hk","https://search.kmb.hk/KMBWebSite/?action=routesearch&route=A30&lang=zh-cn","https://search.kmb.hk/KMBWebSite/?action=routesearch&route=A30&lang=en",18.9000,"01/31/24 00:00:00"
1000393,"CTB",,"15","15","15",1,"T",1,4.8000000000000000e+01,"中環(中環渡輪碼頭)","中环(中环渡轮码头)","Central (Central Ferry Piers)","山頂(經中環天星碼頭，不經文輝道)","山顶(经中环天星码头，不经文辉道)","The Peak (via Central Star Ferry, omit Mansfield Road)","https://mobile.bravobus.com.hk/nwp3/?f=1&ds=15&dsmode=1&l=0","https://mobile.bravobus.com.hk/nwp3/?f=1&ds=15&dsmode=1&l=2","https://mobile.bravobus.com.hk/nwp3/?f=1&ds=15&dsmode=1&l=1",13.0000,"01/02/25 00:00:00"
1000394,"CTB",,"15","15","15",1,"T",1,4.9000000000000000e+01,"中環(中環渡輪碼頭)","中环(中环渡轮码头)","Central (Central Ferry Piers)","山頂(經中環天星碼頭)","山顶(经中环天星码头)","The Peak (via Central Star Ferry)","https://mobile.bravobus.com.hk/nwp3/?f=1&ds=15&dsmode=1&l=0","https://mobile.bravobus.com.hk/nwp3/?f=1&ds=15&dsmode=1&l=2","https://mobile.bravobus.com.hk/nwp3/?f=1&ds=15&dsmode=1&l=1",13.0000,"08/14/23 00:00:00"
1000395,"CTB",,"789","789","789",1,"T",1,2.8000000000000000e+01,"小西灣(藍灣半島)","小西湾(蓝湾半岛)","Siu Sai Wan (Island Resort)","金鐘(樂禮街)(不停富景花園及曉翠街)","金钟(乐礼街)(不停富景花园及晓翠街)","Admiralty (Rodney Street) (omit Fullview Garden and Hiu Tsui Street)","https://mobile.bravobus.com.hk/nwp3/?f=1&ds=789&dsmode=1&l=0","https://mobile.bravobus.com.hk/nwp3/?f=1&ds=789&dsmode=1&l=2","https://mobile.bravobus.com.hk/nwp3/?f=1&ds=789&dsmode=1&l=1",8.7000,"08/14/23 00:00:00"
1000397,"CTB",,"788","788","788",1,"NT",1,3.8000000000000000e+01,"小西灣(藍灣半島)","小西湾(蓝湾半岛)","Siu Sai Wan (Island Resort)","中環(港澳碼頭)(不停富景花園，經金鐘)","中环(港澳码头)(不停富景花园，经金钟)","Central (Macau Ferry) (omit Fullview Garden, via Admiralty)","https://mobile.bravobus.com.hk/nwp3/?f=1&ds=788&dsmode=1&l=0","https://mobile.bravobus.com.hk/nwp3/?f=1&ds=788&dsmode=1&l=2","https://mobile.bravobus.com.hk/nwp3/?f=1&ds=788&dsmode=1&l=1",8.7000,"01/02/25 00:00:00"
1000398,"CTB",,"788","788","788",1,"T",1,3.4000000000000000e+01,"小西灣(藍灣半島)","小西湾(蓝湾半岛)","Siu Sai Wan (Island Resort)","中環(港澳碼頭)(不停富景花園，曉翠街及舊灣仔警署)","中环(港澳码头)(不停富景花园，晓翠街及旧湾仔警署)","Central (Macau Ferry) (omit Fullview Garden, Hiu Tsui Street and Old Wan Chai Police Station)","https://mobile.bravobus.com.hk/nwp3/?f=1&ds=788&dsmode=1&l=0","https://mobile.bravobus.com.hk/nwp3/?f=1&ds=788&dsmode=1&l=2","https://mobile.bravobus.com.hk/nwp3/?f=1&ds=788&dsmode=1&l=1",8.7000,"01/02/25 00:00:00"
1000399,"CTB",,"788","788","788",1,"T",1,3.5000000000000000e+01,"小西灣(藍灣半島)","小西湾(蓝湾半岛)","Siu Sai Wan (Island Resort)","中環(港澳碼頭)(不停曉翠街及舊灣仔警署)","中环(港澳码头)(不停晓翠街及旧湾仔警署)","Central (Macau Ferry) (omit Hiu Tsui Street and Old Wan Chai Police Station)","https://mobile.bravobus.com.hk/nwp3/?f=1&ds=788&dsmode=1&l=0","https://mobile.bravobus.com.hk/nwp3/?f=1&ds=788&dsmode=1&l=2","https://mobile.bravobus.com.hk/nwp3/?f=1&ds=788&dsmode=1&l=1",8.7000,"01/02/25 00:00:00"
1000402,"CTB",,"78C","78C","78C",1,"T",1,7.1000000000000000e+01,"粉嶺皇后山","粉岭皇后山","Queen's Hill Fanling","啟德","启德","Kai Tak","https://mobile.bravobus.com.hk/nwp3/?f=1&ds=78C&dsmode=1&l=0","https://mobile.bravobus.com.hk/nwp3/?f=1&ds=78C&dsmode=1&l=2","https://mobile.bravobus.com.hk/nwp3/?f=1&ds=78C&dsmode=1&l=1",19.6000,"01/24/25 00:00:00"
1000403,"CTB",,"79P","79P","79P",1,"T",1,8.2000000000000000e+01,"粉嶺皇后山","粉岭皇后山","Queen's Hill Fanling","高鐵西九龍站","高铁西九龙站","HSR West Kowloon Station","https://mobile.bravobus.com.hk/nwp3/?f=1&ds=79P&dsmode=1&l=0","https://mobile.bravobus.com.hk/nwp3/?f=1&ds=79P&dsmode=1&l=2","https://mobile.bravobus.com.hk/nwp3/?f=1&ds=79P&dsmode=1&l=1",17.2000,"01/02/25 00:00:00"
1000405,"CTB",,"20A","20A","20A",1,"R",0,6.2000000000000000e+01,"高鐵西九龍站","高铁西九龙站","High Speed Rail West Kowloon Station","啟德郵輪碼頭","启德邮轮码头","Kai Tak Cruise Terminal","https://mobile.bravobus.com.hk/nwp3/?f=1&ds=20A&dsmode=1&l=0","https://mobile.bravobus.com.hk/nwp3/?f=1&ds=20A&dsmode=1&l=2","https://mobile.bravobus.com.hk/nwp3/?f=1&ds=20A&dsmode=1&l=1",7.5000,"01/10/25 00:00:00"
1000418,"KMB",,"251C","251C","251C",1,"R",0,2.2000000000000000e+01,"江夏圍","江夏围","KONG HA WAI","元朗","元朗","TUEN LONG","https://search.kmb.hk/KMBWebSite/?action=routesearch&route=251C&lang=zh-hk","https://search.kmb.hk/KMBWebSite/?action=routesearch&route=251C&lang=zh-cn","https://search.kmb.hk/KMBWebSite/?action=routesearch&route=251C&lang=en",6.7000,"10/03/23 00:00:00"
1000419,"CTB",,"B3","B3","B3",1,"NT",1,4.6000000000000000e+01,"深圳灣口岸","深圳湾口岸","Shenzhen Bay Port","屯門碼頭(停紅橋)","屯门码头(停红桥)","Tuen Mun Ferry Pier (approach Hung Kiu)","https://mobile.bravobus.com.hk/nwp3/?f=1&ds=B3&dsmode=1&l=0","https://mobile.bravobus.com.hk/nwp3/?f=1&ds=B3&dsmode=1&l=2","https://mobile.bravobus.com.hk/nwp3/?f=1&ds=B3&dsmode=1&l=1",16.5000,"05/10/24 00:00:00"
1000420,"KMB",,"285A","285A","285A",1,"T",1,5.0000000000000000e+00,"火炭站","火炭站","FO TAN STATION","火炭駿洋邨(循環線)(下午班次)","火炭骏洋邨(循环线)(下午班次)","FO TAN CHUN YEUNG ESTATE (CIRCULAR) (Evening departure)","https://search.kmb.hk/KMBWebSite/?action=routesearch&route=285A&lang=zh-hk","https://search.kmb.hk/KMBWebSite/?action=routesearch&route=285A&lang=zh-cn","https://search.kmb.hk/KMBWebSite/?action=routesearch&route=285A&lang=en",4.9000,"10/06/23 00:00:00"
1000421,"KMB",,"285A","285A","285A",1,"T",1,5.0000000000000000e+00,"火炭站","火炭站","FO TAN STATION","火炭駿洋邨(以駿洋邨為終點)","火炭骏洋邨(以骏洋邨为终点)","FO TAN CHUN YEUNG ESTATE (Terminate at CHUN YEUNG ESTATE)","https://search.kmb.hk/KMBWebSite/?action=routesearch&route=285A&lang=zh-hk","https://search.kmb.hk/KMBWebSite/?action=routesearch&route=285A&lang=zh-cn","https://search.kmb.hk/KMBWebSite/?action=routesearch&route=285A&lang=en",4.9000,"10/06/23 00:00:00"
1000425,"CTB",,"82S","82S","82S",1,"T",1,3.2000000000000000e+01,"小西灣(藍灣半島)","小西湾(蓝湾半岛)","Siu Sai Wan (Island Resort)","耀東 (惠亨街)","耀东 (惠亨街)","Yiu Tung (Wai Hang Street)","https://mobile.bravobus.com.hk/nwp3/?f=1&ds=82S&dsmode=1&l=0","https://mobile.bravobus.com.hk/nwp3/?f=1&ds=82S&dsmode=1&l=2","https://mobile.bravobus.com.hk/nwp3/?f=1&ds=82S&dsmode=1&l=1",5.5000,"03/25/24 00:00:00"
1000443,"KMB",,"79K","79K","79K",1,"T",1,2.4000000000000000e+01,"粉嶺站","粉岭站","FANLING STATION","打鼓嶺(松園下)","打鼓岭(松园下)","TA KWU LING(TSUNG YUEN HA)","https://search.kmb.hk/KMBWebSite/?action=routesearch&route=79K&lang=zh-hk","https://search.kmb.hk/KMBWebSite/?action=routesearch&route=79K&lang=zh-cn","https://search.kmb.hk/KMBWebSite/?action=routesearch&route=79K&lang=en",6.9000,"08/13/24 00:00:00"
1000444,"LWB",,"A41","A41","A41",1,"R",0,8.7000000000000000e+01,"碩門邨","硕门邨","SHEK MUN ESTATE","機場(地面運輸中心)","机场(地面运输中心)","AIRPORT (GROUND TRANSPORTATION CENTRE)","https://search.kmb.hk/KMBWebSite/?action=routesearch&route=A41&lang=zh-hk","https://search.kmb.hk/KMBWebSite/?action=routesearch&route=A41&lang=zh-cn","https://search.kmb.hk/KMBWebSite/?action=routesearch&route=A41&lang=en",23.4000,"12/03/24 00:00:00"
1000445,"LWB",,"A41","A41","A41",1,"T",1,9.4000000000000000e+01,"碩門邨","硕门邨","SHEK MUN ESTATE","機場(地面運輸中心)(經國泰城及民航處)","机场(地面运输中心)(经国泰城及民航处)","AIRPORT (GROUND TRANSPORTATION CENTRE) (via Cathay Pacific City and Civil Aviation Department)","https://search.kmb.hk/KMBWebSite/?action=routesearch&route=A41&lang=zh-hk","https://search.kmb.hk/KMBWebSite/?action=routesearch&route=A41&lang=zh-cn","https://search.kmb.hk/KMBWebSite/?action=routesearch&route=A41&lang=en",23.4000,"12/03/24 00:00:00"
1000446,"LWB",,"A41","A41","A41",1,"T",1,7.8000000000000000e+01,"機場(地面運輸中心)","机场(地面运输中心)","AIRPORT (GROUND TRANSPORTATION CENTRE)","碩門邨(經民航處)","硕门邨(经民航处)","SHEK MUN ESTATE (via Civil Aviation Department)","https://search.kmb.hk/KMBWebSite/?action=routesearch&route=A41&lang=zh-hk","https://search.kmb.hk/KMBWebSite/?action=routesearch&route=A41&lang=zh-cn","https://search.kmb.hk/KMBWebSite/?action=routesearch&route=A41&lang=en",23.4000,"12/03/24 00:00:00"
1000447,"LWB",,"A42","A42","A42",1,"R",0,8.9000000000000000e+01,"黃泥頭","黄泥头","WONG NAI TAU","機場(地面運輸中心)","机场(地面运输中心)","AIRPORT (GROUND TRANSPORTATION CENTRE)","https://search.kmb.hk/KMBWebSite/?action=routesearch&route=A42&lang=zh-hk","https://search.kmb.hk/KMBWebSite/?action=routesearch&route=A42&lang=zh-cn","https://search.kmb.hk/KMBWebSite/?action=routesearch&route=A42&lang=en",23.4000,"01/12/24 00:00:00"
1000454,"CTB",,"N50","N50","N50",1,"NT",1,7.5000000000000000e+01,"屯門 (菁田及和田)","屯门 (菁田及和田)","Tuen Mun (Ching Tin and Wo Tin)","尖沙咀 (九龍站)","尖沙咀 (九龙站)","Tsim Sha Tsui (Kowloon Station)","https://mobile.bravobus.com.hk/nwp3/?f=1&ds=N50&dsmode=1&l=0","https://mobile.bravobus.com.hk/nwp3/?f=1&ds=N50&dsmode=1&l=2","https://mobile.bravobus.com.hk/nwp3/?f=1&ds=N50&dsmode=1&l=1",32.4000,"01/02/25 00:00:00"
1000455,"CTB",,"A28","A28","A28",1,"R",0,1.1400000000000000e+02,"日出康城","日出康城","LOHAS Park","機場","机场","Airport","https://mobile.bravobus.com.hk/nwp3/?f=1&ds=A28&dsmode=1&l=0","https://mobile.bravobus.com.hk/nwp3/?f=1&ds=A28&dsmode=1&l=2","https://mobile.bravobus.com.hk/nwp3/?f=1&ds=A28&dsmode=1&l=1",44.0000,"06/19/24 00:00:00"
1000456,"CTB",,"A28","A28","A28",1,"NT",1,1.1500000000000000e+02,"日出康城","日出康城","LOHAS Park","機場(經國泰城)","机场(经国泰城)","Airport (via Cathay City)","https://mobile.bravobus.com.hk/nwp3/?f=1&ds=A28&dsmode=1&l=0","https://mobile.bravobus.com.hk/nwp3/?f=1&ds=A28&dsmode=1&l=2","https://mobile.bravobus.com.hk/nwp3/?f=1&ds=A28&dsmode=1&l=1",44.0000,"12/14/23 00:00:00"
1000457,"CTB",,"A28","A28","A28",1,"T",1,1.3100000000000000e+02,"日出康城","日出康城","LOHAS Park","機場(經國泰城及航天城東路)","机场(经国泰城及航天城东路)","Airport (via Cathay City & Sky City Road East)","https://mobile.bravobus.com.hk/nwp3/?f=1&ds=A28&dsmode=1&l=0","https://mobile.bravobus.com.hk/nwp3/?f=1&ds=A28&dsmode=1&l=2","https://mobile.bravobus.com.hk/nwp3/?f=1&ds=A28&dsmode=1&l=1",44.0000,"12/14/23 00:00:00"
1000458,"CTB",,"A28","A28","A28",1,"T",1,1.1400000000000000e+02,"機場","机场","Airport","日出康城(經航天城東路)","日出康城(经航天城东路)","LOHAS Park (via Sky City Road East)","https://mobile.bravobus.com.hk/nwp3/?f=1&ds=A28&dsmode=1&l=0","https://mobile.bravobus.com.hk/nwp3/?f=1&ds=A28&dsmode=1&l=2","https://mobile.bravobus.com.hk/nwp3/?f=1&ds=A28&dsmode=1&l=1",44.0000,"12/14/23 00:00:00"
1000459,"CTB",,"A26","A26","A26",1,"R",0,1.0500000000000000e+02,"油塘","油塘","Yau Tong","機場","机场","Airport","https://mobile.bravobus.com.hk/nwp3/?f=1&ds=A26&dsmode=1&l=0","https://mobile.bravobus.com.hk/nwp3/?f=1&ds=A26&dsmode=1&l=2","https://mobile.bravobus.com.hk/nwp3/?f=1&ds=A26&dsmode=1&l=1",44.0000,"06/19/24 00:00:00"
1000469,"KMB",,"91B","91B","91B",1,"T",1,1.0000000000000000e+01,"坑口站","坑口站","HANG HAU STATION","香港科技大學","香港科技大学","HKUST","https://search.kmb.hk/KMBWebSite/?action=routesearch&route=91B&lang=zh-hk","https://search.kmb.hk/KMBWebSite/?action=routesearch&route=91B&lang=zh-cn","https://search.kmb.hk/KMBWebSite/?action=routesearch&route=91B&lang=en",5.8000,"09/16/24 00:00:00"
1000471,"LRTFeeder",,"K52P","K52P","K52P",1,"T",1,4.2000000000000000e+01,"龍鼓灘","龙鼓滩","Lung Kwu Tan","屯門站","屯门站","Tuen Mun Station","https://www.mtr.com.hk/ch/customer/services/bus_finder_search_box.html","https://www.mtr.com.hk/ch/customer/services/bus_finder_search_box.html","https://www.mtr.com.hk/en/customer/services/bus_finder_search_box.html",5.1000,"06/24/24 00:00:00"
1000472,"LRTFeeder",,"K52","K52","K52",1,"R",0,4.8000000000000000e+01,"悅湖山莊","悦湖山庄","Yuet Wu Villa","龍鼓灘","龙鼓滩","Lung Kwu Tan","https://www.mtr.com.hk/ch/customer/services/bus_finder_search_box.html","https://www.mtr.com.hk/ch/customer/services/bus_finder_search_box.html","https://www.mtr.com.hk/en/customer/services/bus_finder_search_box.html",5.1000,"06/24/24 00:00:00"
1000473,"KMB",,"230R","230R","230R",1,"R",0,3.2000000000000000e+01,"九龍站","九龙站","KOWLOON STATION","馬灣(珀欣路)","马湾(珀欣路)","MA WAN (PAK YAN ROAD)","https://search.kmb.hk/KMBWebSite/?action=routesearch&route=230R&lang=zh-hk","https://search.kmb.hk/KMBWebSite/?action=routesearch&route=230R&lang=zh-cn","https://search.kmb.hk/KMBWebSite/?action=routesearch&route=230R&lang=en",15.5000,"12/23/24 00:00:00"
1000484,"DB",,"DB02RP","DB02RP","DB02RP",1,"T",1,4.0000000000000000e+01,"愉景灣","愉景湾","Discovery Bay","機場(循環線)","机场(循环线)","Airport (Circular)","https://www.td.gov.hk/filemanager/tc/content_4796/SofS - RS DB02R - Website - 20240804 TC.pdf","https://www.td.gov.hk/filemanager/sc/content_4796/SofS - RS DB02R - Website - 20240804 TC.pdf","https://www.td.gov.hk/filemanager/en/content_4796/SofS - RS DB02R - Website - 20240804 EN.pdf",52.7000,"10/16/24 00:00:00"
1000485,"CTB",,"78P","78P","78P",1,"T",1,5.4000000000000000e+01,"粉嶺皇后山","粉岭皇后山","Queen's Hill Fanling","觀塘 (鯉魚門道)","观塘 (鲤鱼门道)","Kwun Tong (Lei Yue Mun Road)","https://mobile.bravobus.com.hk/nwp3/?f=1&ds=78P&dsmode=1&l=0","https://mobile.bravobus.com.hk/nwp3/?f=1&ds=78P&dsmode=1&l=2","https://mobile.bravobus.com.hk/nwp3/?f=1&ds=78P&dsmode=1&l=1",19.6000,"01/02/25 00:00:00"
1000495,"CTB",,"95C","95C","95C",1,"NT",1,1.3000000000000000e+01,"鴨脷洲邨","鸭脷洲邨","Ap Lei Chau Estate","香港仔(洛陽街) (循環線)(以鴨脷洲工業區為終點)","香港仔(洛阳街) (循环线)(以鸭脷洲工业区为终点)","Aberdeen (Lok Yeung Street) (Circular) (terminate at Ap Lei Chau Industrial Area)","https://mobile.bravobus.com.hk/nwp3/?f=1&ds=95C&dsmode=1&l=0","https://mobile.bravobus.com.hk/nwp3/?f=1&ds=95C&dsmode=1&l=2","https://mobile.bravobus.com.hk/nwp3/?f=1&ds=95C&dsmode=1&l=1",4.2000,"01/02/25 00:00:00"
1000496,"CTB",,"95C","95C","95C",1,"NT",1,2.1000000000000000e+01,"鴨脷洲邨","鸭脷洲邨","Ap Lei Chau Estate","置富花園(循環線)(以鴨脷洲工業區為終點)","置富花园(循环线)(以鸭脷洲工业区为终点)","Chi Fu Fa Yuen (Circular) (terminate at Ap Lei Chau Industrial Area)","https://mobile.bravobus.com.hk/nwp3/?f=1&ds=95C&dsmode=1&l=0","https://mobile.bravobus.com.hk/nwp3/?f=1&ds=95C&dsmode=1&l=2","https://mobile.bravobus.com.hk/nwp3/?f=1&ds=95C&dsmode=1&l=1",4.2000,"04/05/24 00:00:00"
1000497,"CTB",,"95C","95C","95C",1,"T",1,2.2000000000000000e+01,"鴨脷洲(利南道工業區)","鸭脷洲(利南道工业区)","Ap Lei Chau (Lee Nam Road Industrial Area)","置富花園(循環線)(以鴨脷洲邨為終點)","置富花园(循环线)(以鸭脷洲邨为终点)","Chi Fu Fa Yuen (Circular) (terminate at Ap Lei Chau Estate)","https://mobile.bravobus.com.hk/nwp3/?f=1&ds=95C&dsmode=1&l=0","https://mobile.bravobus.com.hk/nwp3/?f=1&ds=95C&dsmode=1&l=2","https://mobile.bravobus.com.hk/nwp3/?f=1&ds=95C&dsmode=1&l=1",4.2000,"04/05/24 00:00:00"
1000498,"KMB",,"287","287","287",1,"R",0,2.2000000000000000e+01,"大學站","大学站","UNIVERSITY STATION","西沙 GO PARK(循環線)","西沙 GO PARK(循环线)","GO PARK Sai Sha (CIRCULAR)","https://search.kmb.hk/KMBWebSite/?action=routesearch&route=287&lang=zh-hk","https://search.kmb.hk/KMBWebSite/?action=routesearch&route=287&lang=zh-cn","https://search.kmb.hk/KMBWebSite/?action=routesearch&route=287&lang=en",9.3000,"01/17/25 00:00:00"
1000499,"CTB",,"581","581","581",1,"R",0,2.3000000000000000e+01,"西沙及十四鄉","西沙及十四乡","Sai Sha and Shap Sze Heung","馬鞍山市中心","马鞍山市中心","Ma On Shan Town Centre","https://mobile.bravobus.com.hk/nwp3/?f=1&ds=581&dsmode=1&l=0","https://mobile.bravobus.com.hk/nwp3/?f=1&ds=581&dsmode=1&l=2","https://mobile.bravobus.com.hk/nwp3/?f=1&ds=581&dsmode=1&l=1",5.1000,"12/20/24 00:00:00"
1000516,"LRTFeeder",,"K53","K53","K53",1,"T",1,2.4000000000000000e+01,"屯門站","屯门站","Tuen Mun Station","掃管笏(循環線)(經業旺邨)","扫管笏(循环线)(经业旺邨)","So Kwun Wat (Circular) (via Yip Wong Estate)","https://www.mtr.com.hk/ch/customer/services/bus_finder_search_box.html","https://www.mtr.com.hk/ch/customer/services/bus_finder_search_box.html","https://www.mtr.com.hk/en/customer/services/bus_finder_search_box.html",5.1000,"07/18/24 00:00:00"
1000519,"KMB",,"74","74","74",1,"T",1,6.4000000000000000e+01,"富蝶總站","富蝶总站","FU TIP BUS TERMINUS","油塘","油塘","YAU TONG","https://search.kmb.hk/KMBWebSite/?action=routesearch&route=74&lang=zh-hk","https://search.kmb.hk/KMBWebSite/?action=routesearch&route=74&lang=zh-cn","https://search.kmb.hk/KMBWebSite/?action=routesearch&route=74&lang=en",15.1000,"07/17/24 00:00:00"
1000522,"KMB",,"271A","271A","271A",1,"T",1,5.9000000000000000e+01,"富蝶總站","富蝶总站","FU TIP BUS TERMINUS","尖沙咀東(麼地道)","尖沙咀东(麽地道)","TSIM SHA TSUI EAST (MODY ROAD)","https://search.kmb.hk/KMBWebSite/?action=routesearch&route=271A&lang=zh-hk","https://search.kmb.hk/KMBWebSite/?action=routesearch&route=271A&lang=zh-cn","https://search.kmb.hk/KMBWebSite/?action=routesearch&route=271A&lang=en",12.1000,"07/17/24 00:00:00"
1000523,"CTB",,"NA21","NA21","NA21",1,"N",0,5.0000000000000000e+01,"港珠澳大橋香港口岸","港珠澳大桥香港口岸","Hong Kong-Zhuhai-Macao Bridge Hong Kong Port","大角咀 (海輝道) (循環線)","大角咀 (海辉道) (循环线)","Tai Kok Tsui (Hoi Fai Road) (Circular)","https://mobile.bravobus.com.hk/nwp3/?f=1&ds=NA21&dsmode=1&l=0","https://mobile.bravobus.com.hk/nwp3/?f=1&ds=NA21&dsmode=1&l=2","https://mobile.bravobus.com.hk/nwp3/?f=1&ds=NA21&dsmode=1&l=1",39.3000,"07/12/24 00:00:00"
1000524,"PI",,"NR332","NR332","NR332",1,"NT",1,2.5000000000000000e+01,"馬灣(東灣巴士總站)","马湾(东湾巴士总站)","Ma Wan (Tung Wan Bus Terminus)","葵芳(新都會廣場) (循環線)(特別班次)","葵芳(新都会广场) (循环线)(特别班次)","Kwai Fong (Metroplaza) (Circular) (Special Departure)","https://www.td.gov.hk/filemanager/tc/content_4796/TNTW/NR332c_20240401.pdf","https://www.td.gov.hk/filemanager/sc/content_4796/TNTW/NR332c_20240401.pdf","https://www.td.gov.hk/filemanager/en/content_4796/TNTW/NR332_20240401.pdf",14.5000,"07/18/24 00:00:00"
1000532,"KMB",,"37X","37X","37X",1,"T",1,5.2000000000000000e+01,"葵涌邨","葵涌邨","KWAI CHUNG ESTATE","油麻地","油麻地","YAU MA TEI","https://search.kmb.hk/KMBWebSite/?action=routesearch&route=37X&lang=zh-hk","https://search.kmb.hk/KMBWebSite/?action=routesearch&route=37X&lang=zh-cn","https://search.kmb.hk/KMBWebSite/?action=routesearch&route=37X&lang=en",9.3000,"08/19/24 00:00:00"
1000533,"KMB",,"85P","85P","85P",1,"T",1,6.6000000000000000e+01,"泥涌","泥涌","NAI CHUNG","紅磡(紅鸞道)","红磡(红鸾道)","HUNG HOM (HUNG LUEN ROAD)","https://search.kmb.hk/KMBWebSite/?action=routesearch&route=85P&lang=zh-hk","https://search.kmb.hk/KMBWebSite/?action=routesearch&route=85P&lang=zh-cn","https://search.kmb.hk/KMBWebSite/?action=routesearch&route=85P&lang=en",10.9000,"08/16/24 00:00:00"
1000534,"KMB",,"40X","40X","40X",1,"T",1,4.0000000000000000e+01,"烏溪沙站","乌溪沙站","WU KAI SHA STATION","葵芳(南)","葵芳(南)","KWAI FONG (SOUTH)","https://search.kmb.hk/KMBWebSite/?action=routesearch&route=40X&lang=zh-hk","https://search.kmb.hk/KMBWebSite/?action=routesearch&route=40X&lang=zh-cn","https://search.kmb.hk/KMBWebSite/?action=routesearch&route=40X&lang=en",10.4000,"08/16/24 00:00:00"
1000535,"CTB",,"987","987","987",1,"T",1,6.9000000000000000e+01,"西灣河","西湾河","Sai Wan Ho","火炭(駿洋邨)","火炭(骏洋邨)","Fo Tan (Chun Yeung Estate)","https://mobile.bravobus.com.hk/nwp3/?f=1&ds=987&dsmode=1&l=0","https://mobile.bravobus.com.hk/nwp3/?f=1&ds=987&dsmode=1&l=2","https://mobile.bravobus.com.hk/nwp3/?f=1&ds=987&dsmode=1&l=1",20.3000,"08/16/24 00:00:00"
1000536,"CTB",,"79","79","79",1,"T",1,5.8000000000000000e+01,"粉嶺皇后山","粉岭皇后山","Queen's Hill Fanling","大圍站","大围站","Tai Wai Station","https://mobile.bravobus.com.hk/nwp3/?f=1&ds=79&dsmode=1&l=0","https://mobile.bravobus.com.hk/nwp3/?f=1&ds=79&dsmode=1&l=2","https://mobile.bravobus.com.hk/nwp3/?f=1&ds=79&dsmode=1&l=1",14.6000,"01/24/25 00:00:00"
1000537,"KMB",,"272P","272P","272P",1,"T",1,6.6000000000000000e+01,"富蝶總站","富蝶总站","FU TIP BUS TERMINUS","葵興站","葵兴站","KWAI HING STATION","https://search.kmb.hk/KMBWebSite/?action=routesearch&route=272P&lang=zh-hk","https://search.kmb.hk/KMBWebSite/?action=routesearch&route=272P&lang=zh-cn","https://search.kmb.hk/KMBWebSite/?action=routesearch&route=272P&lang=en",12.5000,"08/22/24 00:00:00"
1000406,"CTB",,"20A","20A","20A",1,"T",1,6.3000000000000000e+01,"高鐵西九龍站","高铁西九龙站","High Speed Rail West Kowloon Station","啟德郵輪碼頭(經沐安街)","启德邮轮码头(经沐安街)","Kai Tak Cruise Terminal (via Muk On Street)","https://mobile.bravobus.com.hk/nwp3/?f=1&ds=20A&dsmode=1&l=0","https://mobile.bravobus.com.hk/nwp3/?f=1&ds=20A&dsmode=1&l=2","https://mobile.bravobus.com.hk/nwp3/?f=1&ds=20A&dsmode=1&l=1",7.5000,"01/10/25 00:00:00"
1000409,"KMB",,"79K","79K","79K",1,"T",1,2.6000000000000000e+01,"打鼓嶺(松園下)","打鼓岭(松园下)","TA KWU LING(TSUNG YUEN HA)","粉嶺站","粉岭站","FANLING STATION","https://search.kmb.hk/KMBWebSite/?action=routesearch&route=79K&lang=zh-hk","https://search.kmb.hk/KMBWebSite/?action=routesearch&route=79K&lang=zh-cn","https://search.kmb.hk/KMBWebSite/?action=routesearch&route=79K&lang=en",6.9000,"08/13/24 00:00:00"
1000410,"CTB",,"50M","50M","50M",1,"T",1,2.4000000000000000e+01,"和田邨","和田邨","Wo Tin Estate","屯門站(上課日加開班次)","屯门站(上课日加开班次)","Tuen Mun Station (School day additional departure)","https://mobile.bravobus.com.hk/nwp3/?f=1&ds=50M&dsmode=1&l=0","https://mobile.bravobus.com.hk/nwp3/?f=1&ds=50M&dsmode=1&l=2","https://mobile.bravobus.com.hk/nwp3/?f=1&ds=50M&dsmode=1&l=1",5.6000,"09/12/23 00:00:00"
1000412,"KMB",,"49","49","49",1,"T",1,7.5000000000000000e+01,"青富苑","青富苑","CHING FU COURT","將軍澳工業邨","将军澳工业邨","TSEUNG KWAN O INDUSTRIAL ESTATE","https://search.kmb.hk/KMBWebSite/?action=routesearch&route=49&lang=zh-hk","https://search.kmb.hk/KMBWebSite/?action=routesearch&route=49&lang=zh-cn","https://search.kmb.hk/KMBWebSite/?action=routesearch&route=49&lang=en",14.7000,"01/02/25 00:00:00"
1000413,"CTB",,"33X","33X","33X",1,"T",1,5.4000000000000000e+01,"西灣河","西湾河","Sai Wan Ho","數碼港","数码港","Cyberport","https://mobile.bravobus.com.hk/nwp3/?f=1&ds=33X&dsmode=1&l=0","https://mobile.bravobus.com.hk/nwp3/?f=1&ds=33X&dsmode=1&l=2","https://mobile.bravobus.com.hk/nwp3/?f=1&ds=33X&dsmode=1&l=1",14.5000,"09/21/23 00:00:00"
1000428,"KMB",,"W4","W4","W4",1,"T",1,8.0000000000000000e+00,"高鐵(西九龍站)","高铁(西九龙站)","HIGH SPEED RAIL (WEST KOWLOON STATION)","香港故宮文化博物館(循環線)","香港故宫文化博物馆(循环线)","HONG KONG PALACE MUSEUM (CIRCULAR)","https://search.kmb.hk/KMBWebSite/?action=routesearch&route=W4&lang=zh-hk","https://search.kmb.hk/KMBWebSite/?action=routesearch&route=W4&lang=zh-cn","https://search.kmb.hk/KMBWebSite/?action=routesearch&route=W4&lang=en",5.7000,"12/19/24 00:00:00"
1000436,"NLB",,"37A","37A","37A",1,"T",1,1.0000000000000000e+01,"裕雅苑","裕雅苑","Yu Nga Court","東涌站(以東涌站為終點站)","东涌站(以东涌站为终点站)","Tung Chung Station (to Tung Chung Station only)","http://www.nlb.com.hk/route?q=37A","http://www.nlb.com.hk/route?q=37A","http://www.nlb.com.hk/route?q=37A",3.9000,"10/27/23 00:00:00"
1000437,"CTB",,"H2K","H2K","H2K",1,"T",1,4.0000000000000000e+01,"中環(天星碼頭)","中环(天星码头)","Central (Star Ferry)","西九文化區(循環線)","西九文化区(循环线)","West Kowloon Cultural (Circular)","https://mobile.bravobus.com.hk/nwp3/?f=1&ds=H2K&dsmode=1&l=0","https://mobile.bravobus.com.hk/nwp3/?f=1&ds=H2K&dsmode=1&l=2","https://mobile.bravobus.com.hk/nwp3/?f=1&ds=H2K&dsmode=1&l=1",47.6000,"01/06/25 00:00:00"
1000439,"KMB",,"219X","219X","219X",1,"T",1,3.5000000000000000e+01,"高嶺道","高岭道","KO LING ROAD","尖沙咀 (循環線)","尖沙咀 (循环线)","TSIM SHA TSUI (CIRCULAR)","https://search.kmb.hk/KMBWebSite/?action=routesearch&route=219X&lang=zh-hk","https://search.kmb.hk/KMBWebSite/?action=routesearch&route=219X&lang=zh-cn","https://search.kmb.hk/KMBWebSite/?action=routesearch&route=219X&lang=en",8.6000,"11/10/23 00:00:00"
1000441,"KMB",,"16P","16P","16P",1,"T",1,4.3000000000000000e+01,"旺角(柏景灣)","旺角(柏景湾)","MONG KOK (PARK AVENUE)","觀塘碼頭","观塘码头","KWUN TONG FERRY","https://search.kmb.hk/KMBWebSite/?action=routesearch&route=16P&lang=zh-hk","https://search.kmb.hk/KMBWebSite/?action=routesearch&route=16P&lang=zh-cn","https://search.kmb.hk/KMBWebSite/?action=routesearch&route=16P&lang=en",8.6000,"08/23/24 00:00:00"
1000442,"NLB",,"X11R","X11R","X11R",1,"T",3,6.6000000000000000e+01,"東涌世茂喜來登酒店","东涌世茂喜来登酒店","Sheraton Hong Kong Tung Chung Hotel","大澳","大澳","Tai O","http://www.nlb.com.hk/route?q=X11R","http://www.nlb.com.hk/route?q=X11R","http://www.nlb.com.hk/route?q=X11R",43.9000,"01/24/25 00:00:00"
1000448,"LWB",,"A46","A46","A46",1,"R",0,7.4000000000000000e+01,"駿景園","骏景园","ROYAL ASCOT","機場(地面運輸中心)","机场(地面运输中心)","AIRPORT (GROUND TRANSPORTATION CENTRE)","https://search.kmb.hk/KMBWebSite/?action=routesearch&route=A46&lang=zh-hk","https://search.kmb.hk/KMBWebSite/?action=routesearch&route=A46&lang=zh-cn","https://search.kmb.hk/KMBWebSite/?action=routesearch&route=A46&lang=en",23.4000,"03/22/24 00:00:00"
1000449,"CTB",,"720","720","720",1,"T",1,3.3000000000000000e+01,"嘉亨灣","嘉亨湾","Grand Promenade","中環 (永和街)(經金鐘及以永和街為終點班次)","中环 (永和街)(经金钟及以永和街为终点班次)","Central (Wing Wo Street) (via Admiralty & terminate at Wing Wo Street)","https://mobile.bravobus.com.hk/nwp3/?f=1&ds=720&dsmode=1&l=0","https://mobile.bravobus.com.hk/nwp3/?f=1&ds=720&dsmode=1&l=2","https://mobile.bravobus.com.hk/nwp3/?f=1&ds=720&dsmode=1&l=1",8.7000,"01/02/25 00:00:00"
1000450,"KMB",,"46P","46P","46P",1,"T",1,3.0000000000000000e+01,"葵芳站","葵芳站","KWAI FONG STATION","美田","美田","MEI TIN","https://search.kmb.hk/KMBWebSite/?action=routesearch&route=46P&lang=zh-hk","https://search.kmb.hk/KMBWebSite/?action=routesearch&route=46P&lang=zh-cn","https://search.kmb.hk/KMBWebSite/?action=routesearch&route=46P&lang=en",9.3000,"12/01/23 00:00:00"
1000451,"NLB",,"39M","39M","39M",1,"NT",1,7.0000000000000000e+00,"滿東邨","满东邨","Mun Tung Estate","東涌站巴士總站","东涌站巴士总站","Tung Chung Station Bus Terminus","http://www.nlb.com.hk/route?q=39M","http://www.nlb.com.hk/route?q=39M","http://www.nlb.com.hk/route?q=39M",3.9000,"12/07/23 00:00:00"
1000452,"LWB",,"A33X","A33X","A33X",1,"T",1,5.0000000000000000e+01,"國泰城","国泰城","CATHAY PACIFIC CITY","屯門(富泰邨)","屯门(富泰邨)","TUEN MUN (FU TAI ESTATE)","https://search.kmb.hk/KMBWebSite/?action=routesearch&route=A33X&lang=zh-hk","https://search.kmb.hk/KMBWebSite/?action=routesearch&route=A33X&lang=zh-cn","https://search.kmb.hk/KMBWebSite/?action=routesearch&route=A33X&lang=en",15.7000,"12/08/23 00:00:00"
1000453,"KMB",,"73F","73F","73F",1,"T",1,4.5000000000000000e+01,"荃灣(如心廣場)","荃湾(如心广场)","TSUEN WAN (NINA TOWER)","香港教育大學","香港教育大学","EDUCATION UNIVERSITY OF HONG KONG","https://search.kmb.hk/KMBWebSite/?action=routesearch&route=73F&lang=zh-hk","https://search.kmb.hk/KMBWebSite/?action=routesearch&route=73F&lang=zh-cn","https://search.kmb.hk/KMBWebSite/?action=routesearch&route=73F&lang=en",16.9000,"12/14/23 00:00:00"
1000460,"CTB",,"A26","A26","A26",1,"T",1,1.2000000000000000e+02,"油塘","油塘","Yau Tong","機場(經航天城東路)","机场(经航天城东路)","Airport (via Sky City Road East)","https://mobile.bravobus.com.hk/nwp3/?f=1&ds=A26&dsmode=1&l=0","https://mobile.bravobus.com.hk/nwp3/?f=1&ds=A26&dsmode=1&l=2","https://mobile.bravobus.com.hk/nwp3/?f=1&ds=A26&dsmode=1&l=1",44.0000,"06/19/24 00:00:00"
1000461,"KMB",,"30X","30X","30X",1,"T",1,5.9000000000000000e+01,"黃埔花園","黄埔花园","WHAMPOA GARDEN","荃灣(荃威花園)(經祈德尊新邨)","荃湾(荃威花园)(经祈德尊新邨)","TSUEN WAN (ALLWAY GARDENS) (via CLAGUE GARDEN ESTATE)","https://search.kmb.hk/KMBWebSite/?action=routesearch&route=30X&lang=zh-hk","https://search.kmb.hk/KMBWebSite/?action=routesearch&route=30X&lang=zh-cn","https://search.kmb.hk/KMBWebSite/?action=routesearch&route=30X&lang=en",10.2000,"01/06/25 00:00:00"
1000463,"CTB",,"A26","A26","A26",1,"T",1,1.1700000000000000e+02,"油塘","油塘","Yau Tong","機場(經國泰城及航天城東路)","机场(经国泰城及航天城东路)","Airport (via Cathay Pacific City & Sky City Road East)","https://mobile.bravobus.com.hk/nwp3/?f=1&ds=A26&dsmode=1&l=0","https://mobile.bravobus.com.hk/nwp3/?f=1&ds=A26&dsmode=1&l=2","https://mobile.bravobus.com.hk/nwp3/?f=1&ds=A26&dsmode=1&l=1",44.0000,"12/18/23 00:00:00"
1000466,"KMB",,"78S","78S","78S",1,"T",1,3.3000000000000000e+01,"上水","上水","SHEUNG SHUI","沙頭角","沙头角","SHA TAU KOK","https://search.kmb.hk/KMBWebSite/?action=routesearch&route=78S&lang=zh-hk","https://search.kmb.hk/KMBWebSite/?action=routesearch&route=78S&lang=zh-cn","https://search.kmb.hk/KMBWebSite/?action=routesearch&route=78S&lang=en",10.8000,"12/13/24 00:00:00"
1000467,"KMB",,"27X","27X","27X",1,"T",1,2.9000000000000000e+01,"順天","顺天","SHUN TIN","奧運站","奥运站","OLYMPIC STATION","https://search.kmb.hk/KMBWebSite/?action=routesearch&route=27X&lang=zh-hk","https://search.kmb.hk/KMBWebSite/?action=routesearch&route=27X&lang=zh-cn","https://search.kmb.hk/KMBWebSite/?action=routesearch&route=27X&lang=en",6.7000,"12/28/23 00:00:00"
1000487,"KMB",,"72K","72K","72K",1,"R",0,1.8000000000000000e+01,"富蝶總站","富蝶总站","FU TIP BUS TERMINUS","太和(循環線)","太和(循环线)","TAI WO (CIRCULAR)","https://search.kmb.hk/KMBWebSite/?action=routesearch&route=72K&lang=zh-hk","https://search.kmb.hk/KMBWebSite/?action=routesearch&route=72K&lang=zh-cn","https://search.kmb.hk/KMBWebSite/?action=routesearch&route=72K&lang=en",4.5000,"01/22/25 00:00:00"
1000490,"KMB",,"40B","40B","40B",1,"T",1,5.6000000000000000e+01,"葵涌邨","葵涌邨","KWAI CHUNG ESTATE","平田","平田","PING TIN","https://search.kmb.hk/KMBWebSite/?action=routesearch&route=40B&lang=zh-hk","https://search.kmb.hk/KMBWebSite/?action=routesearch&route=40B&lang=zh-cn","https://search.kmb.hk/KMBWebSite/?action=routesearch&route=40B&lang=en",10.1000,"03/07/24 00:00:00"
1000492,"KMB",,"259X","259X","259X",1,"T",1,7.3000000000000000e+01,"臨華街遊樂場","临华街游乐场","LAM WAH STREET PLAYGROUND","屯門(龍門居)","屯门(龙门居)","TUEN MUN (LUNG MUN OASIS)","https://search.kmb.hk/KMBWebSite/?action=routesearch&route=259X&lang=zh-hk","https://search.kmb.hk/KMBWebSite/?action=routesearch&route=259X&lang=zh-cn","https://search.kmb.hk/KMBWebSite/?action=routesearch&route=259X&lang=en",20.8000,"04/05/24 00:00:00"
1000493,"CTB",,"95C","95C","95C",1,"T",1,2.2000000000000000e+01,"鴨脷洲(利南道工業區)","鸭脷洲(利南道工业区)","Ap Lei Chau (Lee Nam Road Industrial Area)","置富花園(循環線)","置富花园(循环线)","Chi Fu Fa Yuen (Circular)","https://mobile.bravobus.com.hk/nwp3/?f=1&ds=95C&dsmode=1&l=0","https://mobile.bravobus.com.hk/nwp3/?f=1&ds=95C&dsmode=1&l=2","https://mobile.bravobus.com.hk/nwp3/?f=1&ds=95C&dsmode=1&l=1",4.2000,"04/05/24 00:00:00"
1000494,"CTB",,"95C","95C","95C",1,"NT",1,1.3000000000000000e+01,"鴨脷洲邨","鸭脷洲邨","Ap Lei Chau Estate","香港仔(洛陽街)(循環線)","香港仔(洛阳街)(循环线)","Aberdeen (Lok Yeung Street) (Circular)","https://mobile.bravobus.com.hk/nwp3/?f=1&ds=95C&dsmode=1&l=0","https://mobile.bravobus.com.hk/nwp3/?f=1&ds=95C&dsmode=1&l=2","https://mobile.bravobus.com.hk/nwp3/?f=1&ds=95C&dsmode=1&l=1",4.2000,"01/02/25 00:00:00"
1000500,"CTB",,"582","582","582",1,"R",0,3.1000000000000000e+01,"白石角","白石角","Pak Shek Kok","西沙及十四鄉(循環線)","西沙及十四乡(循环线)","Sai Sha and Shap Sze Heung (Circular)","https://mobile.bravobus.com.hk/nwp3/?f=1&ds=582&dsmode=1&l=0","https://mobile.bravobus.com.hk/nwp3/?f=1&ds=582&dsmode=1&l=2","https://mobile.bravobus.com.hk/nwp3/?f=1&ds=582&dsmode=1&l=1",12.3000,"12/13/24 00:00:00"
1000505,"KMB",,"B9A","B9A","B9A",1,"T",1,4.2000000000000000e+01,"元朗(西)","元朗(西)","YUEN LONG (WEST)","香園圍口岸(蓮塘)","香园围口岸(莲塘)","HUENG YUEN WAI CONTROL POINT (LIANTANG)","https://search.kmb.hk/KMBWebSite/?action=routesearch&route=B9A&lang=zh-hk","https://search.kmb.hk/KMBWebSite/?action=routesearch&route=B9A&lang=zh-cn","https://search.kmb.hk/KMBWebSite/?action=routesearch&route=B9A&lang=en",17.2000,"01/02/25 00:00:00"
1000506,"KMB",,"286A","286A","286A",1,"T",1,4.6000000000000000e+01,"沙田圍","沙田围","SHA TIN WAI","長沙灣(循環線)","长沙湾(循环线)","CHEUNG SHA WAN (CIRCULAR)","https://search.kmb.hk/KMBWebSite/?action=routesearch&route=286A&lang=zh-hk","https://search.kmb.hk/KMBWebSite/?action=routesearch&route=286A&lang=zh-cn","https://search.kmb.hk/KMBWebSite/?action=routesearch&route=286A&lang=en",7.8000,"05/03/24 00:00:00"
1000512,"KMB",,"290X","290X","290X",1,"T",1,6.4000000000000000e+01,"調景嶺站","调景岭站","TIU KENG LENG STATION","荃灣西站","荃湾西站","TSUEN WAN WEST STATION","https://search.kmb.hk/KMBWebSite/?action=routesearch&route=290X&lang=zh-hk","https://search.kmb.hk/KMBWebSite/?action=routesearch&route=290X&lang=zh-cn","https://search.kmb.hk/KMBWebSite/?action=routesearch&route=290X&lang=en",12.1000,"06/17/24 00:00:00"
1000513,"CTB",,"962P","962P","962P",1,"T",1,7.3000000000000000e+01,"業旺邨","业旺邨","Yip Wong Estate","銅鑼灣(摩頓台)","铜锣湾(摩顿台)","Causeway Bay (Moreton Terrace)","https://mobile.bravobus.com.hk/nwp3/?f=1&ds=962P&dsmode=1&l=0","https://mobile.bravobus.com.hk/nwp3/?f=1&ds=962P&dsmode=1&l=2","https://mobile.bravobus.com.hk/nwp3/?f=1&ds=962P&dsmode=1&l=1",24.2000,"06/21/24 00:00:00"
1000525,"PI",,"NR334","NR334","NR334",1,"R",0,2.5000000000000000e+01,"馬灣(東灣巴士總站)","马湾(东湾巴士总站)","Ma Wan (Tung Wan Bus Terminus)","香港國際機場(循環線)(經港珠澳大橋口岸)","香港国际机场(循环线)(经港珠澳大桥口岸)","Hong Kong International Airport (Circular) (via HZMB)","https://www.td.gov.hk/filemanager/tc/content_4796/TNTW/NR334c_20240201.pdf","https://www.td.gov.hk/filemanager/sc/content_4796/TNTW/NR334c_20240201.pdf","https://www.td.gov.hk/filemanager/en/content_4796/TNTW/NR334_20240201.pdf",32.5000,"07/18/24 00:00:00"
1000526,"PI",,"NR332A","NR332A","NR332A",1,"T",1,2.0000000000000000e+01,"馬灣(東灣巴士總站)","马湾(东湾巴士总站)","Ma Wan (Tung Wan Bus Terminus)","葵芳(新都會廣場)","葵芳(新都会广场)","Kwai Fong (Metroplaza)","https://www.td.gov.hk/filemanager/tc/content_4796/TNTW/NR332Ac_20240401.pdf","https://www.td.gov.hk/filemanager/sc/content_4796/TNTW/NR332Ac_20240401.pdf","https://www.td.gov.hk/filemanager/en/content_4796/TNTW/NR332A_20240401.pdf",14.5000,"07/18/24 00:00:00"
1000527,"CTB",,"A12","A12","A12",1,"T",1,9.6000000000000000e+01,"機場","机场","Airport","小西灣(藍灣半島)(經西環)","小西湾(蓝湾半岛)(经西环)","Siu Sai Wan (Island Resort) (via West Point)","https://mobile.bravobus.com.hk/nwp3/?f=1&ds=A12&dsmode=1&l=0","https://mobile.bravobus.com.hk/nwp3/?f=1&ds=A12&dsmode=1&l=2","https://mobile.bravobus.com.hk/nwp3/?f=1&ds=A12&dsmode=1&l=1",47.1000,"01/02/25 00:00:00"
1000529,"KMB",,"269S","269S","269S",1,"T",1,9.4000000000000000e+01,"天水圍市中心","天水围市中心","TIN SHUI WAI TOWN CENTRE","觀塘碼頭(繞經天水圍北)","观塘码头(绕经天水围北)","KWUN TONG FERRY (via Tin Shui Wai North)","https://search.kmb.hk/KMBWebSite/?action=routesearch&route=269S&lang=zh-hk","https://search.kmb.hk/KMBWebSite/?action=routesearch&route=269S&lang=zh-cn","https://search.kmb.hk/KMBWebSite/?action=routesearch&route=269S&lang=en",20.8000,"08/02/24 00:00:00"
1000530,"KMB",,"92","92","92",1,"T",1,3.2000000000000000e+01,"西貢","西贡","SAI KUNG","鑽石山站(星期六，日及公眾假期特別班次)","钻石山站(星期六，日及公众假期特别班次)","DIAMOND HILL STATION (special departure on Sat, Sun & PH)","https://search.kmb.hk/KMBWebSite/?action=routesearch&route=92&lang=zh-hk","https://search.kmb.hk/KMBWebSite/?action=routesearch&route=92&lang=zh-cn","https://search.kmb.hk/KMBWebSite/?action=routesearch&route=92&lang=en",7.8000,"08/05/24 00:00:00"
1000538,"KMB+CTB",,"307P","307P","307P",1,"T",1,8.0000000000000000e+01,"富蝶總站","富蝶总站","Fu Tip Bus Terminus","銅鑼灣(天后)","铜锣湾(天后)","Causeway Bay (Tin Hau)","https://search.kmb.hk/KMBWebSite/?action=routesearch&route=307P&lang=zh-hk","https://search.kmb.hk/KMBWebSite/?action=routesearch&route=307P&lang=zh-cn","https://search.kmb.hk/KMBWebSite/?action=routesearch&route=307P&lang=en",27.3000,"08/23/24 00:00:00"
1000539,"KMB",,"273B","273B","273B",1,"T",1,6.0000000000000000e+00,"上水(清河)","上水(清河)","SHEUNG SHUI (CHING HO)","上水站(特別班次)","上水站(特别班次)","SHEUNG SHUI STATION (Special Departure)","https://search.kmb.hk/KMBWebSite/?action=routesearch&route=273B&lang=zh-hk","https://search.kmb.hk/KMBWebSite/?action=routesearch&route=273B&lang=zh-cn","https://search.kmb.hk/KMBWebSite/?action=routesearch&route=273B&lang=en",4.3000,"08/30/24 00:00:00"
1000540,"LRTFeeder",,"K53","K53","K53",1,"T",1,1.0000000000000000e+01,"屯門站","屯门站","Tuen Mun Station","業旺邨(循環線)","业旺邨(循环线)","Yip Wong Estate(Circular)","https://www.mtr.com.hk/ch/customer/services/bus_finder_search_box.html","https://www.mtr.com.hk/ch/customer/services/bus_finder_search_box.html","https://www.mtr.com.hk/en/customer/services/bus_finder_search_box.html",5.1000,"01/13/25 00:00:00"
1000542,"KMB",,"HK1","HK1","HK1",1,"T",1,3.0000000000000000e+01,"尖沙咀碼頭","尖沙咀码头","STAR FERRY","尖沙咀碼頭(循環線)","尖沙咀码头(循环线)","STAR FERRY(CIRCULAR)","https://search.kmb.hk/KMBWebSite/?action=routesearch&route=HK1&lang=zh-hk","https://search.kmb.hk/KMBWebSite/?action=routesearch&route=HK1&lang=zh-cn","https://search.kmb.hk/KMBWebSite/?action=routesearch&route=HK1&lang=en",20.0000,"09/30/24 00:00:00"
1000543,"KMB",,"96","96","96",1,"T",1,6.5000000000000000e+01,"將軍澳中心","将军澳中心","PARK CENTRAL","大埔工業邨","大埔工业邨","TAI PO INDUSTRIAL ESTATE","https://search.kmb.hk/KMBWebSite/?action=routesearch&route=96&lang=zh-hk","https://search.kmb.hk/KMBWebSite/?action=routesearch&route=96&lang=zh-cn","https://search.kmb.hk/KMBWebSite/?action=routesearch&route=96&lang=en",10.3000,"09/23/24 00:00:00"
1000545,"KMB",,"265P","265P","265P",1,"T",1,4.0000000000000000e+01,"天恩","天恩","TIN YAN","荃灣","荃湾","TSUEN WAN","https://search.kmb.hk/KMBWebSite/?action=routesearch&route=265P&lang=zh-hk","https://search.kmb.hk/KMBWebSite/?action=routesearch&route=265P&lang=zh-cn","https://search.kmb.hk/KMBWebSite/?action=routesearch&route=265P&lang=en",11.5000,"09/26/24 00:00:00"
1000546,"KMB",,"265S","265S","265S",1,"T",1,7.2000000000000000e+01,"大埔工業邨","大埔工业邨","TAI PO INDUSTRIAL ESTATE","天水圍市中心","天水围市中心","TIN SHUI WAI TOWN CENTRE","https://search.kmb.hk/KMBWebSite/?action=routesearch&route=265S&lang=zh-hk","https://search.kmb.hk/KMBWebSite/?action=routesearch&route=265S&lang=zh-cn","https://search.kmb.hk/KMBWebSite/?action=routesearch&route=265S&lang=en",17.2000,"09/26/24 00:00:00"
1000547,"CTB",,"85","85","85",1,"T",1,5.0000000000000000e+01,"寶馬山","宝马山","Braemar Hill","小西灣(藍灣半島)","小西湾(蓝湾半岛)","Siu Sai Wan (Island Resort)","https://mobile.bravobus.com.hk/nwp3/?f=1&ds=85&dsmode=1&l=0","https://mobile.bravobus.com.hk/nwp3/?f=1&ds=85&dsmode=1&l=2","https://mobile.bravobus.com.hk/nwp3/?f=1&ds=85&dsmode=1&l=1",5.2000,"09/26/24 00:00:00"
1000549,"CTB",,"N8","N8","N8",1,"NT",1,5.9000000000000000e+01,"杏花邨","杏花邨","Heng Fa Chuen","會展站","会展站","Exhibition Centre Station","https://mobile.bravobus.com.hk/nwp3/?f=1&ds=N8&dsmode=1&l=0","https://mobile.bravobus.com.hk/nwp3/?f=1&ds=N8&dsmode=1&l=2","https://mobile.bravobus.com.hk/nwp3/?f=1&ds=N8&dsmode=1&l=1",8.9000,"10/02/24 00:00:00"
1000550,"CTB",,"X9","X9","X9",1,"T",1,5.0000000000000000e+01,"石澳","石澳","Shek O","中環 (天星碼頭)","中环 (天星码头)","Central (Star Ferry)","https://mobile.bravobus.com.hk/nwp3/?f=1&ds=X9&dsmode=1&l=0","https://mobile.bravobus.com.hk/nwp3/?f=1&ds=X9&dsmode=1&l=2","https://mobile.bravobus.com.hk/nwp3/?f=1&ds=X9&dsmode=1&l=1",22.8000,"10/09/24 00:00:00"
1000551,"KMB",,"6E","6E","6E",1,"T",1,5.2000000000000000e+01,"長沙灣(蘇屋邨)","长沙湾(苏屋邨)","CHEUNG SHA WAN (SO UK ESTATE)","鯉魚門邨","鲤鱼门邨","LEI YUE MUN ESTATE","https://search.kmb.hk/KMBWebSite/?action=routesearch&route=6E&lang=zh-hk","https://search.kmb.hk/KMBWebSite/?action=routesearch&route=6E&lang=zh-cn","https://search.kmb.hk/KMBWebSite/?action=routesearch&route=6E&lang=en",7.4000,"10/04/24 00:00:00"
1000552,"CTB",,"15B","15B","15B",1,"T",1,5.5000000000000000e+01,"山頂","山顶","The Peak","灣仔 (會展新翼)","湾仔 (会展新翼)","Wan Chai (Convention Centre)","https://mobile.bravobus.com.hk/nwp3/?f=1&ds=15B&dsmode=1&l=0","https://mobile.bravobus.com.hk/nwp3/?f=1&ds=15B&dsmode=1&l=2","https://mobile.bravobus.com.hk/nwp3/?f=1&ds=15B&dsmode=1&l=1",16.2000,"10/07/24 00:00:00"
1000558,"DB",,"DB02R","DB02R","DB02R",1,"NT",1,3.0000000000000000e+01,"愉景灣","愉景湾","Discovery Bay","機場(循環線)(經東涌)","机场(循环线)(经东涌)","Airport (Circular) (via Tung Chung)","https://www.td.gov.hk/filemanager/tc/content_4796/SofS%20-%20RS%20DB02R%20-%20Website%20-%2020240804%20TC.pdf","https://www.td.gov.hk/filemanager/sc/content_4796/SofS%20-%20RS%20DB02R%20-%20Website%20-%2020240804%20TC.pdf","https://www.td.gov.hk/filemanager/en/content_4796/SofS%20-%20RS%20DB02R%20-%20Website%20-%2020240804%20EN.pdf",52.7000,"10/16/24 00:00:00"
1000559,"DB",,"DB02R","DB02R","DB02R",1,"T",1,3.5000000000000000e+01,"愉景灣","愉景湾","Discovery Bay","機場(循環線)(經海澄湖畔路)","机场(循环线)(经海澄湖畔路)","Airport (Circular) (via Siena Avenue)","https://www.td.gov.hk/filemanager/tc/content_4796/SofS%20-%20RS%20DB02R%20-%20Website%20-%2020240804%20TC.pdf","https://www.td.gov.hk/filemanager/sc/content_4796/SofS%20-%20RS%20DB02R%20-%20Website%20-%2020240804%20TC.pdf","https://www.td.gov.hk/filemanager/en/content_4796/SofS%20-%20RS%20DB02R%20-%20Website%20-%2020240804%20EN.pdf",52.7000,"10/16/24 00:00:00"
1000561,"DB",,"DB02RA","DB02RA","DB02RA",1,"T",1,4.0000000000000000e+01,"愉景灣北 (近社區會堂)","愉景湾北 (近社区会堂)","Discovery Bay North (near Community Hall)","機場(循環線)(經港珠澳大橋香港口岸)","机场(循环线)(经港珠澳大桥香港口岸)","Airport (Circular) (via Hong Kong-Zhuhai-Macao Bridge Hong Kong Port)","https://www.td.gov.hk/filemanager/tc/content_4796/SofS - RS DB02R - Website - 20240804 TC.pdf","https://www.td.gov.hk/filemanager/sc/content_4796/SofS - RS DB02R - Website - 20240804 TC.pdf","https://www.td.gov.hk/filemanager/en/content_4796/SofS - RS DB02R - Website - 20240804 EN.pdf",52.7000,"10/16/24 00:00:00"
1000562,"KMB+CTB",,"907D","907D","907D",1,"T",1,1.0600000000000000e+02,"大埔 (汀太路)","大埔 (汀太路)","Tai Po (Ting Tai Road)","小西灣運動場","小西湾运动场","Siu Sai Wan Sports Ground","https://search.kmb.hk/KMBWebSite/?action=routesearch&route=907D&lang=zh-hk","https://search.kmb.hk/KMBWebSite/?action=routesearch&route=907D&lang=zh-cn","https://search.kmb.hk/KMBWebSite/?action=routesearch&route=907D&lang=en",27.8000,"01/02/25 00:00:00"
1000570,"KMB",,"89P","89P","89P",1,"T",1,4.5000000000000000e+01,"馬鞍山市中心","马鞍山市中心","MA ON SHAN TOWN CENTRE","藍田站(不經亞公角)","蓝田站(不经亚公角)","LAM TIN STATION (omit A Kung Kok)","https://search.kmb.hk/KMBWebSite/?action=routesearch&route=89P&lang=zh-hk","https://search.kmb.hk/KMBWebSite/?action=routesearch&route=89P&lang=zh-cn","https://search.kmb.hk/KMBWebSite/?action=routesearch&route=89P&lang=en",10.2000,"12/06/24 00:00:00"
1000572,"LRTFeeder",,"K53","K53","K53",1,"T",1,3.0000000000000000e+01,"掃管笏","扫管笏","So Kwun Wat","屯門站(早上特別班次)","屯门站(早上特别班次)","Tuen Mun Station (special departure)","https://www.mtr.com.hk/ch/customer/services/bus_finder_search_box.html","https://www.mtr.com.hk/ch/customer/services/bus_finder_search_box.html","https://www.mtr.com.hk/en/customer/services/bus_finder_search_box.html",5.1000,"01/13/25 00:00:00"
1000573,"LRTFeeder",,"K54A","K54A","K54A",1,"T",1,1.0000000000000000e+01,"和田邨","和田邨","Wo Tin Estate","兆康站","兆康站","Siu Hong Station","https://www.mtr.com.hk/ch/customer/services/bus_finder_search_box.html","https://www.mtr.com.hk/ch/customer/services/bus_finder_search_box.html","https://www.mtr.com.hk/en/customer/services/bus_finder_search_box.html",5.1000,"01/13/25 00:00:00"
1000574,"LWB",,"E36C","E36C","E36C",1,"T",1,9.7000000000000000e+01,"元朗(德業街)","元朗(德业街)","YUEN LONG (TAK YIP STREET)","飛機維修區","飞机维修区","AIRCRAFT MAINTENANCE AREA","https://search.kmb.hk/KMBWebSite/?action=routesearch&route=E36C&lang=zh-hk","https://search.kmb.hk/KMBWebSite/?action=routesearch&route=E36C&lang=zh-cn","https://search.kmb.hk/KMBWebSite/?action=routesearch&route=E36C&lang=en",14.8000,"01/16/25 00:00:00"
1000575,"KMB",,"272A","272A","272A",1,"R",0,1.2000000000000000e+01,"大學站","大学站","UNIVERSITY STATION","博研路(循環線)(經科技大道西)","博研路(循环线)(经科技大道西)","POK YIN ROAD (CIRCULAR) (via Science Park West Avenue)","https://search.kmb.hk/KMBWebSite/?action=routesearch&route=272A&lang=zh-hk","https://search.kmb.hk/KMBWebSite/?action=routesearch&route=272A&lang=zh-cn","https://search.kmb.hk/KMBWebSite/?action=routesearch&route=272A&lang=en",5.1000,"01/17/25 00:00:00"
8517,"KMB",,"89D","89D","89D",1,"T",1,5.6000000000000000e+01,"藍田站","蓝田站","LAM TIN STATION","烏溪沙站(不經彩虹)","乌溪沙站(不经彩虹)","WU KAI SHA STATION (omit Choi Hung)","https://search.kmb.hk/KMBWebSite/?action=routesearch&route=89D&lang=zh-hk","https://search.kmb.hk/KMBWebSite/?action=routesearch&route=89D&lang=zh-cn","https://search.kmb.hk/KMBWebSite/?action=routesearch&route=89D&lang=en",10.2000,"01/02/25 00:00:00"
1000236,"CTB",,"973","973","973",1,"T",1,1.0300000000000000e+02,"尖沙咀東(麼地道)","尖沙咀东(麽地道)","Tsim Sha Tsui East (Mody Road)","赤柱(經西九文化區)","赤柱(经西九文化区)","Stanley (via West Kowloon Cultural District)","https://mobile.bravobus.com.hk/nwp3/?f=1&ds=973&dsmode=1&l=0","https://mobile.bravobus.com.hk/nwp3/?f=1&ds=973&dsmode=1&l=2","https://mobile.bravobus.com.hk/nwp3/?f=1&ds=973&dsmode=1&l=1",18.1000,"01/02/25 00:00:00"
1000281,"CTB",,"720","720","720",1,"T",1,3.0000000000000000e+01,"嘉亨灣","嘉亨湾","Grand Promenade","中環 (永和街)(以永和街為終點班次)","中环 (永和街)(以永和街为终点班次)","Central (Wing Wo Street) (departure terminate at Wing Wo Street)","https://mobile.bravobus.com.hk/nwp3/?f=1&ds=720&dsmode=1&l=0","https://mobile.bravobus.com.hk/nwp3/?f=1&ds=720&dsmode=1&l=2","https://mobile.bravobus.com.hk/nwp3/?f=1&ds=720&dsmode=1&l=1",8.7000,"01/02/25 00:00:00"
1000514,"KMB",,"961S","961S","961S",1,"T",1,6.9000000000000000e+01,"屯門(良景邨)","屯门(良景邨)","TUEN MUN (LEUNG KING ESTATE)","銅鑼灣(維園)(經業旺邨)","铜锣湾(维园)(经业旺邨)","CAUSEWAY BAY (VICTORIA PARK) (via Yip Wong Estate)","https://search.kmb.hk/KMBWebSite/?action=routesearch&route=961S&lang=zh-hk","https://search.kmb.hk/KMBWebSite/?action=routesearch&route=961S&lang=zh-cn","https://search.kmb.hk/KMBWebSite/?action=routesearch&route=961S&lang=en",24.0000,"06/28/24 00:00:00"
8157,"KMB",,"277X","277X","277X",1,"T",1,4.8000000000000000e+01,"粉嶺(聯和墟)","粉岭(联和墟)","FANLING (LUEN WO HUI)","藍田站(不經華明)","蓝田站(不经华明)","LAM TIN STATION (NOT VIA WA MING)","https://search.kmb.hk/KMBWebSite/?action=routesearch&route=277X&lang=zh-hk","https://search.kmb.hk/KMBWebSite/?action=routesearch&route=277X&lang=zh-cn","https://search.kmb.hk/KMBWebSite/?action=routesearch&route=277X&lang=en",16.9000,"06/10/23 00:00:00"
1000335,"KMB",,"203C","203C","203C",1,"T",1,4.0000000000000000e+01,"尖沙咀東(麼地道)","尖沙咀东(麽地道)","TSIM SHA TSUI EAST (MODY ROAD)","深水埗(大坑東)(不經牡丹路及海棠路)","深水埗(大坑东)(不经牡丹路及海棠路)","SHAM SHUI PO (TAI HANG TUNG) (omit Peony Road and Begonia Road)","https://search.kmb.hk/KMBWebSite/?action=routesearch&route=203C&lang=zh-hk","https://search.kmb.hk/KMBWebSite/?action=routesearch&route=203C&lang=zh-cn","https://search.kmb.hk/KMBWebSite/?action=routesearch&route=203C&lang=en",5.6000,"06/18/23 00:00:00"
1000554,"LWB",,"A47X","A47X","A47X",1,"T",1,1.0500000000000000e+02,"大埔(太和)","大埔(太和)","TAI PO (TAI WO)","機場(地面運輸中心)(經白石角)","机场(地面运输中心)(经白石角)","AIRPORT (GROUND TRANSPORTATION CENTRE) (via Pak Shek Kok)","https://search.kmb.hk/KMBWebSite/?action=routesearch&route=A47X&lang=zh-hk","https://search.kmb.hk/KMBWebSite/?action=routesearch&route=A47X&lang=zh-cn","https://search.kmb.hk/KMBWebSite/?action=routesearch&route=A47X&lang=en",29.0000,"10/10/24 00:00:00"
1316,"KMB",,"74K","74K","74K",1,"T",1,3.1000000000000000e+01,"大埔墟站","大埔墟站","TAI PO MARKET STATION","三門仔(循環線)(先經香港教育大學)","三门仔(循环线)(先经香港教育大学)","SAM MUN TSAI (CIRCULAR) (via The Education University of HK first)","https://search.kmb.hk/KMBWebSite/?action=routesearch&route=74K&lang=zh-hk","https://search.kmb.hk/KMBWebSite/?action=routesearch&route=74K&lang=zh-cn","https://search.kmb.hk/KMBWebSite/?action=routesearch&route=74K&lang=en",5.6000,"06/18/23 00:00:00"
1540,"CTB",,"38","38","38",1,"T",1,3.6000000000000000e+01,"置富花園","置富花园","Chi Fu Fa Yuen","北角碼頭(不經華富)","北角码头(不经华富)","North Point Ferry (omit Wai Fu)","https://mobile.bravobus.com.hk/nwp3/?f=1&ds=38&dsmode=1&l=0","https://mobile.bravobus.com.hk/nwp3/?f=1&ds=38&dsmode=1&l=2","https://mobile.bravobus.com.hk/nwp3/?f=1&ds=38&dsmode=1&l=1",9.4000,"08/02/23 00:00:00"
1817,"LWB",,"A43","A43","A43",1,"T",1,9.6000000000000000e+01,"粉嶺(聯和墟)","粉岭(联和墟)","FANLING (LUEN WO HUI)","機場(地面運輸中心)(經國泰城)","机场(地面运输中心)(经国泰城)","AIRPORT (GROUND TRANSPORTATION CENTRE) (via Cathay City)","https://search.kmb.hk/KMBWebSite/?action=routesearch&route=A43&lang=zh-hk","https://search.kmb.hk/KMBWebSite/?action=routesearch&route=A43&lang=zh-cn","https://search.kmb.hk/KMBWebSite/?action=routesearch&route=A43&lang=en",32.4000,"06/18/24 00:00:00"
8167,"KMB",,"273A","273A","273A",1,"T",1,3.0000000000000000e+01,"上水(彩園)","上水(彩园)","SHEUNG SHUI (CHOI YUEN)","華明(循環線)(經風采中學)","华明(循环线)(经风采中学)","WAH MING (CIRCULAR) (VIA ELEGANTIA COLLEGE)","https://search.kmb.hk/KMBWebSite/?action=routesearch&route=273A&lang=zh-hk","https://search.kmb.hk/KMBWebSite/?action=routesearch&route=273A&lang=zh-cn","https://search.kmb.hk/KMBWebSite/?action=routesearch&route=273A&lang=en",5.1000,"01/22/25 00:00:00"
8210,"KMB",,"299X","299X","299X",1,"T",1,3.8000000000000000e+01,"西貢","西贡","SAI KUNG","沙田市中心(經沙角尾)","沙田市中心(经沙角尾)","SHA TIN CENTRAL (VIA SHA KOK MEI)","https://search.kmb.hk/KMBWebSite/?action=routesearch&route=299X&lang=zh-hk","https://search.kmb.hk/KMBWebSite/?action=routesearch&route=299X&lang=zh-cn","https://search.kmb.hk/KMBWebSite/?action=routesearch&route=299X&lang=en",11.7000,"06/18/23 00:00:00"
8266,"CTB",,"930X","930X","930X",1,"R",0,8.0000000000000000e+01,"銅鑼灣 (摩頓台)","铜锣湾 (摩顿台)","Causeway Bay (Moreton Terrace)","荃灣 (愉景新城)(銅鑼灣方向途經如心廣場)","荃湾 (愉景新城)(铜锣湾方向途经如心广场)","Tsuen Wan (Discovery Park) (via Nina Tower on journey to Causeway Bay)","https://mobile.bravobus.com.hk/nwp3/?f=1&ds=930X&dsmode=1&l=0","https://mobile.bravobus.com.hk/nwp3/?f=1&ds=930X&dsmode=1&l=2","https://mobile.bravobus.com.hk/nwp3/?f=1&ds=930X&dsmode=1&l=1",20.8000,"01/02/25 00:00:00"
8396,"LWB",,"A47X","A47X","A47X",1,"T",1,1.0500000000000000e+02,"大埔(太和)","大埔(太和)","TAI PO (TAI WO)","機場(地面運輸中心)(經白石角及國泰城)","机场(地面运输中心)(经白石角及国泰城)","AIRPORT (GROUND TRANSPORTATION CENTRE) (via Pak Shek Kok & Cathay City)","https://search.kmb.hk/KMBWebSite/?action=routesearch&route=A47X&lang=zh-hk","https://search.kmb.hk/KMBWebSite/?action=routesearch&route=A47X&lang=zh-cn","https://search.kmb.hk/KMBWebSite/?action=routesearch&route=A47X&lang=en",29.0000,"10/10/24 00:00:00"
8486,"CTB",,"9","9","9",1,"T",1,3.4000000000000000e+01,"筲箕灣","筲箕湾","Shau Kei Wan","石澳(經鶴咀及大浪灣)","石澳(经鹤咀及大浪湾)","Shek O (via Cape D Aguilar and Big Wave Bay)","https://mobile.bravobus.com.hk/nwp3/?f=1&ds=9&dsmode=1&l=0","https://mobile.bravobus.com.hk/nwp3/?f=1&ds=9&dsmode=1&l=2","https://mobile.bravobus.com.hk/nwp3/?f=1&ds=9&dsmode=1&l=1",9.4000,"09/23/24 00:00:00"
8519,"KMB",,"89S","89S","89S",1,"T",1,4.2000000000000000e+01,"水泉澳","水泉澳","SHUI CHUEN O","烏溪沙站(不經圓洲角及耀沙路)","乌溪沙站(不经圆洲角及耀沙路)","WU KAI SHA STATION (omit Yuen Chau Kok and Yiu Sha Road)","https://search.kmb.hk/KMBWebSite/?action=routesearch&route=89S&lang=zh-hk","https://search.kmb.hk/KMBWebSite/?action=routesearch&route=89S&lang=zh-cn","https://search.kmb.hk/KMBWebSite/?action=routesearch&route=89S&lang=en",7.4000,"12/20/24 00:00:00"
8562,"NLB",,"11","11","11",1,"T",3,6.0000000000000000e+01,"東涌站巴士總站","东涌站巴士总站","Tung Chung Station Bus Terminus","大澳(經沙咀懲教所及塘福懲教所)","大澳(经沙咀惩教所及塘福惩教所)","Tai O (via Sha Tsui Correctional Institution and Tong Fuk Correctional Institution)","http://www.nlb.com.hk/route?q=11","http://www.nlb.com.hk/route?q=11","http://www.nlb.com.hk/route?q=11",23.3000,"07/26/24 00:00:00"
8598,"CTB",,"788","788","788",1,"NT",1,5.2000000000000000e+01,"小西灣(藍灣半島)","小西湾(蓝湾半岛)","Siu Sai Wan (Island Resort)","中環(港澳碼頭)(途經金鐘)","中环(港澳码头)(途经金钟)","Central (Macau Ferry) (via Admiralty)","https://mobile.bravobus.com.hk/nwp3/?f=1&ds=788&dsmode=1&l=0","https://mobile.bravobus.com.hk/nwp3/?f=1&ds=788&dsmode=1&l=2","https://mobile.bravobus.com.hk/nwp3/?f=1&ds=788&dsmode=1&l=1",8.7000,"01/02/25 00:00:00"
8666,"CTB",,"E23A","E23A","E23A",1,"R",0,1.1600000000000000e+02,"慈雲山(南)","慈云山(南)","Tsz Wan Shan (South)","機場(地面運輸中心)(經東涌北)","机场(地面运输中心)(经东涌北)","Airport (Ground Transportation Centre) (via Tung Chung North)","https://mobile.bravobus.com.hk/nwp3/?f=1&ds=E23A&dsmode=1&l=0","https://mobile.bravobus.com.hk/nwp3/?f=1&ds=E23A&dsmode=1&l=2","https://mobile.bravobus.com.hk/nwp3/?f=1&ds=E23A&dsmode=1&l=1",18.6000,"01/02/25 00:00:00"
8565,"NLB",,"11A","11A","11A",1,"T",3,3.8000000000000000e+01,"東涌站巴士總站","东涌站巴士总站","Tung Chung Station Bus Terminus","石壁(經塘福懲教所)","石壁(经塘福惩教所)","Shek Pik (via Tong Fuk Correctional Institution)","http://www.nlb.com.hk/route?q=11A","http://www.nlb.com.hk/route?q=11A","http://www.nlb.com.hk/route?q=11A",17.6000,"06/18/23 00:00:00"
8596,"CTB",,"788","788","788",1,"T",1,5.3000000000000000e+01,"小西灣(藍灣半島)","小西湾(蓝湾半岛)","Siu Sai Wan (Island Resort)","中環(港澳碼頭)(不經富景花園)","中环(港澳码头)(不经富景花园)","Central (Macau Ferry) (omit Fullview Garden)","https://mobile.bravobus.com.hk/nwp3/?f=1&ds=788&dsmode=1&l=0","https://mobile.bravobus.com.hk/nwp3/?f=1&ds=788&dsmode=1&l=2","https://mobile.bravobus.com.hk/nwp3/?f=1&ds=788&dsmode=1&l=1",8.7000,"01/02/25 00:00:00"
8654,"CTB",,"720P","720P","720P",1,"T",1,1.8000000000000000e+01,"太古城","太古城","Taikoo Shing","中環(永和街)(以永和街為終點班次)","中环(永和街)(以永和街为终点班次)","Central (Wing Wo Street) (departure terminate at Wing Wo Street)","https://mobile.bravobus.com.hk/nwp3/?f=1&ds=720P&dsmode=1&l=0","https://mobile.bravobus.com.hk/nwp3/?f=1&ds=720P&dsmode=1&l=2","https://mobile.bravobus.com.hk/nwp3/?f=1&ds=720P&dsmode=1&l=1",8.7000,"09/26/24 00:00:00"
1000553,"CTB",,"90","90","90",1,"R",0,3.3000000000000000e+01,"鴨脷洲邨","鸭脷洲邨","Ap Lei Chau Estate","中環(交易廣場)(經利東)","中环(交易广场)(经利东)","Central (Exchange Square) (via Lei Tung)","https://mobile.bravobus.com.hk/nwp3/?f=1&ds=90&dsmode=1&l=0","https://mobile.bravobus.com.hk/nwp3/?f=1&ds=90&dsmode=1&l=2","https://mobile.bravobus.com.hk/nwp3/?f=1&ds=90&dsmode=1&l=1",6.6000,"01/02/25 00:00:00"
1000555,"LWB",,"A47X","A47X","A47X",1,"T",1,9.6000000000000000e+01,"機場(地面運輸中心)","机场(地面运输中心)","AIRPORT (GROUND TRANSPORTATION CENTRE)","大埔(太和)(經白石角及國泰城)","大埔(太和)(经白石角及国泰城)","TAI PO (TAI WO) (via Pak Shek Kok & Cathay City)","https://search.kmb.hk/KMBWebSite/?action=routesearch&route=A47X&lang=zh-hk","https://search.kmb.hk/KMBWebSite/?action=routesearch&route=A47X&lang=zh-cn","https://search.kmb.hk/KMBWebSite/?action=routesearch&route=A47X&lang=en",29.0000,"12/13/24 00:00:00"
1000556,"DB",,"DB01RA","DB01RA","DB01RA",1,"R",0,2.5000000000000000e+01,"愉景灣北（近社區會堂）","愉景湾北（近社区会堂）","Discovery Bay North (Near Community Hall)","東涌","东涌","Tung Chung","https://www.td.gov.hk/filemanager/tc/content_4796/SofS%20-%20RS%20DB01R%20-%20Website%20-%2020240804%20TC.pdf","https://www.td.gov.hk/filemanager/sc/content_4796/SofS%20-%20RS%20DB01R%20-%20Website%20-%2020240804%20TC.pdf","https://www.td.gov.hk/filemanager/en/content_4796/SofS%20-%20RS%20DB01R%20-%20Website%20-%2020240804%20EN.pdf",15.7000,"10/17/24 00:00:00"
1000557,"DB",,"DB01RP","DB01RP","DB01RP",1,"T",1,2.5000000000000000e+01,"愉景灣","愉景湾","Discovery Bay","東涌","东涌","Tung Chung","https://www.td.gov.hk/filemanager/tc/content_4796/SofS%20-%20RS%20DB01R%20-%20Website%20-%2020240804%20TC.pdf","https://www.td.gov.hk/filemanager/sc/content_4796/SofS%20-%20RS%20DB01R%20-%20Website%20-%2020240804%20TC.pdf","https://www.td.gov.hk/filemanager/en/content_4796/SofS%20-%20RS%20DB01R%20-%20Website%20-%2020240804%20EN.pdf",15.7000,"10/17/24 00:00:00"
1000563,"KMB",,"268M","268M","268M",1,"R",0,2.7000000000000000e+01,"峻巒","峻峦","PARK YOHO","荃灣西站","荃湾西站","TSUEN WAN WEST STATION","https://search.kmb.hk/KMBWebSite/?action=routesearch&route=268M&lang=zh-hk","https://search.kmb.hk/KMBWebSite/?action=routesearch&route=268M&lang=zh-cn","https://search.kmb.hk/KMBWebSite/?action=routesearch&route=268M&lang=en",11.5000,"11/11/24 00:00:00"
1000564,"KMB",,"49A","49A","49A",1,"T",1,3.1000000000000000e+01,"青富苑","青富苑","CHING FU COURT","荃灣西站","荃湾西站","TSUEN WAN WEST STATION","https://search.kmb.hk/KMBWebSite/?action=routesearch&route=49A&lang=zh-hk","https://search.kmb.hk/KMBWebSite/?action=routesearch&route=49A&lang=zh-cn","https://search.kmb.hk/KMBWebSite/?action=routesearch&route=49A&lang=en",5.8000,"11/15/24 00:00:00"
1000566,"KMB",,"234A","234A","234A",1,"T",1,3.0000000000000000e+01,"青龍頭村","青龙头村","TSING LUNG TAU TSUEN","荃灣西站","荃湾西站","TSUEN WAN WEST STATION","https://search.kmb.hk/KMBWebSite/?action=routesearch&route=234A&lang=zh-hk","https://search.kmb.hk/KMBWebSite/?action=routesearch&route=234A&lang=zh-cn","https://search.kmb.hk/KMBWebSite/?action=routesearch&route=234A&lang=en",7.1000,"11/21/24 00:00:00"
1000567,"LWB",,"NA30","NA30","NA30",1,"NT",1,6.4000000000000000e+01,"梨木樹邨","梨木树邨","LEI MUK SHUE ESTATE","港珠澳大橋香港口岸","港珠澳大桥香港口岸","HZMB HONG KONG PORT","https://search.kmb.hk/KMBWebSite/?action=routesearch&route=NA30&lang=zh-hk","https://search.kmb.hk/KMBWebSite/?action=routesearch&route=NA30&lang=zh-cn","https://search.kmb.hk/KMBWebSite/?action=routesearch&route=NA30&lang=en",34.6000,"01/13/25 00:00:00"
1000568,"NLB",,"B6S","B6S","B6S",1,"T",1,1.9000000000000000e+01,"滿東邨","满东邨","Mun Tung Estate","大橋香港口岸","大桥香港口岸","HZMB Hong Kong Port","http://www.nlb.com.hk/route?q=B6S","http://www.nlb.com.hk/route?q=B6S","http://www.nlb.com.hk/route?q=B6S",9.8000,"11/21/24 00:00:00"
1000569,"KMB",,"40P","40P","40P",1,"T",1,3.8000000000000000e+01,"石蔭東邨","石荫东邨","SHEK YAM EAST ESTATE","觀塘碼頭","观塘码头","KWUN TONG FERRY","https://search.kmb.hk/KMBWebSite/?action=routesearch&route=40P&lang=zh-hk","https://search.kmb.hk/KMBWebSite/?action=routesearch&route=40P&lang=zh-cn","https://search.kmb.hk/KMBWebSite/?action=routesearch&route=40P&lang=en",10.0000,"12/02/24 00:00:00"
1000587,"KMB",,"270B","270B","270B",1,"T",1,6.0000000000000000e+01,"奧運站","奥运站","OLYMPIC STATION","上水(不經粉嶺)","上水(不经粉岭)","SHEUNG SHUI (omit Fanling)","https://search.kmb.hk/KMBWebSite/?action=routesearch&route=270B&lang=zh-hk","https://search.kmb.hk/KMBWebSite/?action=routesearch&route=270B&lang=zh-cn","https://search.kmb.hk/KMBWebSite/?action=routesearch&route=270B&lang=en",16.9000,"01/27/25 00:00:00"
1141,"KMB",,"273D","273D","273D",1,"T",1,2.0000000000000000e+01,"上水","上水","SHEUNG SHUI","華明(循環線)(經清河邨)","华明(循环线)(经清河邨)","WAH MING (CIRCULAR) (VIA CHING HO ESTATE)","https://search.kmb.hk/KMBWebSite/?action=routesearch&route=273D&lang=zh-hk","https://search.kmb.hk/KMBWebSite/?action=routesearch&route=273D&lang=zh-cn","https://search.kmb.hk/KMBWebSite/?action=routesearch&route=273D&lang=en",5.1000,"06/18/23 00:00:00"
1808,"CTB",,"A22","A22","A22",1,"T",1,8.9000000000000000e+01,"藍田站","蓝田站","Lam Tin Station","機場(地面運輸中心)(經國泰城)","机场(地面运输中心)(经国泰城)","Airport (Ground Transportation Centre) (via Cathay City)","https://mobile.bravobus.com.hk/nwp3/?f=1&ds=A22&dsmode=1&l=0","https://mobile.bravobus.com.hk/nwp3/?f=1&ds=A22&dsmode=1&l=2","https://mobile.bravobus.com.hk/nwp3/?f=1&ds=A22&dsmode=1&l=1",40.8000,"02/05/24 00:00:00"
8112,"CTB",,"14","14","14",1,"T",1,3.6000000000000000e+01,"嘉亨灣","嘉亨湾","Grand Promenade","赤柱監獄(經赤柱村)","赤柱监狱(经赤柱村)","Stanley Prison (via Stanley Village)","https://mobile.bravobus.com.hk/nwp3/?f=1&ds=14&dsmode=1&l=0","https://mobile.bravobus.com.hk/nwp3/?f=1&ds=14&dsmode=1&l=2","https://mobile.bravobus.com.hk/nwp3/?f=1&ds=14&dsmode=1&l=1",12.1000,"10/24/24 00:00:00"
8328,"KMB",,"40","40","40",1,"T",1,6.6000000000000000e+01,"荃灣(麗城花園)","荃湾(丽城花园)","TSUEN WAN (BELVEDERE GARDEN)","麗港城(經長沙灣)","丽港城(经长沙湾)","LAGUNA CITY (via Cheung Sha Wan)","https://search.kmb.hk/KMBWebSite/?action=routesearch&route=40&lang=zh-hk","https://search.kmb.hk/KMBWebSite/?action=routesearch&route=40&lang=zh-cn","https://search.kmb.hk/KMBWebSite/?action=routesearch&route=40&lang=en",10.1000,"01/19/24 00:00:00"
8683,"KMB",,"98A","98A","98A",1,"T",1,3.1000000000000000e+01,"牛頭角站","牛头角站","NGAU TAU KOK STATION","坑口(北) (將軍澳醫院)(夜間繁忙時間特別服務)","坑口(北) (将军澳医院)(夜间繁忙时间特别服务)","HANG HAU (NORTH) (TSEUNG KWAN O HOSPITAL) (Evening Peak Special Departures)","https://search.kmb.hk/KMBWebSite/?action=routesearch&route=98A&lang=zh-hk","https://search.kmb.hk/KMBWebSite/?action=routesearch&route=98A&lang=zh-cn","https://search.kmb.hk/KMBWebSite/?action=routesearch&route=98A&lang=en",7.1000,"06/18/23 00:00:00"
8724,"XB",,"觀塘 - 皇崗 (夜間)","观塘 - 皇岗 (夜间)","Kwun Tong - Huanggang (Night)",1,"NT",1,6.7000000000000000e+01,"觀塘","观塘","Kwun Tong","皇崗(不停靠小瀝源路遊樂場及停靠觀塘道休憩花園)","皇岗(不停靠小沥源路游乐场及停靠观塘道休憩花园)","Huanggang (omit Siu Lek Yuen Road Playground and stop outside Kwun Tong Road Rest Garden)","https://www.td.gov.hk/tc/transport_in_hong_kong/land_based_cross_boundary_transport/access_to_lok_ma_chau_control_point/kwun_tong_route/index.html","https://www.td.gov.hk/sc/transport_in_hong_kong/land_based_cross_boundary_transport/access_to_lok_ma_chau_control_point/kwun_tong_route/index.html","https://www.td.gov.hk/en/transport_in_hong_kong/land_based_cross_boundary_transport/access_to_lok_ma_chau_control_point/kwun_tong_route/index.html",52.0000,"09/29/21 00:00:00"
8752,"CTB",,"S52","S52","S52",1,"T",1,1.9000000000000000e+01,"東涌 (逸東邨)","东涌 (逸东邨)","Tung Chung (Yat Tung Estate)","飛機維修區(不經國泰城及貨運區)","飞机维修区(不经国泰城及货运区)","Aircraft Maintenance Area (omit Cathay City ,Cargo Area)","https://mobile.bravobus.com.hk/nwp3/?f=1&ds=S52&dsmode=1&l=0","https://mobile.bravobus.com.hk/nwp3/?f=1&ds=S52&dsmode=1&l=2","https://mobile.bravobus.com.hk/nwp3/?f=1&ds=S52&dsmode=1&l=1",4.2000,"06/18/23 00:00:00"
8729,"KMB",,"69C","69C","69C",1,"T",1,6.3000000000000000e+01,"天恩邨","天恩邨","TIN YAN ESTATE","觀塘碼頭(不經濕地公園路)","观塘码头(不经湿地公园路)","KWUN TONG FERRY (Omit Wetland Park Road)","https://search.kmb.hk/KMBWebSite/?action=routesearch&route=69C&lang=zh-hk","https://search.kmb.hk/KMBWebSite/?action=routesearch&route=69C&lang=zh-cn","https://search.kmb.hk/KMBWebSite/?action=routesearch&route=69C&lang=en",20.8000,"06/18/23 00:00:00"
8750,"CTB",,"969C","969C","969C",1,"T",1,9.3000000000000000e+01,"天水圍市中心","天水围市中心","Tin Shui Wai Town Centre","太古 (康怡廣場)(經天水圍北及天慈)","太古 (康怡广场)(经天水围北及天慈)","Taikoo (Kornhill Plaza) (via Tin Shui Wai North & Tin Tsz)","https://mobile.bravobus.com.hk/nwp3/?f=1&ds=969C&dsmode=1&l=0","https://mobile.bravobus.com.hk/nwp3/?f=1&ds=969C&dsmode=1&l=2","https://mobile.bravobus.com.hk/nwp3/?f=1&ds=969C&dsmode=1&l=1",28.2000,"06/10/23 00:00:00"
8760,"KMB",,"23M","23M","23M",1,"T",1,3.0000000000000000e+01,"樂華","乐华","LOK WAH","順利(循環線)(經九龍灣)","顺利(循环线)(经九龙湾)","SHUN LEE (CIRCULAR) (via Kowloon Bay)","https://search.kmb.hk/KMBWebSite/?action=routesearch&route=23M&lang=zh-hk","https://search.kmb.hk/KMBWebSite/?action=routesearch&route=23M&lang=zh-cn","https://search.kmb.hk/KMBWebSite/?action=routesearch&route=23M&lang=en",5.6000,"06/18/23 00:00:00"
1000091,"CTB",,"NR61","NR61","NR61",1,"T",1,2.8000000000000000e+01,"沙田第一城","沙田第一城","City One Shatin","藍田站(早上班次)","蓝田站(早上班次)","Lam Tin Station (Morning departures)","https://mobile.bravobus.com.hk/nwp3/?f=1&ds=61R&dsmode=1&l=0","https://mobile.bravobus.com.hk/nwp3/?f=1&ds=61R&dsmode=1&l=2","https://mobile.bravobus.com.hk/nwp3/?f=1&ds=61R&dsmode=1&l=1",9.9000,"10/10/23 00:00:00"
1000225,"KMB",,"24","24","24",1,"T",1,4.2000000000000000e+01,"啟業","启业","KAI YIP","旺角(循環線)(星期一至五下午繁忙時間服務)","旺角(循环线)(星期一至五下午繁忙时间服务)","MONG KOK (CIRCULAR) (PM Peak Monday to Friday Only)","https://search.kmb.hk/KMBWebSite/?action=routesearch&route=24&lang=zh-hk","https://search.kmb.hk/KMBWebSite/?action=routesearch&route=24&lang=zh-cn","https://search.kmb.hk/KMBWebSite/?action=routesearch&route=24&lang=en",5.8000,"06/14/24 00:00:00"
1000282,"CTB",,"N8","N8","N8",1,"NT",0,5.7000000000000000e+01,"會展站","会展站","Exhibition Centre Station","杏花邨(以杏花邨為終站班次)","杏花邨(以杏花邨为终站班次)","Heng Fa Chuen (departure terminate at Heng Fa Chuen)","https://mobile.bravobus.com.hk/nwp3/?f=1&ds=N8&dsmode=1&l=0","https://mobile.bravobus.com.hk/nwp3/?f=1&ds=N8&dsmode=1&l=2","https://mobile.bravobus.com.hk/nwp3/?f=1&ds=N8&dsmode=1&l=1",8.9000,"06/28/24 00:00:00"
1000343,"CTB",,"94A","94A","94A",1,"T",1,2.0000000000000000e+01,"華富(中)","华富(中)","Wah Fu (Central)","利東邨(利東街市為終站)","利东邨(利东街市为终站)","Lei Tung Estate (Terminate at Lei Tung Market)","https://mobile.bravobus.com.hk/nwp3/?f=1&ds=94A&dsmode=1&l=0","https://mobile.bravobus.com.hk/nwp3/?f=1&ds=94A&dsmode=1&l=2","https://mobile.bravobus.com.hk/nwp3/?f=1&ds=94A&dsmode=1&l=1",4.2000,"09/26/24 00:00:00"
1000326,"CTB",,"1","1","1",1,"T",1,2.8000000000000000e+01,"中環 (港澳碼頭)","中环 (港澳码头)","Central (Macau Ferry)","跑馬地(上)(不經遮打道)","跑马地(上)(不经遮打道)","Happy Valley (Upper) (omit Chater Road)","https://mobile.bravobus.com.hk/nwp3/?f=1&ds=1&dsmode=1&l=0","https://mobile.bravobus.com.hk/nwp3/?f=1&ds=1&dsmode=1&l=2","https://mobile.bravobus.com.hk/nwp3/?f=1&ds=1&dsmode=1&l=1",4.8000,"10/04/24 00:00:00"
1000355,"KMB+CTB",,"690S","690S","690S",1,"T",1,5.5000000000000000e+01,"坑口","坑口","Hang Hau","中環 (交易廣場)(經日出康城)","中环 (交易广场)(经日出康城)","Central (Exchange Square) (via LOHAS Park)","https://search.kmb.hk/KMBWebSite/?action=routesearch&route=690S&lang=zh-hk","https://search.kmb.hk/KMBWebSite/?action=routesearch&route=690S&lang=zh-cn","https://search.kmb.hk/KMBWebSite/?action=routesearch&route=690S&lang=en",17.8000,"09/27/24 00:00:00"
1000396,"CTB",,"789","789","789",1,"T",1,2.8000000000000000e+01,"小西灣(藍灣半島)","小西湾(蓝湾半岛)","Siu Sai Wan (Island Resort)","金鐘(樂禮街)(不停曉翠街)","金钟(乐礼街)(不停晓翠街)","Admiralty (Rodney Street) (omit Hiu Tsui Street)","https://mobile.bravobus.com.hk/nwp3/?f=1&ds=789&dsmode=1&l=0","https://mobile.bravobus.com.hk/nwp3/?f=1&ds=789&dsmode=1&l=2","https://mobile.bravobus.com.hk/nwp3/?f=1&ds=789&dsmode=1&l=1",8.7000,"08/14/23 00:00:00"
1000408,"KMB",,"78B","78B","78B",1,"T",1,2.5000000000000000e+01,"皇后山","皇后山","QUEEN'S HILL","上水(彩園)(不經粉嶺南)","上水(彩园)(不经粉岭南)","SHEUNG SHUI (CHOI YUEN) (omit Fanling South)","https://search.kmb.hk/KMBWebSite/?action=routesearch&route=78B&lang=zh-hk","https://search.kmb.hk/KMBWebSite/?action=routesearch&route=78B&lang=zh-cn","https://search.kmb.hk/KMBWebSite/?action=routesearch&route=78B&lang=en",6.7000,"09/30/24 00:00:00"
1000462,"CTB",,"A26","A26","A26",1,"T",1,1.1000000000000000e+02,"油塘","油塘","Yau Tong","機場(經國泰城)","机场(经国泰城)","Airport (via Cathay Pacific City)","https://mobile.bravobus.com.hk/nwp3/?f=1&ds=A26&dsmode=1&l=0","https://mobile.bravobus.com.hk/nwp3/?f=1&ds=A26&dsmode=1&l=2","https://mobile.bravobus.com.hk/nwp3/?f=1&ds=A26&dsmode=1&l=1",44.0000,"12/18/23 00:00:00"
